chain_id,epoch,timestamp,block_number,block_hash,transaction_hash,policy_log_index,token_log_index,policy_schema,exchange_rate,cpi_oracle_value,cpi_adjusted_target_rate,requested_supply_adjustment,total_supply,previous_total_supply,supply_change_percent
1,1,2019-06-14T20:01:28.000Z,7958765,0x6c2f6063fb33e5bdc6b20f11a82923e97169056ead720458940fb893d23a1901,0xef9dc0b2d249f25ed430019f3418fa805bb2f3c7577bb78e68da14fef913cdd1,15,14,legacy,1000000000000000000,109195000000000007392,1000000000000000000,0,50000000000000000,,
1,2,2019-06-30T20:04:13.000Z,8061262,0xd8e737ade4488fe480cb93c60b1cc47fbc39d3f9677e0f818612839f1b48f03b,0x4560e25a8bcf1f877a40c50f31ef7c7ae43677fed44f7d0b979dfdf82cd3558a,59,58,legacy,1797545426667171765,109490999999999985448,1002710746829067063,1321143181706287,51321143181706287,50000000000000000,2.642286363412574
1,3,2019-07-01T20:00:12.000Z,8067645,0xe01053cf2ba856873910cd7024fad396cad4c6562e8db46c8a45cad3eeabbd3c,0xc9199b9bea3cedeba11510a295f09762447bde918d8ee6b546fa6accabe54425,55,54,legacy,1929742392227563551,109490999999999985448,1002710746829067063,1581590169711537,52902733351417824,51321143181706287,3.08175163618589034
1,4,2019-07-02T20:01:03.000Z,8074108,0xfc0657ab774efdb72ac8cd8bfdd1bd09f7dfcde4261dcd8669ca8861366ca8c6,0xf255b1bb9cc74b739dc4c57bc33321d503d5817bf208bb4bada6fac3dff8aea2,34,33,legacy,1744853939785864127,109490999999999985448,1002710746829067063,1305175447978458,54207908799396282,52902733351417824,2.467122897617687157
1,5,2019-07-03T20:02:07.000Z,8080450,0xcf3e0dd87b555607223ec0c4bc718c601f2dafb7c774bc1b105d867c75c14297,0xa4aec87d22ec6882433397e115c3e50706dbf6e4f6dca904be5c1f0f1f3742f3,103,102,legacy,1472787160199901831,109490999999999985448,1002710746829067063,847099040453967,55055007839850249,54207908799396282,1.562685333589922975
1,6,2019-07-04T20:03:24.000Z,8086879,0x15a731ef8d4e974e86cc8151d1a761c1669f5fa2621b04493017fdc9f7aaddec,0x9afea8afee4421acf107b2fbac470db45771cf25cd36b820d05cdfb51c6a3e03,52,51,legacy,1491325329594521552,109490999999999985448,1002710746829067063,894265196282075,55949273036132324,55055007839850249,1.624312176802166492
1,7,2019-07-05T20:00:45.000Z,8093288,0x396d985703ee6d473f0fef29cb10d168a34ad184d0109992623860330a687739,0xce9025dc4d754afacdf4268ff4ea478fd292a57a83489c37cf68d20d1f0daa4b,50,49,legacy,1428488911915758829,109490999999999985448,1002710746829067063,791919267731411,56741192303863735,55949273036132324,1.415423694995975237
1,8,2019-07-06T20:02:08.000Z,8099777,0x3903dbcd30e0021768f2e69ad4b0f877b651e9ec4132e5e428b008d9f5eae2b1,0x5a01382240a226f485e59aedfbf42ee0d8fccec794c0e5f60a626e7821da2b5c,135,134,legacy,1343995617251820527,109490999999999985448,1002710746829067063,643751966832425,57384944270696160,56741192303863735,1.134540781915485675
1,9,2019-07-07T20:02:00.000Z,8106196,0xbbf45d8b50d615010c8760e696801f40ad28b86e3fef4105f3ac9fd89538a0c7,0x43298b23569034f93f1a9e6149134a1e0c56fe64e386b844fa1c7d4691277f89,145,144,legacy,1258564998737919715,109490999999999985448,1002710746829067063,488082996804429,57873027267500589,57384944270696160,0.850541902597386398
1,10,2019-07-08T20:00:55.000Z,8112648,0x0d35caa8ad21b62d515929e4818423c32471fcbfbfa6788d5c1d3be15f689bfa,0xe45f8414947c3a4475b234c4bd7ad39dfe5a9d79b370693606c13da1efcae448,13,12,legacy,1265147397230004196,109490999999999985448,1002710746829067063,504898129817094,58377925397317683,57873027267500589,0.872423914310469522
1,11,2019-07-09T20:00:46.000Z,8119083,0xa425632473f686f94f9c32ba3183a3a7b655e80d5b5dc052af0d40cf6a90566c,0x19f6ea429e02680cb50ef6ed789e3e3315b95987f866f9c71b499a7df51df90c,21,20,legacy,1275150969003186162,109490999999999985448,1002710746829067063,528716615288610,58906642012606293,58377925397317683,0.905679007416223088
1,12,2019-07-10T20:00:41.000Z,8125485,0x47ad4f19d86a48269a1867ed6ccaad29f9084db8e111220ef70724f01cd2617f,0x618de59ea2317a0a835d6576712b5e05babd4124c2e1ab1bc19dee85cb520587,65,64,legacy,1360272870833984269,109490999999999985448,1002710746829067063,700194750501176,59606836763107469,58906642012606293,1.188651613092002587
1,13,2019-07-11T20:00:33.000Z,8131935,0x5544d5120d430a8da9179535d65daf6a4ba6d9f2d34f94fde2bc43f8f3d24b14,0x3d65fed78180fa9d785ce818170d6152d610b1866ef863dcc9939d3d99fe430b,1,0,legacy,1470993208242954674,109490999999999985448,1002710746829067063,927912538579187,60534749301686656,59606836763107469,1.556721659743402154
1,14,2019-07-12T20:00:34.000Z,8138256,0x3dd323bf2a3d3ce5c7e1ea11be7ab573e93e932057fe4e6036f7ceebe0a81bc0,0xffb403226a837d42c7c66b8b13e534a77f059f12a7d860af6728638e7baf8037,17,16,legacy,1543442786250496491,109490999999999985448,1002710746829067063,1088152907814467,61622902209501123,60534749301686656,1.79756738132580029
1,15,2019-07-13T20:00:50.000Z,8144695,0x0612e7a1231c71baa6d4036247fc4c579835cc99077a4058de1e1684df352b2f,0x3502f0280579716a17bd517247a01364195598d69bd097d5b1a712f8416d927f,5,4,legacy,1494787352235952232,109490999999999985448,1002710746829067063,1008040408810636,62630942618311759,61622902209501123,1.635821054619551218
1,16,2019-07-14T20:01:24.000Z,8151183,0x8ebff7ef80210a8d31c621f4542f9c9837d03c13e87e8332746737248d70a626,0x826fc3adee7c059572a64df580b3ad2ac1d2d26496ccec597fb40ff3a8c0bb56,16,15,legacy,1522264287670192987,109490999999999985448,1002710746829067063,1081738613934439,63712681232246198,62630942618311759,1.727163233877570654
1,17,2019-07-15T20:00:51.000Z,8157556,0x7b42871383c3fc743e6d684c63af58e57c1fd77199705af34b405e97daa246c2,0xb36d3340e83bcb0901c87abeadeb713f67ba392d9caaffa3400ae949088061bf,8,7,legacy,1558385851360199546,109490999999999985448,1002710746829067063,1176928006261889,64889609238508087,63712681232246198,1.847242940493647572
1,18,2019-07-16T20:01:14.000Z,8163862,0xfd9143c64f41c2681f89175e10ad6822968d2ca395ddab41b4af9b5e74ac1266,0x8958001750490b43ae945438d920c009e7abaf285d4e995e39682c2d67369907,2,1,legacy,1472379679821707712,109490999999999985448,1002710746829067063,1013141414568378,65902750653076465,64889609238508087,1.561330737629314311
1,19,2019-07-17T20:00:48.000Z,8170247,0x61cfbd667110f8196e49beb2b7fefa58baaa4f39f21a158ef27eaff4f9f340f2,0xe27ee241a3a96800bc597f93200106c599fbd8c899efbbbe0026a10846f3e1a5,105,104,legacy,1430297896847056212,109490999999999985448,1002710746829067063,936766308037415,66839516961113880,65902750653076465,1.421437343288925342
1,20,2019-07-18T20:00:31.000Z,8176714,0xca02c7957c0f06e690a47d01ab7649b9d9ef898f20ccebfc65f32628f27a0d43,0x14f82cc5b5280025d041e360cf6fb10d9a0c769d5b49861d54f4d651c773a742,78,77,legacy,1491658082750042168,109490999999999985448,1002710746829067063,1086421777358045,67925938738471925,66839516961113880,1.625418355417061335
1,21,2019-07-19T20:01:02.000Z,8183132,0xd34a790958d612ba546314e8ae245c8b3c828c3b75fc409128e1b1a691a12156,0xb341bb9b3318b18155b636b3769a8f996c38c7527bfca6df1025177cece3da17,122,121,legacy,1408090877816554174,109490999999999985448,1002710746829067063,915379502690680,68841318241162605,67925938738471925,1.347614062744232533
1,22,2019-07-20T20:00:34.000Z,8189608,0xc9b48e6726a5ffcea55e4c7965d8b6c4f2d733dc648f7ac31a9eaa83bf31ae2f,0x9bf5c3edce110226f5bfa179a074881528d5778e8b5f752b8878a5d17042c152,29,28,legacy,1291738284536442207,109490999999999985448,1002710746829067063,661441556191375,69502759797353980,68841318241162605,0.960820584338950409
1,23,2019-07-21T20:00:33.000Z,8196039,0x135e6b369ee2cb204cc43a6ae21f36704429b1e569c17e94d3ee1c3ea245950a,0xcf5fa1819005e1be6c55a0d29c84b27b9380aa5e49566128a6d8299e99416ae7,1,0,legacy,1284231836445173743,109490999999999985448,1002710746829067063,650453208343946,70153213005697926,69502759797353980,0.935866734271333526
1,24,2019-07-22T20:01:20.000Z,8202496,0xe506a3d12291e1f85051c93161b0fafb71d72d5393749cb3ebd8392ebe8f36f2,0x24ae0af9bb9dd6aaf10bc7bb001cde403b566f422e454e6fe7abe9b9ecb5e6c5,51,50,legacy,1254377483157018148,109490999999999985448,1002710746829067063,586916689447273,70740129695145199,70153213005697926,0.836621252685323108
1,25,2019-07-23T20:00:52.000Z,8208947,0x5fd5f015b4cac10cc896ab81d1aa97399e6e98320bc804a523aa53d4e5b01621,0xd8685a7de0cdcd23074b4e14fa5ba8319a88b3c21f427ebb33fd3e52a8ea16b0,14,13,legacy,1227292772057467069,109490999999999985448,1002710746829067063,528133749508376,71268263444653575,70740129695145199,0.746582953387801205
1,26,2019-07-24T20:00:41.000Z,8215403,0x784c802eed42e4b6d473d87fd9749ae5699726d6e239f992eeb8024ccb95e93c,0xe0d8ecc506cebaffb6075e4d6ceaf1f8a55806c5fb4b4740f4bfd4a103a20a4a,38,37,legacy,1202190098012095843,109490999999999985448,1002710746829067063,472603789173115,71740867233826690,71268263444653575,0.663133583351775831
1,27,2019-07-25T20:00:34.000Z,8221775,0x81d6c81ad0b327b733cbdb3cd9dbc8d982a9ce613fac2b4a2d8c13876cbea21e,0x0637a8f7229df7386fcf63265cdb6457c669e180b5b987237733efb3f4380ad7,4,3,legacy,1197528654599661587,109490999999999985448,1002710746829067063,464620719396248,72205487953222938,71740867233826690,0.647637444752234176
1,28,2019-07-26T20:00:41.000Z,8228221,0xfe8f4e8c1b0c7376aac2c3ddb16edaa992fe19c194d9a4fd6ebc5945d2a1b13d,0x43d1ad2bf15cb764836575129242947ddb53e31e1fd3a5bb9c91b17f055e301e,34,33,legacy,1147682523244298647,109490999999999985448,1002710746829067063,347981970826254,72553469924049192,72205487953222938,0.481932856754168092
1,29,2019-07-27T20:00:50.000Z,8234729,0xdbe9e6365c4207b202b259301d5d36a30d8d63162851b7e196d14a7dbb71ce68,0x26376f8f93947c12f54af4a3646e3b63dcedc749bc1ce54e8d3b8bd19cd6d51e,109,108,legacy,1114888525781259422,109490999999999985448,1002710746829067063,270562809766512,72824032733815704,72553469924049192,0.37291505154714722
1,30,2019-07-28T20:01:10.000Z,8241088,0x85ee47499abedc0f56f9b8d2d6fb826ea143195745d268cbd0a4389b38f14094,0x33fe66ac55c919e460d4f44ca180e4701b604ff0bd13490364a01323b95a68fb,90,89,legacy,1067489749556993730,109490999999999985448,1002710746829067063,156823830802013,72980856564617717,72824032733815704,0.215346259901907555
1,31,2019-07-29T20:00:14.000Z,8247514,0x106551b43a4f2c9b7eae4a682c04dee3cb2c00213acd9176d152b523750625b1,0x469283eed7dcc66eb691a6f2ff4d7402d6882a8235159d89763b1b02b5eceb73,151,150,legacy,966960955081021489,109490999999999985448,1002710746829067063,0,72980856564617717,72980856564617717,0
1,32,2019-07-30T20:00:28.000Z,8254020,0xcde57272b0565f43b627576ca5acecf425815d59cd3d496a2508b844b72bd22e,0xbc3680dae6970fa2050899d65d675ac59711a1ff93e5563d399e3e8c3da4d004,91,90,legacy,968529597944126822,109490999999999985448,1002710746829067063,0,72980856564617717,72980856564617717,0
1,33,2019-07-31T20:00:53.000Z,8260428,0x12f6a99337595989c4924985cec1dda7c8b8ee5c897ef3424a6a2a943b4231f5,0x0453b8f43abcf743779b0c6d3d76194bec1d4d41bd346c18ffc0a934b79bd361,18,17,legacy,874090923168450529,109509666666666660720,1002881694827296609,-312408428689730,72668448135927987,72980856564617717,-0.428069007950217163
1,34,2019-08-01T20:00:32.000Z,8266791,0xc9a2034529f1007493275265e7a944dfe855758d840896386f0caaa9da558628,0x8a75fd26af13079711a7b7ebbc14fb999679c5c8578ae1a864dfe83d991fa7d0,1,0,legacy,766737640440111246,109509666666666660720,1002881694827296609,-570363784593690,72098084351334297,72668448135927987,-0.784885048772214803
1,35,2019-08-02T20:00:37.000Z,8273250,0x8f1c1e0e7ec7a98149905be55e884f3faec10d3f66755eb420dd35a05374caa1,0x445f1ac39e02d59776f805a3d828bb24125b0e847e5dd09b7237180eaa526b4f,3,2,legacy,823446803014840526,109509666666666660720,1002881694827296609,-429991295157861,71668093056176436,72098084351334297,-0.596397669960981818
1,36,2019-08-03T20:00:43.000Z,8279747,0xc43ecb45aab8f168c3b83f544d72e56ab14633e5d681efac156402976222354b,0xc04f62b1ba9687942d5f208b59e833acb4cdf3eb32e1b112f3da2cbb275e036c,74,73,legacy,845009000268348897,109509666666666660720,1002881694827296609,-376064130097565,71292028926078871,71668093056176436,-0.524730202885111333
1,37,2019-08-04T20:00:23.000Z,8286215,0xb03af6198398413b0d7870ea6fe5e2f0c2f576805243ca185af9f1257eb2c8fb,0x0c41e2def658f870605654af5ba81fd97851fbcc3f2163f92d5ca01f3005b1de,66,65,legacy,874071144451772627,109509666666666660720,1002881694827296609,-305225948076138,70986802978002733,71292028926078871,-0.428134747564303491
1,38,2019-08-05T20:01:00.000Z,8292675,0x013d7dbaf3ee084e83332b9d53ae8856579cb4ba99eb35c1214b3b54f2b6e09e,0x5b07b59ad369d056755f585fffae0047bdffb966200d9306e6d0ad6627ff821f,97,96,legacy,957546859747153088,109509666666666660720,1002881694827296609,0,70986802978002733,70986802978002733,0
1,39,2019-08-06T20:00:21.000Z,8299099,0x7d20fb7ea6ba2b748686c52cd0c8ee511eebb8aab977f7d9e3f4f15e77698644,0x60e08c041614fd3f98d95973c2350b81463e7a8f03ba24dc38c379be7f2204c7,79,78,legacy,969774187942896037,109509666666666660720,1002881694827296609,0,70986802978002733,70986802978002733,0
1,40,2019-08-07T20:00:33.000Z,8305547,0xfde3ddd4bae400498232a276c510fbc9df1d9d897ed69bbf0905a2e78001a81e,0x30edde95739fc95e9eb8dd5a8d8cfbc9bf08545c41bd473c19ac3e002b60ab33,56,55,legacy,937361670449544672,109509666666666660720,1002881694827296609,-154589754890226,70832213223112507,70986802978002733,-0.217772527293742196
1,41,2019-08-08T20:00:38.000Z,8311991,0x2ce3e5f4224bb336e9d3a3ffb9a5e45bee6e543411205b48cf9cec03dda0cdf4,0x8e53a4d1b892e5f6c0f51a2d2a5a2c54a17f20786ad0b9398646272c3b512165,26,25,legacy,873064657728612396,109509666666666660720,1002881694827296609,-305626878331187,70526586344781320,70832213223112507,-0.431480063129611683
1,42,2019-08-09T20:00:40.000Z,8318391,0xa7dc5f25c12a69b12316ad4ef62e71fd672e6c7af6b8c404fe1e5d7dcf2c35d8,0x442222d9763ed51a23ccd846ec85fe2336895cfbbc01fa8e45f846c9fd06dabc,110,109,legacy,816084198361493964,109509666666666660720,1002881694827296609,-437877828509410,70088708516271910,70526586344781320,-0.620869166088330283
1,43,2019-08-10T20:00:47.000Z,8324868,0x39a83119fff642947f3cb54cdf1aabdc3ae2174892447ddfd8c98a991deeb95c,0xd5d6b7c04210f0c50dbdf8af294ea1f05577231f9d3c66bebe0e3134ae9b0860,100,99,legacy,812087231596243173,109509666666666660720,1002881694827296609,-444470422546456,69644238093725454,70088708516271910,-0.634154105497987617
1,44,2019-08-11T20:00:32.000Z,8331279,0xc14e306ecd22230e19fb6e008510a8412c13c6d190fb9a4d92f0cd4d0a909813,0xdfa22ea22f05b255012331ae71131c663600e1dc8f53078fcda4062f6b56d158,49,48,legacy,807750590129057508,109509666666666660720,1002881694827296609,-451690270321003,69192547823404451,69644238093725454,-0.648568040493356621
1,45,2019-08-12T20:00:24.000Z,8337768,0xa9e0baabd7a59f2fe1e8157fe67507b609007a2cbef6473f251d90dedc130972,0x2c289eec61c12de36ae3802727aece53d681cc9c7d06b29c36c91a4720f07613,56,55,legacy,802086523696327516,109509666666666660720,1002881694827296609,-461786920393131,68730760903011320,69192547823404451,-0.667394011233289339
1,46,2019-08-13T20:00:26.000Z,8344185,0xf760d5ee6dabf5f83527d244b78aaad9b35b8720e2f3ed7ef01df42d0d337dec,0x374743ebc05ddcbc1d1b6eb2b2170a52d815e7730dfb961471cff8152ea30599,100,99,legacy,776916623395473454,109509666666666660720,1002881694827296609,-516204167022479,68214556735988841,68730760903011320,-0.751052600379202848
1,47,2019-08-14T20:00:19.000Z,8350673,0x4d3b49504ee5a3648c687bd2ad088311a32f9cf9f5b4db55011d6cf00cff8025,0x871fe07934c795f03180a029d8b2cfcf77c7a33faa1953459b9fed89f8847b57,98,97,legacy,726641133789446466,109509666666666660720,1002881694827296609,-626316062366087,67588240673622754,68214556735988841,-0.918156024659254713
1,48,2019-08-15T20:00:45.000Z,8357089,0x97ee6752130bf36093f568d9d57fab519fd9a490a995af59cb1ba9ef965f7d27,0x0579f7cf5d1a2ba7d38ca3c8b9628e0c8c2f4798b483bbf61f453384baf7b6c3,78,77,legacy,699188681670672645,109509666666666660720,1002881694827296609,-682236551263484,66906004122359270,67588240673622754,-1.009401257473086221
1,49,2019-08-16T20:00:39.000Z,8363539,0xcbf113af01f0bb38e20ab38b0c033e5c8d1f3bb32739408c05e144cbfaaf5d54,0x78285fe7a51adf56d9be3763f6527b468b1026b7407db5ee1e9655a61ed5cf46,65,64,legacy,702237445041071538,109509666666666660720,1002881694827296609,-668570231806677,66237433890552593,66906004122359270,-0.99926791410824666
1,50,2019-08-17T20:00:36.000Z,8370022,0x35088d91be9782a82624ac4961007b9d7e4c248956b53b7bfa709505cb959630,0xded22ccfa3f03a7e7baae7e244dc65b191fcad9c07996720b0bf6fc628ecfbfc,55,54,legacy,696330855194732884,109509666666666660720,1002881694827296609,-674893196242587,65562540694310006,66237433890552593,-1.018899973325878838
1,51,2019-08-18T20:00:37.000Z,8376433,0xd08fe913b2ee754c007362dd0b7ef8e4480932755029fd912d59e81b5332a8c7,0xe2174cb3db8ca0ec8051baec5a10a9979ff046d3747b423da632c55a8d08935d,100,99,legacy,691635772472996123,109509666666666660720,1002881694827296609,-678247944749054,64884292749560952,65562540694310006,-1.034505279335395384
1,52,2019-08-19T20:00:39.000Z,8382838,0x44fb08f6c3e9a8d2ce2ca944562f1d26d16b9bad40f0c24981904499f000af3c,0x2ff96cbd4ce0f480cd4593f1083a72313013e1cfa574644b4ef18e1f825166ce,81,80,legacy,685797935182365682,109509666666666660720,1002881694827296609,-683821285303782,64200471464257170,64884292749560952,-1.053908821882641489
1,53,2019-08-20T20:01:19.000Z,8389248,0x96e27df7e68f19cf0c3ac530cdd397599eb576ab18fed84c5608237357aafad1,0xa89dc9facf250061881825c31c6cdff05670bd0d53035219bbc3b953a8fcbd39,53,52,legacy,691896915219876450,109509666666666660720,1002881694827296609,-663600022880155,63536871441377015,64200471464257170,-1.033637304750333842
1,54,2019-08-21T20:00:28.000Z,8395701,0x4b69738e791a30f4bf02407deb7994575a2ef7151ec08c4ba3f106e51a21ee2a,0x5b4a79eda1a6b8256c9339e9cd7766f93fd5828831613551892321697136ee3f,67,66,legacy,681787691021271055,109509666666666660720,1002881694827296609,-678089567481626,62858781873895389,63536871441377015,-1.067237892106904743
1,55,2019-08-22T20:00:47.000Z,8402112,0xda9be3654bb6bcd35ef9c9a36c818f65846cf4e4b021a43aa59cdc64b9b81816,0xcddf9c98830d2a506f26973f10f66ef1c833c8a851f638bf81d27e90877ac726,131,130,legacy,664522176124432052,109509666666666660720,1002881694827296609,-706925096974748,62151856776920641,62858781873895389,-1.12462423849216649
1,56,2019-08-23T20:01:18.000Z,8408562,0xb586ba5ab8045d0684e36002a60c7839bb8f29e57943cdc04de41b8e41761d99,0xf57f4e0a121dc61aa7a4beb652a37b9626681fadca8d45dae14ef05018c9c3f6,4,3,legacy,621437179718456560,109509666666666660720,1002881694827296609,-787978781334693,61363877995585948,62151856776920641,-1.267828222997353197
1,57,2019-08-24T20:00:42.000Z,8414958,0x10c0aec65d0230b41fc1c9d958d70172f4e45adf070d4a306438c20e37ad3895,0x5b4faf0556b93a62b13aafcdeaf7d247bb8c70ef09269c0e52cc9a62c727ae9b,89,88,legacy,611384412915422529,109509666666666660720,1002881694827296609,-798492037720056,60565385957865892,61363877995585948,-1.301241159787022361
1,58,2019-08-25T20:00:26.000Z,8421391,0xf3f4168a286973094507c743376eaa886f7aa1e06e11b4c4b425602225fed8cc,0x770597422be51239fbfd3ce0b044c0ce7ffcc498687a35168404ea65e366981f,107,106,legacy,607710718346617805,109509666666666660720,1002881694827296609,-795497043946631,59769888913919261,60565385957865892,-1.313451621525275385
1,59,2019-08-26T20:00:32.000Z,8427875,0xcaf7e8fac0a930cbc45a863fc4cbe1bf79dad94381373ae27893408162327cb7,0xeee50b9cbccfb46df72c0b2badb530004bf3930f7b2eb69e537f03acb1158a0c,56,55,legacy,600651076439564261,109509666666666660720,1002881694827296609,-799073293916018,58970815620003243,59769888913919261,-1.336916143623497939
1,60,2019-08-27T20:00:33.000Z,8434224,0x7c2aad403a43ab0b6fcce15419623108e05825a6f7c278bab87c093bdb868557,0xd5c979a44f9f92fad92781e5aaba3b2291c01964c5474c378e342243161fbb42,91,90,legacy,586673320951409597,109509666666666660720,1002881694827296609,-815787392202925,58155028227800318,58970815620003243,-1.383374782298593782
1,61,2019-08-28T20:00:36.000Z,8440637,0xbd822e60df4534d54ae73073b4d53b27dce5ee11d401fcaece440d0e6dd092fd,0x7e1b00c22837d5c7e0bb5128a1a8b2ce3723f9cd10ee1c235c3bc0821db9200a,6,5,legacy,571323520961180636,109509666666666660720,1002881694827296609,-834172096687963,57320856131112355,58155028227800318,-1.434393761138606021
1,62,2019-08-29T20:01:14.000Z,8447167,0xd7e171de42b9449e6bdfad93043bb92f3398078ad4e8c2c0bbbfdfe671026e71,0x6352010b15be71e69b5b97c8c1c7312f03964162286a32d598456eb297cbd86d,106,105,legacy,531815211546173379,109509666666666660720,1002881694827296609,-897478212223102,56423377918889253,57320856131112355,-1.565709713355053738
1,63,2019-08-30T20:00:42.000Z,8453568,0xcfeef2dbbf1443d062e59ee38e8ec6cfb3f860be7e27a79c7adf31a60787c44e,0x897696a0b767e5cec0bbeb74643f62f0a006a635cfbd2cf7b94a3917a6f75865,97,96,legacy,513036536380099330,109509666666666660720,1002881694827296609,-918643366722133,55504734552167120,56423377918889253,-1.628125434182118096
1,64,2019-08-31T20:01:52.000Z,8459973,0xc5708ebe7523d8de542b029b0c84b1d61654c8dfc5f82146d0ccd04fa8b8b027,0x9482242f9cde2f310be6874c3fc999c4fdc5de6745781e9571ef8a6777855b7b,93,92,legacy,497649512429074709,109651333333333340648,1004179068028145365,-933259462762325,54571475089404795,55504734552167120,-1.681405145510937197
1,65,2019-09-01T20:00:31.000Z,8466333,0x608ae61ee3ebd2555484f1a6315f3b7cb6896a33a3408fdb40101eef4fa478ee,0x0832fd9d69de5b9f607159653b74929d443d71b237248770a1e2eb3ede458fb8,204,203,legacy,486854268882996711,109651333333333340648,1004179068028145365,-937122945781536,53634352143623259,54571475089404795,-1.717239536307643348
1,66,2019-09-02T20:01:52.000Z,8472791,0xd52703453d7fd98f75d7febbdeceb912c8ab19116bdc0e2b50f9fd81e29b19c8,0xfff04191569adfdfe06ae857ae789c18039882a25e9c229315b8a43b172cc7f0,50,49,legacy,476391008637621198,109651333333333340648,1004179068028145365,-939658789812492,52694693353810767,53634352143623259,-1.751971921458569742
1,67,2019-09-03T20:00:43.000Z,8479249,0x788bf9dee03735d69b8e9994aa6cb987247b678037404b544def72afc119b946,0x1298cc67b3d84f188275fe2021e4e52ce68780ed36bae7ef9c94a60e44008074,30,29,legacy,462998155414950692,109651333333333340648,1004179068028145365,-946622740473497,51748070613337270,52694693353810767,-1.796428976476887074
1,68,2019-09-04T20:00:39.000Z,8485621,0x2a0f59950646c56d5e2182c2c8d82bcd3581f98d991db5e318f332bf1ad1fa96,0xea3c8ca34d6cd0041ea8dd8736d65f5422712f4355a1d6a95cbe8fbcc9be2661,51,50,legacy,451472456715918353,109651333333333340648,1004179068028145365,-949415685617598,50798654927719672,51748070613337270,-1.834688084724265442
1,69,2019-09-05T20:00:53.000Z,8492067,0xd49b0d4c481a84bd620a3e0cf208e04d2758761b900d818abd692508e26bd767,0x8c90bce437235674c1a4e996b78f81bd92105efc98b3fda0a99cbfca5af5bb44,63,62,legacy,468360821585442545,109651333333333340648,1004179068028145365,-903519006109370,49895135921610302,50798654927719672,-1.778627814840703988
1,70,2019-09-06T20:00:25.000Z,8498434,0x79a96e0e213e24dc2e72cd1fc93f1502de9bdb02fa39fcb5db6eaaa6e622943d,0x5944c5fbc424fba3ae82cf27ef4b6081e34b9e26e19bc316191559a3de730803,20,19,legacy,489924499521403310,109651333333333340648,1004179068028145365,-851733932419636,49043401989190666,49895135921610302,-1.707048025197858548
1,71,2019-09-07T20:01:11.000Z,8504907,0x827961a2ce5cd1a670f29dec129d3d3e8c58ff6a45e3f3b2f696ced66c98782c,0x62d72e8a0f2a06dc31b08965212282ccf28e8c5864848805bfa56c92ba6316ce,51,50,legacy,461858175745419946,109651333333333340648,1004179068028145365,-882885744657273,48160516244533393,49043401989190666,-1.8002130946215029
1,72,2019-09-08T20:00:26.000Z,8511281,0xdfb5f10409074cf2d0608ac776c151ee66ba8d1907b8aa1bc6aca270ff57742e,0x49398fbf49284474dc3aedc96e4a69b203172cc5dadb920faa083b49101097e3,17,16,legacy,471855371505281063,109651333333333340648,1004179068028145365,-851009706999818,47309506537533575,48160516244533393,-1.767027792390855995
1,73,2019-09-09T20:00:31.000Z,8517713,0x51a16672be5f8d96dad1875985b64a3de653058392370a55f8280bef4587bf80,0xacf027db045b2f9aab6f38e787313df53e26479b610230fd0a6844a165bf0197,19,18,legacy,478090249607703241,109651333333333340648,1004179068028145365,-826180747598416,46483325789935159,47309506537533575,-1.746331357193411878
1,74,2019-09-10T20:00:36.000Z,8524043,0x0a868e54a12953b3c302a30b6a719a78786f443b2ec8f4966feb9471070fa5bd,0xe8e9422e7b3cebc150208915ce4e1465794f870aa8941ac5ebbeb63e72cab38b,1,0,legacy,481166361573110561,109651333333333340648,1004179068028145365,-807006465960435,45676319323974724,46483325789935159,-1.736120323247552028
1,75,2019-09-11T20:01:19.000Z,8530530,0x924aefe025cbef9414c2807059d503fba577cb86ec56fd74346ea276d6cb9e4c,0xc0fc6f0d561170e4f7a468ee8e0d1f020352224e7998129225026a5f0f1e633a,9,8,legacy,464870130708481452,109651333333333340648,1004179068028145365,-817704332477216,44858614991497508,45676319323974724,-1.790215027347916994
1,76,2019-09-12T20:00:40.000Z,8536963,0x0c33b518c228ab7e884a832124f6cd686b0a6bb7f23beabd9793d43b018bd678,0x76ce34472cbd6b84a268dacff13639b45392a3ec6610cce02c5cd9fa55ae7c4f,8,7,legacy,422246761007087294,109651333333333340648,1004179068028145365,-866534603336301,43992080388161207,44858614991497508,-1.931701644155852287
1,77,2019-09-13T20:02:13.000Z,8543278,0xea3b5556f6a186dbabf70f7a90c12b9dfb3dcdc82737d46f9e0fae5eff1afe45,0x5fe16fb0544b9c0b22a00abf26beb3d35e6aa14519ef92acc0c2591b6bdc441d,19,18,legacy,398959950619797393,109651333333333340648,1004179068028145365,-883801469053451,43108278919107756,43992080388161207,-2.009001304905990547
1,78,2019-09-14T20:00:47.000Z,8549718,0x3f9ccea62effef6ddc644b08748eef6c3d4aff4361f2918deb552b854f749e2f,0xf03a0e4a29cb919d0d9f9659d563650690b24ff331aef88112ea0526639dd774,2,1,legacy,398838721673251439,109651333333333340648,1004179068028145365,-866219360088761,42242059559018995,43108278919107756,-2.009403719675779123
1,79,2019-09-15T20:01:47.000Z,8556098,0x5c1cd3661487fb282feb71075758be55e2312d52b760f66727b1060e774976a6,0x3d723e0fdde46b7ee330e4046dffb3aa83e9811fc3e12a1914b0d84c0ffc4105,7,6,legacy,396888824053816292,109651333333333340648,1004179068028145365,-851547679503969,41390511879515026,42242059559018995,-2.015876328932823576
1,80,2019-09-16T20:01:03.000Z,8562520,0x9cadbbf43016f40e6e61c234ee2f3fb8338e7aa66ac14860c070a46f39903ffb,0x994db69642e85c8d0c28315f5d4e974c195d043ee18996a449581e46a3f6bad2,10,9,legacy,390188673187093916,109651333333333340648,1004179068028145365,-843587149633235,40546924729881791,41390511879515026,-2.038117218962790316
1,81,2019-09-17T20:00:39.000Z,8568947,0xdd1aa4c796929d9233384730649ac0097043d6502520a7e124cf921d6f7845cf,0x60aa24caba9faafaf98749f73199ba238295bc89f31bb9ea497f06e4f60d5c82,2,1,legacy,398014203014263710,109651333333333340648,1004179068028145365,-815861165873519,39731063564008272,40546924729881791,-2.012140677273744827
1,82,2019-09-18T20:00:33.000Z,8575438,0xca6d7d33887427b77305ed5e4bc84fca894270d833c5f8f8b0df5354f31e431a,0x96974bb3541390960ed3ba2866cf28bcb0c4c659bb8d47f5ecaa0cbef104c145,7,6,legacy,401917709632147130,109651333333333340648,1004179068028145365,-794296723709663,38936766840298609,39731063564008272,-1.999183138981468287
1,83,2019-09-19T20:00:47.000Z,8581784,0x2983315d3b1e07569ed5d42aaa5a2c9f7ca5b72fea0606d254ebcbd20f384237,0x4ba9cd8a41f3f8b2fca5be4774ad58f1c009267e80bb741d9ee666331d71b855,1,0,legacy,439993835746837839,109651333333333340648,1004179068028145365,-729204234035453,38207562606263156,38936766840298609,-1.872790920279349721
1,84,2019-09-20T20:00:31.000Z,8588208,0xc14e538d8f86a30c87407219795cb0f5635737fc279cecaa689ef9dff1776909,0x67ff381a281b7547f53d3397891ce77daca75c9ba91114dc3428b4a847c7dbd1,1,0,legacy,475738262642548006,109651333333333340648,1004179068028145365,-670213636800896,37537348969462260,38207562606263156,-1.754138686384123224
1,85,2019-09-21T20:00:34.000Z,8594640,0xfb6e6fda7edc68f92b010035a6c6d7ac3d5d6cbc7771be3b63f65168375978b3,0x64adcd74a5066bc448bf7142d33124203d59beb80ce0e3b85d1080092ee07f69,2,1,legacy,468681373240480714,109651333333333340648,1004179068028145365,-667250310281106,36870098659181154,37537348969462260,-1.777563756097783565
1,86,2019-09-22T20:00:31.000Z,8601042,0x5fb62eb3dd3243696c184e1934ab315226bf67abc558a09cdaeff35ba16697e9,0xb6200e5096e1880162562f2918bf46a1e72156e7908dfca1d8432655cd2781f2,36,35,legacy,443280531195319051,109651333333333340648,1004179068028145365,-686477310978199,36183621348202955,36870098659181154,-1.861880862657406669
1,87,2019-09-23T20:00:37.000Z,8607437,0xa9d19fd259de2e2fec5c07da662a826524e3e96c64497654f8420847a37ee89c,0x128079598d66b9977ac4a131d55072a41f26c545c333fb695955951d8efbd299,1,0,legacy,440512063461112772,109651333333333340648,1004179068028145365,-677021131293475,35506600216909480,36183621348202955,-1.871070683551410152
1,88,2019-09-24T20:02:13.000Z,8613780,0x746602fe02d8b133ea1c1b4c32e673c4785e900cd8bc4cce5e9684cd96062bc4,0x8a3d9d94ab4247bb60e33e6806463bf21363908d9c126c46bc44fe2ac9c4ea96,1,0,legacy,398161084855989202,109651333333333340648,1004179068028145365,-714269627063116,34792330589846364,35506600216909480,-2.011653108716829272
1,89,2019-09-25T20:01:27.000Z,8620125,0xb5e425b6f9a8266b9eab767a3d2c46ee142c7e5e6be9d82bdd82f66b1d38fa17,0x4d8b5a49e46058227a421a283b4fc1563902b2c537fc80b785a03295d4ff162f,1,0,legacy,382517862537106906,109651333333333340648,1004179068028145365,-717967636947410,34074362952898954,34792330589846364,-2.063580176364898129
1,90,2019-09-26T20:00:43.000Z,8626510,0xd9faf445ed735bceb4a4891f397885077429082ebd22bb4b1424809e8ead7392,0x002fc934486b8fa7943dcfeada2d22561791ea5a1006f76547071652a161799b,25,24,legacy,381748610240624819,109651333333333340648,1004179068028145365,-704021889018854,33370341063880100,34074362952898954,-2.066133679423514314
1,91,2019-09-27T20:00:47.000Z,8632924,0x68ed8a6ae5c0a93bb43a2f70e55ac178896e0353f755a15bd886ff01f4896b73,0x312299521f167e8e4213476f840eaba5178f234038606943707a5009e3ead27f,83,82,legacy,382825038183508439,109651333333333340648,1004179068028145365,-688283479759830,32682057584120270,33370341063880100,-2.062560518762047646
1,92,2019-09-28T20:00:22.000Z,8639285,0x1ec2945a2693b14f5a89e410a08ae1ba781f3a94118c8c2048364d3c14c99357,0x1d335041d5127324c62b12d8578806278a553d600ad6649502101a43c5b3b322,12,11,legacy,382764359854283450,109838999999999998632,1005897705938916536,-674862522603274,32007195061516996,32682057584120270,-2.064932787252598659
1,93,2019-09-29T20:00:16.000Z,8645706,0xbb820b7f062d798fce570c32fe4e669875dcf4e082046fddfb8a278b7673b9bd,0xd0414a0d9ad9609678830b785512438ae6362fa1f3b36f12ce2209bb9c184ec0,15,14,legacy,381403377188189443,109838999999999998632,1005897705938916536,-662370592858589,31344824468658407,32007195061516996,-2.069442797425797409
1,94,2019-09-30T20:01:24.000Z,8652105,0x21c70e2848c7ad27115f3d268cc09b6c5b55cb1c646f626639ae5a60e0816276,0x6df2e53524facc7eae17f1a8a17c4b83ec7d1fe55012a5820f86f1fd28d57687,60,59,legacy,377972199696671454,109838999999999998632,1005897705938916536,-652227181629270,30692597287029137,31344824468658407,-2.080812997633564484
1,95,2019-10-01T20:00:44.000Z,8658501,0xd97e6d2c5cfa779ac86b31cb98fb39bfd9add988e68906e107de3f36b8471ea2,0x82d4bfeac34175cb1bd9fa2acd96de728aad55bc4fa376122a9a8e530ff2fafa,65,64,legacy,380222086782841374,109838999999999998632,1005897705938916536,-636367220301165,30056230066727972,30692597287029137,-2.073357345258289173
1,96,2019-10-02T20:01:56.000Z,8664888,0x1195a8c060b31d9855ba4662f0e5e279f457f272bd9de81dd35650ffeff56681,0x88fc7c9b6ff336f5065b987e9858d8cef9567bc41021ad89a9df5a3d86ea6789,36,35,legacy,376387492881650086,109838999999999998632,1005897705938916536,-626992310162173,29429237756565799,30056230066727972,-2.086064382559570987
1,97,2019-10-03T20:00:34.000Z,8671286,0xa6e0ad9ea90bf7bf2cf67fad0179a8ba1b90f43e2168ac0ebe81b8c0e7994de0,0xa4f3b5295ce526d9e11ea17b2169781b78693780a17e45cdd00d910c43d33046,35,34,legacy,368696591359760158,109838999999999998632,1005897705938916536,-621413191055879,28807824565509920,29429237756565799,-2.111550411859508132
1,98,2019-10-04T20:00:17.000Z,8677671,0x46c9fe2c55e0ebc84e4810b1e62ca69b6f417a2292d1aadd4b255424fe9b1121,0x5ab5c205a3f89e29e62da399841449a97ecb35c6a7bff781130d9a7b732b778e,123,122,legacy,368518235336676386,109838999999999998632,1005897705938916536,-608462002393774,28199362563116146,28807824565509920,-2.112141446189773296
1,99,2019-10-05T20:01:18.000Z,8684092,0x76afd737127207ee295940bb5231990fa324a53a3389d27173275416b9d3447c,0x50b7ec00b31726ab28705f1501e6fb245dab68c41d7b6bee244ae79347d10b42,125,124,legacy,371025399714778431,109838999999999998632,1005897705938916536,-593267560534740,27606095002581406,28199362563116146,-2.103833231006131951
1,100,2019-10-06T20:00:49.000Z,8690539,0x6557f463d8f52b2532e04d6f03b7a649cd919b867c87ddde1b9002fa25e3cc3d,0xa3363ad55e4fe745315e37fb5cde92f02534620741cca3cfbd8ec415d4477fce,106,105,legacy,385325109924646863,109838999999999998632,1005897705938916536,-567704712597247,27038390289984159,27606095002581406,-2.056447000360470228
1,101,2019-10-07T20:00:54.000Z,8696969,0xe9a2a5c3fb64c09dbdc537047ead7e2c17c8fb0b8de5b616936e9a31a80df8f3,0x1ccc9f9357a9137b3e2828c1e4abccc1714afbf77d0a8d6f4c35d3b9bf395196,120,119,legacy,441798135823020104,109838999999999998632,1005897705938916536,-505430596940245,26532959693043914,27038390289984159,-1.869307275764385443
1,102,2019-10-08T20:00:46.000Z,8703352,0xf18bb4b74ed578f188c58fd9bf557110a8cf62ce77553956180115c0c752a940,0x3fb9bfb3bd97c59f1359c44f8d1e7dbe5f896daa35c8c55d9cf8093cadcfbaa3,77,76,legacy,422800840240901165,109838999999999998632,1005897705938916536,-512685850769971,26020273842273943,26532959693043914,-1.932260315853043297
1,103,2019-10-09T20:00:36.000Z,8709673,0x874dcf9fed63267a9d02a8e377f203d27a47567ff13e52331540aea3ca742767,0xe55473231cacfbcf592a79a7f8d7da1fd6f6446c28f9402c14c2d887ab040641,106,105,legacy,490274011318800448,109838999999999998632,1005897705938916536,-444600203193861,25575673639080082,26020273842273943,-1.708668424817034338
1,104,2019-10-10T20:01:04.000Z,8716038,0x563c8f4ec3b62a858da253be87687e5592c0574d04365e1cd7678b4f327eec7d,0x71e00121f70ab546fad0e0053eb2fe2efd5b02f465befa50994868d83a176707,40,39,legacy,507575211051745594,109838999999999998632,1005897705938916536,-422340277777058,25153333361303024,25575673639080082,-1.651335889474733444
1,105,2019-10-11T20:00:47.000Z,8722402,0xdb21464ba4419f197f9333de931678155b04bb11c7965c25b61c4a3d054f2e23,0xaa514ce4fb3c2a9a4319180a33ce84cf5d7b2745a0dd20bd0dfb98497745ef54,100,99,legacy,590958350401570293,109838999999999998632,1005897705938916536,-345863794861492,24807469566441532,25153333361303024,-1.375021711410956854
1,106,2019-10-12T20:00:21.000Z,8728697,0x4bf14b228d7d1267d716c9fafffd70ce6f87e923d070cc195b24a5cead3d3187,0x83490c5297bdfebbfb994c0f474557112d97b7956421d9340f39b5eacd5821c8,109,108,legacy,628195060728946336,109838999999999998632,1005897705938916536,-310497009152134,24496972557289398,24807469566441532,-1.251627088851338856
1,107,2019-10-13T20:00:34.000Z,8735092,0xb1b8555272ab98ba9e4b7f1160aef27949a30dd6bb90ceb1e27aca959e98de63,0x4854cdaaf8dfe5bf7f97a572ad800bf682fefa17b6e435ac74c32e1f56c45405,89,88,legacy,542583634652014671,109838999999999998632,1005897705938916536,-376108227265091,24120864330024307,24496972557289398,-1.535325340245666501
1,108,2019-10-14T20:00:09.000Z,8741451,0xa15b0a234b9763aba5f81bc00790d3812ea40f90d79f71c77e6b86914b33fd3d,0xba77c2b3c843eea162d53d22fc2726143571b61d3675c70ec6948d91145e802c,151,150,legacy,542988108131946593,109838999999999998632,1005897705938916536,-370010440751718,23750853889272589,24120864330024307,-1.533985000243750113
1,109,2019-10-15T20:00:42.000Z,8747884,0x8c091a5f63f734c3861e299c7aa238b9f983f732593a69236c802dc3c2346e68,0x1abf5cd31c91bf13b0514c216bec0b24083b9b0bf481443f13edb4dc7187c755,22,21,legacy,505852701333984124,109838999999999998632,1005897705938916536,-393562081323392,23357291807949197,23750853889272589,-1.657043924223498811
1,110,2019-10-16T20:00:35.000Z,8754215,0xdd6e89683e32a753a6666fdc53da9c4df5053effbd0f93fcfc19fc302edf973d,0xb21a739fbc4c77dda515be156aad37d3d0b3159b64453302ac3c3953025c49a4,56,55,legacy,496400734289105925,109838999999999998632,1005897705938916536,-394356515970081,22962935291979116,23357291807949197,-1.68836575409769672
1,111,2019-10-17T20:00:52.000Z,8760531,0x6e5aa02a26b1b05962d76ca808ea2e3b34b8295d22bb9ee5f990180b8c0809db,0xbd1a47b2ab1366598e1db4c33b4c52f8b6cbd665b4671397117b231e7259be1c,112,111,legacy,488301896063540136,109838999999999998632,1005897705938916536,-393861092746460,22569074199232656,22962935291979116,-1.715203599794293245
1,112,2019-10-18T20:00:25.000Z,8766876,0x295d52f23dfaeb449bff437dba0629dc5cf4684e6b6f96eada8bd661732f1335,0x830d6243718b13802448dca0a72ea3f01ac913dd4129081989455172ad92f621,108,107,legacy,511837458789565538,109838999999999998632,1005897705938916536,-369503522772789,22199570676459867,22569074199232656,-1.637211697347124879
1,113,2019-10-19T20:01:15.000Z,8773233,0x73be5ad8279a54121222ac7c949ad296b952d3287fb7a0465a45a9b9664bc1eb,0x543fcef47c7a751efe1eb260925807e76727382dde542a7f92067e85f75aa886,47,46,legacy,426626530186185656,109838999999999998632,1005897705938916536,-426139136913379,21773431539546488,22199570676459867,-1.919582784388039271
1,114,2019-10-20T20:00:34.000Z,8779613,0x3db6e06ea4a45d5dfb54ec7ad11309341a94d18bef2345271c2c8c8324884032,0x71ccb955b0e1cc3d4a77853a0303fcc7ef31b7095890977412f89bf0841da8d6,74,73,legacy,407884724119186740,109838999999999998632,1005897705938916536,-431481738236930,21341949801309558,21773431539546488,-1.981689185984494561
1,115,2019-10-21T20:00:52.000Z,8785896,0x6d1f2ba67e42dc264f0548bdfc078ac4a53e043184a384c233660d06ce85e85b,0xe241f8c659e34409bbf5e3b5477d861c712f667fbe4f4861410a68ddff23733f,29,28,legacy,400036146931422044,109838999999999998632,1005897705938916536,-428481839407047,20913467961902511,21341949801309558,-2.007697719262534456
1,116,2019-10-22T20:01:14.000Z,8792280,0xaa454f315decc75524ef820e65bb03232a6f110cbee9649d4c92b2722bf57825,0xfc985af1600ffc72efc501df8ac3ac696de59cc3fdf5b9b30220d776472a597b,56,55,legacy,410178073644266759,109838999999999998632,1005897705938916536,-412850576843415,20500617385059096,20913467961902511,-1.97408950823217619
1,117,2019-10-23T20:00:44.000Z,8798672,0x65d3c35c46eec7236d515f9a1a75e760503b34458676a3eb8fb1423741b8fad8,0x4390cf4fa29722bf7b4e27ba20765a3f8db0b6e7a84af017af796af959575505,171,170,legacy,410778603439119966,109838999999999998632,1005897705938916536,-404292568613299,20096324816445797,20500617385059096,-1.97209947885739524
1,118,2019-10-24T20:01:04.000Z,8804930,0x8ea507b262887a8790d0cb722df2907d65e988145de47b5ca2d00e7aa93e06d8,0xc5faae0ceab88b0c45ce621a24e662409471c38faf7977213aa916fe37f0786b,35,34,legacy,413217907017436030,109838999999999998632,1005897705938916536,-394695062958854,19701629753486943,20096324816445797,-1.964016140084757649
1,119,2019-10-25T20:00:31.000Z,8811088,0xd0b8059ea985030d7253104424ed5732d904a5f40ab7c831b185c96fb59f45d0,0x1924ac44b2aaaf5b98154ba179c1265b07338be2bfe789ba1ea8d0caaede9869,53,52,legacy,408046475009076040,109838999999999998632,1005897705938916536,-390319463894585,19311310289592358,19701629753486943,-1.981153177571532212
1,120,2019-10-26T20:01:06.000Z,8817328,0x9f1fde0a06ac06026326fa1c2cb81b809deaa8aea73e528acb2defb539c1620c,0x644c5c71cf531ac7363eee3b4d280348fc77c2faabfce38d40c03c6fb6cb4aa5,39,38,legacy,402115865797613838,109838999999999998632,1005897705938916536,-386381848881487,18924928440710871,19311310289592358,-2.000805968560940799
1,121,2019-10-27T20:02:52.000Z,8823545,0xacfa1e9b8216a6def6825e10a89ebeaef1989755ea0f278f75290e643b12c795,0xfddf8698d844573749a69a2e34790d119706b65cdd8d440bc8bf672c9eba1bd6,56,55,legacy,369159616431960551,109838999999999998632,1005897705938916536,-399319026452637,18525609414258234,18924928440710871,-2.110016044201420017
1,122,2019-10-28T20:00:45.000Z,8829801,0xadaab153e8e66059b84c0645b758c428bcc22a8847fdd895591650e914c31ba3,0x7dfec699337fd0bef637b9cc498cb30378b20d2a8e3c234936f3d4d0be8e00ea,99,98,legacy,350771563596687516,109838999999999998632,1005897705938916536,-402181751300228,18123427662958006,18525609414258234,-2.170950182025800689
1,123,2019-10-29T20:00:47.000Z,8835987,0x1b9ac5f2465846ceb4bb21291af49f5f6ce63c4f8cec43940f498ee7ea7ab5c7,0x9ae79bad6c6276b95d7642dd4d86138f60db328625b06ae6ae246c61780109c9,121,120,legacy,318297451276130297,109838999999999998632,1005897705938916536,-412953636764374,17710474026193632,18123427662958006,-2.278562556951624584
1,124,2019-10-31T02:00:40.000Z,8843744,0x3ae67e3eb775564c96bf2830b2c0bc801f2be3ebdb48ecc9c5d2965a1ef02396,0x075bb89bdf93eaed4650e99e921712e7a8dd23ebde40d0ba6469f75ad959659a,18,17,legacy,340397692000553349,109838999999999998632,1005897705938916536,-1171721601679704,16538752424513928,17710474026193632,-6.615981028778440803
1,125,2019-11-01T02:05:40.000Z,8850019,0xfbf30ce4a388aea5d99db63435f52c12fcb8ea15c91a1dad6c4ca366771d4fa0,0x7937ec6e98fe994ae5fd523ee4c4e7755510714cc55ac3c0eb5edc9c3f76db2f,168,167,legacy,314972054779435698,109838999999999998632,1005897705938916536,-1136005005360519,15402747419153409,16538752424513928,-6.868746663603957142
1,126,2019-11-02T02:01:20.000Z,8856232,0x5ea5e2707cf3ef349acc2666f28a5ea8fe7f52140f6547d286c460f85641e032,0xb3351006a787813164e056dd68f47802c94feca226016a58310a146a224be482,98,97,legacy,324993678958557085,109938333333333332576,1006807393500923349,-1043079788627038,14359667630526371,15402747419153409,-6.772037223242147131
1,127,2019-11-03T02:00:33.000Z,8862419,0xac35114af87b4547cc9bfe26beab7f31dc1d73ae66ba5f02034b4244eeb67495,0x2c4672725d87e00949598387d828db7b17c5980c51e5413a310f0362890dc119,67,66,legacy,344274912905198569,109938333333333332576,1006807393500923349,-944942029348937,13414725601177434,14359667630526371,-6.580528558614688535
1,128,2019-11-04T02:01:03.000Z,8868684,0xfc8279edce0055b0b2c59a0b200c06d40204c60d2936e8cb731b0a927b0582bd,0xb5ceea1d659fa25e12d602fb5291fd022a84116b2fc990f14eb56c495621e90a,146,145,legacy,552658831491853316,109938333333333332576,1006807393500923349,-605108621653700,12809616979523734,13414725601177434,-4.510778972628322376
1,129,2019-11-05T02:00:36.000Z,8874876,0xedd45610d08f379f4a79d52712a205e7e975df602100808968697395ce6df367,0x0da63a21438019dbbbc0e48d2e542afe445babb8b66d19ea297e0c8ac5dea6d4,216,215,legacy,714856670296605932,109938333333333332576,1006807393500923349,-371449093966037,12438167885557697,12809616979523734,-2.899767374464053694
1,130,2019-11-06T02:00:47.000Z,8881115,0xaee52ff4ad566ac6f4325e45eebc17a3997a5914260ffb99e353104507a4e015,0x7102b935abc510879525da93ce7cf97710f861f84cd2bd89de1eb3fc7d69c397,106,105,legacy,618116813649453120,109938333333333332576,1006807393500923349,-480191019547069,11957976866010628,12438167885557697,-3.860625004946525612
1,131,2019-11-07T02:00:18.000Z,8887355,0xf98bb48acf68a40748e092d7d38f63886deac58dfb0993d8e8f979ce67c7718c,0xdd6e812f21ed2681bcef22057258cd609e0a670f9962799c1e3fd459ad94d0d2,178,177,legacy,475749086713088541,109938333333333332576,1006807393500923349,-630744568232640,11327232297777988,11957976866010628,-5.274676270912258908
1,132,2019-11-08T02:01:06.000Z,8893525,0xd2b121c627b2d465bca098ec81e8bed7094f5bd6d2a0a67ac5d8dcad5df48ba3,0xd15a2f568573c33760065187fa26c18789bbcc4451d01787961582f230039b32,121,120,legacy,604649388972702932,109938333333333332576,1006807393500923349,-452453683505635,10874778614272353,11327232297777988,-3.994388669811166453
1,133,2019-11-09T02:02:20.000Z,8899702,0x77bb476cacaf90589cf310740c49442841297ac374516dd8d6386b5b290f902e,0xfd88273b60c532e7149e6988130fc42f23f621c251e9a7135b2e9651280ad086,55,54,legacy,605657975639134984,109938333333333332576,1006807393500923349,-433291525136895,10441487089135458,10874778614272353,-3.98437099738500889
1,134,2019-11-10T02:02:27.000Z,8905806,0xae4b8d275b43e081c12110663557fd1a25a12fa0a2b0d0eac9d0eae8e386b1bc,0x94b8883874e9e4a883f49f805d144d9f779119607db756554c086bef065bcb09,77,76,legacy,570521221549440046,109938333333333332576,1006807393500923349,-452467518713703,9989019570421755,10441487089135458,-4.333362813659972082
1,135,2019-11-11T02:01:58.000Z,8911771,0xdd9438b4c1517f6e51672eb7029acadaeec3fa27eb68280f47f288fa4c6327a7,0xf04cb2799e854b0a7ee149dd8b616bfd750eb72bdd8abd6ab185225a1141736f,105,104,legacy,568488917403180288,109938333333333332576,1006807393500923349,-434876806038649,9554142764383106,9989019570421755,-4.353548443596528981
1,136,2019-11-12T02:01:42.000Z,8917791,0x4a12aa6413337329b32cedaef75be50613a4425840af307212b3b0530451bd53,0xce632e2bd11757b999349c42cbea2649feb031b03df05324cee43868d79e0ec0,54,53,legacy,593039417014545625,109938333333333332576,1006807393500923349,-392646929710606,9161495834672500,9554142764383106,-4.109703396670549057
1,137,2019-11-13T02:01:53.000Z,8923800,0x0e3d394a2cdfe166fa2f425c06fab47e0a3d5b01f52ea22536426ec95e7f4ddc,0xa832264f7994abf3c1b338437f3b7efe02cff675071fd2edb637f30a90e69d5d,40,39,legacy,620341094625388062,109938333333333332576,1006807393500923349,-351667003067778,8809828831604722,9161495834672500,-3.838532586969725934
1,138,2019-11-14T02:01:53.000Z,8929837,0x925399dba83e3589eedc68f0e272e293fc3cea9e094a64daccf74b17b99b9025,0x556246f9adcc0baa0d0044a89ce3dccc3753af133fae46e2c6a9b3d4cdda3859,41,40,legacy,734211487711242769,109938333333333332576,1006807393500923349,-238528569188653,8571300262416069,8809828831604722,-2.707527850404384132
1,139,2019-11-15T02:01:41.000Z,8935822,0x8a50f6d964b21e3c37e0eddb90957a654eb8446c6b43d7d78e8a1fcc7d8007c1,0x55a1c143f556eb0dcea88ec98174c1232be96742b332bc1207a924f0543d46a6,49,48,legacy,705640578014799965,109938333333333332576,1006807393500923349,-256393747331460,8314906515084609,8571300262416069,-2.991305163531723053
1,140,2019-11-16T02:02:06.000Z,8941812,0x72f167cee210308afb86a62bbcba60e58a025b21e47694adbda2966b87044ecf,0x530eab8007e6d71c3252e97a51237113fa6228535410c0988a3c71c872951dc3,10,9,legacy,672610190807074504,109938333333333332576,1006807393500923349,-276002988847696,8038903526236913,8314906515084609,-3.319375730165831087
1,141,2019-11-17T02:02:01.000Z,8947843,0x81b37a635fda2b9f4fbb7307d2425063dff1a954eaf93d215eccff336559691b,0x65a244117c80681eaea16e0f09ef706f1b2f05ddb1724b99e77638ec1f63d8de,35,34,legacy,727964555239358035,109938333333333332576,1006807393500923349,-222643446029158,7816260080207755,8038903526236913,-2.769574797141265223
1,142,2019-11-18T02:01:57.000Z,8953868,0x82d7611a2e242a7398ecbc2e040a1a8fbc43ab715fad48dd5b2214a24efaf4e0,0x608ff8965ce7073dd8e50665eee2e3da9623183dda2d75d1934a1f99ac7b7a40,22,21,legacy,1023116767572377211,109938333333333332576,1006807393500923349,0,7816260080207755,7816260080207755,0
1,143,2019-11-19T02:01:56.000Z,8959833,0xd49ccfa6b682b927cfa6ada301e90aa8978eedb16a9c38011405501466e3e388,0xddfb3b64427b5058bf921d14c37091604e27a4377810046cb6ac89151c93129b,108,107,legacy,1123042162148741035,109938333333333332576,1006807393500923349,90237833768280,7906497913976035,7816260080207755,1.154488628094390279
1,144,2019-11-20T02:01:48.000Z,8965788,0xb488ba6fc5c2ce057e3c97783dbafb4deec03d71366603ef30164760fce9fc05,0x2d10ae69116bdf7e329c131650b17bab85f3af9c76d5c85b6d139433fe1069be,10,9,legacy,1000476580338339603,109938333333333332576,1006807393500923349,0,7906497913976035,7906497913976035,0
1,145,2019-11-21T02:01:42.000Z,8971767,0x048395ba7777431b1f6c87a761283b4a5affc5cb2f4b9537ef98a899a81cc42a,0x4c99c1061108166832e6a55d44f7feaa1f05f095f72672e37d3d3c4babd4e7b0,62,61,legacy,992341177877536244,109938333333333332576,1006807393500923349,0,7906497913976035,7906497913976035,0
1,146,2019-11-22T02:01:59.000Z,8977826,0x31e433197edda878393a3f0f62eefee3ff932a35eb854a369f61a88fa682d3ee,0x41aec794644a03975701f41f847e5108f0b8fd6662aa1f9d7b9d4e5eee7189fa,49,48,legacy,975688563713082950,109938333333333332576,1006807393500923349,0,7906497913976035,7906497913976035,0
1,147,2019-11-23T02:01:49.000Z,8983798,0x223ba47d77219bfef0c240cf53691e4cd98287ccb4f2ca7895633daef5f6bdf3,0xb17b5a6030be84aec1f2a0d00f7abec1ed97275f39f842d05927a516c2d722df,61,60,legacy,961393856192811809,109938333333333332576,1006807393500923349,0,7906497913976035,7906497913976035,0
1,148,2019-11-24T02:01:26.000Z,8989828,0x795eee91ed8409884882794500721d97783b0e2c66380c3959a5f7a6a868dd02,0x420aaca5a4be020d6e8ebf3031d760dc4939f814888bc82265fca2fb5f497d08,97,96,legacy,1024749852387490589,109938333333333332576,1006807393500923349,0,7906497913976035,7906497913976035,0
1,149,2019-11-25T02:01:46.000Z,8995858,0xf0e55337f06035847fd8af0b9117372bf7d523841b837b61dc529b43749c4de7,0xdb232ac91b39e34abe48cd88cc6535782a5e27671aa42cfbb6b184a54487bd8c,39,38,legacy,1032639334918870991,109938333333333332576,1006807393500923349,0,7906497913976035,7906497913976035,0
1,150,2019-11-26T02:01:40.000Z,9001712,0x36717f7423961871c4881f6504423cc53b09afbfe4de1195a59c802dea772d6d,0xefd05a5c5bc1607ad5cf2065e081f1a6e90d44af343f33f154b801d65c8b9802,92,91,legacy,984213592299606111,109938333333333332576,1006807393500923349,0,7906497913976035,7906497913976035,0
1,151,2019-11-27T02:01:46.000Z,9007381,0xc7366d0bf2a3860365818e9a6ff6e7f203e069eebc225066cfb53f6695178c3e,0xe5617ab09b5513452ff9914262899297915ca990fb417d384bddb1097085b7a0,23,22,legacy,1001326532556028134,109938333333333332576,1006807393500923349,0,7906497913976035,7906497913976035,0
1,152,2019-11-28T02:01:57.000Z,9012995,0x6fa0a4e49bc029c46e5820b8d79842bbad4fb5fb5338c863d838c74e2c3a39c3,0x5d79a727c59536951cfb283173c231b26d61da56ca6cd530dbd92ffd9d4c8311,15,14,legacy,1007830521225427229,109938333333333332576,1006807393500923349,0,7906497913976035,7906497913976035,0
1,153,2019-11-29T02:02:11.000Z,9018667,0x6be9ed6a1c758106d5a0b1bdfd0fbf6da30d4aa565d0931046f7da9f65121686,0x52881c75914d203bfacb410849db814783678fece75b749f3cd506f40909ffbc,45,44,legacy,1006555510006906373,109998999999999981016,1007362974495168950,0,7906497913976035,7906497913976035,0
1,154,2019-11-30T02:02:04.000Z,9024292,0x87e1502485c2dbb501cd28a4f5ea66dd13bf1a758a8000052e731d309a0c2d6a,0x217711c459c99f135d27b3ded3f32a4ae74a4b28d3a062689ccc8a1d39de0e46,17,16,legacy,1041509835713213989,109998999999999981016,1007362974495168950,0,7906497913976035,7906497913976035,0
1,155,2019-12-01T02:01:44.000Z,9029952,0x30a4e15b411fc3bbcc4feb3333cf4add9d9728e7cf83497bce02792ef5dac0ba,0x9ea92f9dbb4ac850d9058ef21d6ee8b5c66e439a60ec3c31f8e924aeae67c18a,59,58,legacy,1041982158577405855,109998999999999981016,1007362974495168950,0,7906497913976035,7906497913976035,0
1,156,2019-12-02T02:02:03.000Z,9035571,0x3d1cfc434f8f19a41330afe7a0850d4b759887c7244669711926a65ff1355a39,0xff4aab741ad509c56884364e7691bafc51ee0eb4296ef6e6391dcb5553fa8168,15,14,legacy,1013226883413695404,109998999999999981016,1007362974495168950,0,7906497913976035,7906497913976035,0
1,157,2019-12-03T02:02:16.000Z,9041227,0xf5aef0736ed4b52dbba4eec6ebf9e4f973350ac614645ca3fde4327d6774406f,0xafcad0c5e91df8dd3f2acfe37d47e074e8487d8b7135d33fc89a0da8ceb5d8d6,28,27,legacy,1014546870593319506,109998999999999981016,1007362974495168950,0,7906497913976035,7906497913976035,0
1,158,2019-12-04T02:01:58.000Z,9046890,0xd2c11ec97323d718c13f990030c83287901d3e854cf2616d1026be215e2338b3,0x316727fb07f587b631464e48a9bd4aad6b4cb8e70836da99e72ead20077a5f53,33,32,legacy,984776614508680112,109998999999999981016,1007362974495168950,0,7906497913976035,7906497913976035,0
1,159,2019-12-05T02:02:00.000Z,9052460,0x3731761f3d4cc4c5306a7752055a2b90e4def138665d2efb092e9f9e64cee82b,0x4b8f982406de44d3249916445d540d0183f4ca3f772473e8e9c7878fe0e06ab0,14,13,legacy,977153442353013613,109998999999999981016,1007362974495168950,0,7906497913976035,7906497913976035,0
1,160,2019-12-06T02:02:26.000Z,9058051,0x298778d04694bcceaa61ee80830f0b83d380da53180612773bf14214228d559c,0xbc68f25a1791815425fd6c57e904ac8054fb838afeca92c39b8325caf20f203f,75,74,legacy,976537998409334169,109998999999999981016,1007362974495168950,0,7906497913976035,7906497913976035,0
1,161,2019-12-07T02:02:08.000Z,9063714,0xd4af086cc1c66e645bc7e913be1d9f7c73d2a53d51faf209722f93d02a376c3a,0xc3613a824a6a18fb40d72d544b80dc347f2893c17a19c914e066b0f95a1343b5,37,36,legacy,1005839254072095224,109998999999999981016,1007362974495168950,0,7906497913976035,7906497913976035,0
1,162,2019-12-08T02:01:37.000Z,9069365,0xf3b03d3735342fd093496990b09c26446cc6ff4751622ded2296ed5008defbe0,0x79d17fdd263a0bbce88a9cbb907516ff7b4555ee1e50c3592dee1910c8151b85,27,26,legacy,1066608088214240520,109998999999999981016,1007362974495168950,46499760254525,7952997674230560,7906497913976035,0.588120818603253262
1,163,2019-12-09T02:02:09.000Z,9074988,0xc42a590637772544b637b5ebdb1a1fb8ad5bdfed667c99554ddffadb6c76f64e,0x120ee83367464a8a6272ee5adc3c19abb61ba63f16f7aafca3ff9f3d9654e123,33,32,legacy,1106646132690856303,109998999999999981016,1007362974495168950,78382742488254,8031380416718814,7952997674230560,0.985574819696365708
1,164,2019-12-10T02:01:54.000Z,9080636,0x799fc846b246ffdcd9da77a710686359310618e85ed4d2fa838567cd1763d2fd,0x593a59907619679e9150d8e42c189e518aaf0c3e6033a948af4c1dd86a960d0b,20,19,legacy,1087627340208893620,109998999999999981016,1007362974495168950,63992192613255,8095372609332069,8031380416718814,0.796777008346452298
1,165,2019-12-11T02:01:37.000Z,9086332,0x4f66d7dec44b2ab3a94805426a3a015e83a644a2d7386bca46fc367ff7947d8a,0x6c068285d9389816a2d1a7329241416e7e2c785a7732ef0b7727d9a81bbe29d4,23,22,legacy,1051007880585978918,109998999999999990508,1007362974495169037,0,8095372609332069,8095372609332069,0
1,166,2019-12-12T02:01:50.000Z,9091879,0x36af43369965bbd2fa1dc8d547cf9da0dcaab1f7537029dd4e51e44929e0de22,0x7ff08a6ac1488ac55d7e9c67b38d84d89f3ce9773fe2ecaae43ae8f732313165,60,59,legacy,1045019537859317187,109998999999999990508,1007362974495169037,0,8095372609332069,8095372609332069,0
1,167,2019-12-13T02:02:07.000Z,9097602,0x19838d84f78cc64b4a344f4bca44ea398a316df64637adfe286bcd41578ccb07,0x7ecac7068529810a0cd9fd45ebb08a9581a78f685f54ccc179fb08871da8feaa,1,0,legacy,1044022880902241053,109998999999999990508,1007362974495169037,0,8095372609332069,8095372609332069,0
1,168,2019-12-14T02:02:04.000Z,9103051,0x4a440108cb496e8e3ad1e9f63a7aefe0542a4b65d7eb4dc3b8285b22f94a066e,0xa153c36ca200b64914eeecbb8718f0abb74d6c78d232e050f42528b2912232a5,14,13,legacy,1040664293724941462,109998999999999990508,1007362974495169037,0,8095372609332069,8095372609332069,0
1,169,2019-12-15T02:01:44.000Z,9108195,0xa3cfa35c8a8ca0124794b283b7c3587f8f97e574a7569b02e67761c5a3454480,0xf4bb52e8612d04805eb7c64de44cd0f77503ec7208a9309446419340c2c1f85d,47,46,legacy,1029759204086232301,109998999999999990508,1007362974495169037,0,8095372609332069,8095372609332069,0
1,170,2019-12-16T02:02:11.000Z,9113284,0x1528fe3f30f134b6559938597d9901a366c948552cfa597a1717f4bd28f74915,0x7d0f58f2c1e49ef44e0ddd158cc1d9aef952ad76343e192a0a86bf3745fb35eb,21,20,legacy,1030399695421363986,109998999999999990508,1007362974495169037,0,8095372609332069,8095372609332069,0
1,171,2019-12-17T02:02:01.000Z,9118415,0x0de795fe6f8e4eaf8f1d119aab6573da18c22f73f7d5b9afc8fcc6dacc7cd705,0x2189020799b45a70bdb04ad7dc69f0376f276b4ae85c73a0c07fe8f4994048ee,2,1,legacy,1034421533402179747,109998999999999990508,1007362974495169037,0,8095372609332069,8095372609332069,0
1,172,2019-12-18T02:02:29.000Z,9123399,0x5cb1a247aae55f2da1560e741ad1af7ef62bc0a8d340d18618a78547ffad6dff,0x72b875414610766508e3efadcbb380074bfc6c7534073abd4af91a0275606d86,154,153,legacy,1025374031361782064,109998999999999990508,1007362974495169037,0,8095372609332069,8095372609332069,0
1,173,2019-12-19T02:02:23.000Z,9128455,0xf543d5d0e3f3051b896aae5ad35409589988f10e17fc34b4f6a1ff22e34ddd04,0x5675ebb36aaa54a215d65935c7a1b4f06e3f48d1d1335622fc1206429d6979d2,76,75,legacy,1008645928247696494,109998999999999990508,1007362974495169037,0,8095372609332069,8095372609332069,0
1,174,2019-12-20T02:01:02.000Z,9133459,0x7d30b9879aad7cb6548bb5bcf3a16dfee3abe6835f47a27ae3f201a195a3348d,0x30b553d49d24b4360c195591b804882b5fe56b62f0d071f8e69f9a39cc6a56a5,100,99,legacy,1007538322844871801,109998999999999990508,1007362974495169037,0,8095372609332069,8095372609332069,0
1,175,2019-12-21T02:02:28.000Z,9138413,0x2d3e18d684b87e66babf8bdfa4a29d587c79e6b0c3028894c8f29bc249b8a4a7,0x6682492638ed42e3b2d23e8cf7b9ad1044ac0ca2c68c3f4cf9e21c1f192e2122,50,49,legacy,1011215178240660787,109998999999999990508,1007362974495169037,0,8095372609332069,8095372609332069,0
1,176,2019-12-22T02:01:43.000Z,9143514,0xdf37532cb620ce84008563d041e222a72bcde3863500b2fad9c62f519d945e68,0xb466a1fcdf30d711a4c4d9236048c7e36101910edea34079f48afb3f13643f47,132,131,legacy,1037495631847113015,110084166666666670664,1008142924737091105,0,8095372609332069,8095372609332069,0
1,177,2019-12-23T02:01:38.000Z,9148480,0x20f5fd7bd2fa2bcd344940680e975bbfe4ca933d74ad0cfd1b9691709f7b58f5,0x148a73c706a8f703f039db0762ddd61952d972638b15991c3da029850d7e3e17,126,125,legacy,1045777198024328678,110084166666666670664,1008142924737091105,0,8095372609332069,8095372609332069,0
1,178,2019-12-24T02:01:37.000Z,9153540,0x8e9d0a6f8faed255271f72df36549ac3032ee7a8ff9ab96536b0f82eea8b34e3,0x7f8525b6154b010d0399fc72bed745e8ceda3d087bcd6b5e50d247cea6c884f4,26,25,legacy,1038538455354880320,110084166666666670664,1008142924737091105,0,8095372609332069,8095372609332069,0
1,179,2019-12-25T02:02:00.000Z,9158583,0x1eaee669d9fa1dbab59f6e9a4b1f735f5a0246c0785c23522a41a0cac261163f,0x3efde2d620a89fe852b43154a3185605340a8e518ad9aca11050951d70e368a8,12,11,legacy,1026682143877540739,110084166666666670664,1008142924737091105,0,8095372609332069,8095372609332069,0
1,180,2019-12-26T02:02:23.000Z,9163577,0x601353cba6cc71f827e139d012edba0166b64477bc20358fb5f2ea12ff15e44f,0x13752e103cb246f036e2974b22cc6f5ad0e9764c121ea6516ad8eec986d302b2,21,20,legacy,1019322023746654769,110084166666666670664,1008142924737091105,0,8095372609332069,8095372609332069,0
1,181,2019-12-27T02:01:51.000Z,9168546,0x179df1967b80d6055e58dfbdde8c9b8b3a7d0147221a665934921d4306fe2b17,0x246b60506813768210f56a0c8ce5412025f1dc78b031d94b612233b8bb1dae8a,71,70,legacy,1022115133845813581,110084166666666670664,1008142924737091105,0,8095372609332069,8095372609332069,0
1,182,2019-12-28T02:02:05.000Z,9173597,0x5f91d8599963223c5778ba0d41792e7fe441bf9d8bde20905084e8275e90b34e,0x68553b2b8831a87c014ecd30409dfae95651dfc431e1e877afb0a304d4507ac3,2,1,legacy,1025111888374733768,110084166666666670664,1008142924737091105,0,8095372609332069,8095372609332069,0
1,183,2019-12-29T02:02:26.000Z,9178652,0xec32895a3412df7c3ea5cdb539c66bad103400fc4d0616b77736d8e896ad5f95,0x009d52c9518aa7223f8ae6150c96fb053ee93cc402304672bf2fd9ebf51a4fb9,35,34,legacy,1012858068323731625,110084166666666670664,1008142924737091105,0,8095372609332069,8095372609332069,0
1,184,2019-12-30T02:01:52.000Z,9183669,0xe18e0dd9d5ab48fb7b1b48d56c8f8ed0bc1d577035a58bc30f7f2c8aa9879f4c,0xb2b55d12edf0e6eb70ef708449d73dddf89fc7d0e94ea54125214f2944814c9c,16,15,legacy,1014626105649257877,110084166666666670664,1008142924737091105,0,8095372609332069,8095372609332069,0
1,185,2019-12-31T02:02:06.000Z,9188690,0x118cba9c7db9506a936640e9b75979872ee6538a40cb2840f0b7b3c637282f57,0x662170ff7ae3119f07121d95b69c5158f56d270732b621bbb5e2e360a19b5bc0,25,24,legacy,1021357060691476564,110084166666666670664,1008142924737091105,0,8095372609332069,8095372609332069,0
1,186,2020-01-01T02:02:02.000Z,9193689,0x4f1fa48feca33c3d7c2c3ecf98ad7af8616940d1ee89aca695f075b60673a03c,0x768fe87017a0156ec0ea0c516935e92579408e1bc214c4b5c96df2002605e765,8,7,legacy,1010905538988582487,110084166666666670664,1008142924737091105,0,8095372609332069,8095372609332069,0
1,187,2020-01-02T02:02:21.000Z,9198685,0x728f234767eb200e9ec854dceb7cc8ef3893c325d197329349e26e25f789ec51,0xe03c8bc0f420e0ea4521835ae16e4a2db2c73ca0c49616f4060d82783470d8e4,50,49,legacy,1005258505837804761,110169333316666669640,1008922874826380898,0,8095372609332069,8095372609332069,0
1,188,2020-01-03T02:02:11.000Z,9204459,0xd17d34f9efa0e5520762c5b77a393c14423e0a7f78f3801a54e0619bdc4d8f72,0x88948a1fb0305b0b3ef3fd398cd901ee08602cffec2196c76283270445fc7290,35,34,legacy,1007441739993558657,110169333316666669640,1008922874826380898,0,8095372609332069,8095372609332069,0
1,189,2020-01-04T02:01:54.000Z,9211008,0x7a2d9379c93333cf5d9e5028d09d47898a6a53e45c00ac18e6db60dd5a312a85,0xf8855b2a2b3121048a1de7da2f16d0c982b14e78af3589afe4c76cae69fbb471,23,22,legacy,1012360138152184865,110169333316666669640,1008922874826380898,0,8095372609332069,8095372609332069,0
1,190,2020-01-05T02:01:46.000Z,9217589,0xfd6a53d7dc975981ee48019fa1fdb9465f9b213fc4596891669a6f8f498798de,0xff502fdc9b0dc704d2d79f38d6b4fc60c3ebb69db7bffc8dad1c775276ad882d,34,33,legacy,1022150903751277786,110169333316666669640,1008922874826380898,0,8095372609332069,8095372609332069,0
1,191,2020-01-06T02:01:46.000Z,9224020,0xf4de79ee2108f3287a7b3838c4d0766a2c1bdcfdcf43026a4ce009c9587a60d8,0x2baf3532eefd41b6e6759ee696da8dd507a40944c487080db52e25db711f8b64,76,75,legacy,1054702962881163045,110169333316666669640,1008922874826380898,0,8095372609332069,8095372609332069,0
1,192,2020-01-07T02:02:15.000Z,9230660,0xc9ec27a0f39977342ec931e0eedc4db1ed85e3eb72b0daf9cf6f02c1246a859a,0x02b757d04115aa63054cbdf218516efbc0ba4a2fc86149510d96f985935035cb,20,19,legacy,1050649118369574577,110169333316666669640,1008922874826380898,0,8095372609332069,8095372609332069,0
1,193,2020-01-08T02:02:02.000Z,9237167,0x4e3e40c283e035e10ee61019eaf1bcdcbfdc4bba81e6e55617710fd762810cd4,0xd4183c1b6fb8a9e4b40c0799e7c67cc132fa41532b7b8a6d35d03cfd675174a5,3,2,legacy,1045213653599602907,110169333316666669640,1008922874826380898,0,8095372609332069,8095372609332069,0
1,194,2020-01-09T02:02:06.000Z,9243665,0x6a61fddece08c9256be37c01efb5fcb78debc5c844780d942c90da1c3ac4ddd3,0xd0c631c8b268a1f2e9cdad31d683c5f383606f6793c03c86eab91b60e42a7ee1,33,32,legacy,1037936386784136757,110169333316666669640,1008922874826380898,0,8095372609332069,8095372609332069,0
1,195,2020-01-10T02:02:15.000Z,9250184,0x5248a77cd0b6a3f4437d58e61a0f50ce181fd522b8f6d7dc3ad318747a003d1f,0xd21f8519b4a204b621600f81a4254fe56aa54ad240da635b90e85fe583f7dcc0,115,114,legacy,1025900439631668530,110169333316666669640,1008922874826380898,0,8095372609332069,8095372609332069,0
1,196,2020-01-11T02:02:09.000Z,9256776,0x572e225ed21c90f81095b3822540a443fbfd99d637d849873bd4b0b02005e44d,0x2cef27d6d69f57c4dfecd09410fd08ef3d53e26d49442b1ed847917adf31cc5d,17,16,legacy,1033954666501094550,110169333316666669640,1008922874826380898,0,8095372609332069,8095372609332069,0
1,197,2020-01-12T02:02:03.000Z,9263271,0xe950ee6836059630a43b49747a7d88b5f975a0ace0021761797f5cfe6ffd1c89,0x971b13d4b6676ac464717444c974caa27363f57e24edb7b4ecb1b37b6341f95f,22,21,legacy,1025836177775519076,110169333316666669640,1008922874826380898,0,8095372609332069,8095372609332069,0
1,198,2020-01-13T02:02:01.000Z,9269800,0x099275381b4712f09a89b54bdd9975ff0f9158b9ccdee486a882a69ebce32749,0xc37e7496eb607d410c984a07bd201c13c4c939c95127643f0c597280f5b06297,42,41,legacy,1000322298544435027,110169333316666669640,1008922874826380898,0,8095372609332069,8095372609332069,0
1,199,2020-01-14T02:02:06.000Z,9276349,0x361c7dde13c96a14ea106a7b5cfa997e9920c3d5de8e218509931d959bec8554,0xd780eb79b0bd005bb4a40972fed9c01309bdded822564dc78a781155246a1f5d,16,15,legacy,990959241489268118,110169333316666669640,1008922874826380898,0,8095372609332069,8095372609332069,0
1,200,2020-01-15T02:02:00.000Z,9282863,0x1198ee4a5305a945fbcfff19d1a66a5f44337fc5a7a58a6dc8850384ea119116,0x836796e5e60721c6261755eadc9bd3d66627e7bcc9af58163ca284f13550c03b,13,12,legacy,1005963086358851486,110169333316666669640,1008922874826380898,0,8095372609332069,8095372609332069,0
1,201,2020-01-16T02:02:23.000Z,9289355,0xa317e58aada53991060b638474c81679f45d266324662a26e1e093a6f700a545,0x1867451693cfcb2616b5a9432ba24b8e20594f276bddc243803e6784f7bd92b4,178,177,legacy,988369221319524044,110169333316666669640,1008922874826380898,0,8095372609332069,8095372609332069,0
1,202,2020-01-17T02:02:02.000Z,9295907,0x8c96613ad11eef545c3f77fd55d36a4a7d4c7b7df7ab7e87acedf6707bdc0f98,0x5e7547e34ef05d32ed92523e4d9be87ca52d94bc955208d89b0356b6f7aacb41,18,17,legacy,981058866637787244,110169333316666669640,1008922874826380898,0,8095372609332069,8095372609332069,0
1,203,2020-01-18T02:01:46.000Z,9302466,0x385834b9a7fdf907eede4e61f8c3fe6231f30ef622550249e50f43c1263bacc0,0x8cee39f2952514a426ada933c660d80b343104c84c801723ab6501083bf2e089,31,30,legacy,976943341947881167,110169333316666669640,1008922874826380898,0,8095372609332069,8095372609332069,0
1,204,2020-01-19T02:01:27.000Z,9308952,0xf6a6a4ff69d8cf0b22769230da0ed93271b50e21ab822cd824695e23f742d79e,0xfe25c0c9b0107416723c6b0986c2d5c3f43f0e5b9d2e30825ec8e2af65ee8341,135,134,legacy,981473676409037157,110169333316666669640,1008922874826380898,0,8095372609332069,8095372609332069,0
1,205,2020-01-20T02:02:06.000Z,9315497,0x285eb31e05189e75217832c4df3fcc7195d9e0b412abf30f8ea38472ca6bf6c0,0xcf89d7e9252dbc4f103c6700ef2bf62c2a4f5411408a59570e01c4ddda54d400,37,36,legacy,976285391199001675,110169333316666669640,1008922874826380898,0,8095372609332069,8095372609332069,0
1,206,2020-01-21T02:02:02.000Z,9322030,0xf8eeb1077299b7590b92c940e0a9d67d6e6fcaa159c74dcd3735b1b4acaa4e19,0x0998430dfe807d36c69134f0eb235ed33d2b53e783290440aaaf2d48030df19b,23,22,legacy,967656074448258217,110169333316666669640,1008922874826380898,0,8095372609332069,8095372609332069,0
1,207,2020-01-22T02:01:29.000Z,9328574,0xd5029bd4c96974c7315dd625d9c49752f8ebce2692c448b53baaab9b13506af8,0x759e588578cbe3ab00b2c66b1a80ebccfc02b4727343083042a1ed2d39d2a993,68,67,legacy,969818300447828699,110169333316666669640,1008922874826380898,0,8095372609332069,8095372609332069,0
1,208,2020-01-23T02:01:51.000Z,9335087,0x379b0c559bc2c7df3de239ed3539fa685dd64f4476deee2f21fc378d4b78d543,0x57b84b7c549e006ec368243fbbcacf8ad960c3fac98958a4d95ed619deff62a2,20,19,legacy,975220210890507462,110169333316666669640,1008922874826380898,0,8095372609332069,8095372609332069,0
1,209,2020-01-24T02:01:34.000Z,9341656,0xd77923d33da7e507bab6dd5408622a0fcf9bc92d2355478aab8827126a4e61dc,0xb44a3a4e6d66b5273916ff84c4f47d95f5bde0bc971374cfddf5c7015973b937,34,33,legacy,968327260610408771,110169333316666669640,1008922874826380898,0,8095372609332069,8095372609332069,0
1,210,2020-01-25T02:02:02.000Z,9348169,0x126dd9f7aa9b2162db8116cb0636f6278800dc4224a9a036b4256ea2fc7e6875,0x46e97f95669539e53e6158c87a305c05026817b5d2d6091ab045af3f869fef5c,89,88,legacy,983266211876551681,110169333316666669640,1008922874826380898,0,8095372609332069,8095372609332069,0
1,211,2020-01-26T02:02:22.000Z,9354649,0x8eb3461721ea7631ad2a64dd3f83c70a080403b7eca293842167a27535395bca,0xba95623980658aa19a080cd37a9a5b1d59a9d8ce2b31046e04cd1872a58fc74f,17,16,legacy,970949060716287099,110169333316666669640,1008922874826380898,0,8095372609332069,8095372609332069,0
1,212,2020-01-27T02:01:54.000Z,9361176,0x64a8a08623e46817abd385987fe9f068163cda9b137408a57944524fc4561a49,0x2eb82626035d15478d23ace07d27fb75850c1926bfe47c9999e8c3f5322aa3b8,36,35,legacy,967886668343822171,110169333316666669640,1008922874826380898,0,8095372609332069,8095372609332069,0
1,213,2020-01-28T02:02:13.000Z,9367699,0x6622aa8242152b0c8c234fd133d73f31a5ee1a33cd57c4ec400cc48725c8ec29,0x2418fbff4ea3941fd3e135113f3b59296875cf619eb877e9f9d5ed49d52e56a5,55,54,legacy,984628763382676232,110169333316666669640,1008922874826380898,0,8095372609332069,8095372609332069,0
1,214,2020-01-29T02:02:18.000Z,9374234,0x8faa20a73bd699945f8576c6e43931bdf9db0bf5eb9e6db738d1f2ca39ad0e56,0x090345f257f2dcd7411b0c99464e7e5eafa76b534156ecfa6b7dabcac7d60ba5,44,43,legacy,977818258284546060,110169333316666669640,1008922874826380898,0,8095372609332069,8095372609332069,0
1,215,2020-01-30T02:02:20.000Z,9380777,0x8cef821747d641c19be64427fdd05a471284655d9d6461ddd11c3e2cafbca4f5,0x203928e1edf0e0d5d3ce321b1ca0675a1864b4a575f57712bef9824f7f92f019,33,32,legacy,985822271563819450,110169333316666669640,1008922874826380898,0,8095372609332069,8095372609332069,0
1,216,2020-01-31T02:02:20.000Z,9387206,0x468ee83e693eb3e796609722889b0a1e0b1d0630e699041a130a9959b722a62b,0xe9065081a39b8fcd5d7d7da1d2d8090a3f8c0f1e8b6d176dc14274ed9e494064,70,69,legacy,983143984849096401,110169333333333341328,1008922874979013085,0,8095372609332069,8095372609332069,0
1,217,2020-02-01T02:02:01.000Z,9393701,0x4d81904ee3f6bd548944247b0ed73dd76a8a41b328c48195713935eb84e9e635,0x3b71f0047fd95cedf4ecec56cdf71db79df69da04189b0c7f43be70da4466514,23,22,legacy,981066954966222186,110169333333333341328,1008922874979013085,0,8095372609332069,8095372609332069,0
1,218,2020-02-02T02:01:32.000Z,9400223,0x3c2d6c9ad276218d7d9c43ad31dddd27c49135b3dafc11e71f377e856e63bc17,0xc448677cc406c96f83c3551a96747e9f234d4709d05d3a0013472d6b6d828fdf,26,25,legacy,1008900531496147094,110352666683333333144,1010601828685684561,0,8095372609332069,8095372609332069,0
1,219,2020-02-03T02:02:06.000Z,9406712,0x22e57a1887f1bb16544a9e7bb77a101afd14bf0f1cb234fc35f2ef91e8ba30ea,0x48b26f7b04faf1754563806a265e413d61c486e954484385b5362bfca90c782b,18,17,legacy,1014508642310957001,110352666683333333144,1010601828685684561,0,8095372609332069,8095372609332069,0
1,220,2020-02-04T02:02:02.000Z,9413220,0x25fea493eb4440a0481f567405fd4cca71fbdea264b9b381d821c5e9e55d0a4e,0x1138c3a8f90ad0a8f51713c766f5b889e96d717bd77723a3ecb983d17489af5e,49,48,legacy,1002701949523631290,110352666683333333144,1010601828685684561,0,8095372609332069,8095372609332069,0
1,221,2020-02-05T02:01:31.000Z,9419817,0x0f6a4d2ef7f6372a9697944b788a028f687805962dd393b8d881d2d1a6167d09,0x209495e5bba47ac5d8bc29dac997a80f3412e8a93d080e64b1f09e0f2b159b6b,110,109,legacy,981131965423741244,110352666683333333144,1010601828685684561,0,8095372609332069,8095372609332069,0
1,222,2020-02-06T02:01:34.000Z,9426314,0x27d9222be3015c39a9a92bc49768821733efab2b01360ade960e12a81379b1dd,0xf226fccba144f9d24561a615bd5e9b03fd45dbac7b7f82eacae7272459b59459,108,107,legacy,988468352409870238,110352666683333333144,1010601828685684561,0,8095372609332069,8095372609332069,0
1,223,2020-02-07T02:02:09.000Z,9432792,0x4e18bd388b4ed8fdca9ea9e5bc2050b07e17fa2a24d0ef816d6a7b33ba803702,0x3179ed4f0e45a549fbb27e032f1d8287b26eb03bed9b2f21755db13551d94518,26,25,legacy,993694619646212635,110352666683333333144,1010601828685684561,0,8095372609332069,8095372609332069,0
1,224,2020-02-08T02:02:15.000Z,9439294,0xd6d3263316474c8e6ab74ba0e28253d764fe39e9fb315ec08d8d06e1ab669715,0xc859c50b087646f52438e06ee5afa41fc4ed7c81ad09bac9735ef645db5199b2,52,51,legacy,993876997999947418,110352666683333333144,1010601828685684561,0,8095372609332069,8095372609332069,0
1,225,2020-02-09T02:01:56.000Z,9445763,0x2bb04c445771ef8bac3aa1541fc809396333c1ff28c872135dffea2fe7e10429,0xef053baeb4bb40075e8afa99a84c042f3d30f2f21cca698ff31c96310bbdce05,36,35,legacy,992019124338265992,110352666683333333144,1010601828685684561,0,8095372609332069,8095372609332069,0
1,226,2020-02-10T02:03:00.000Z,9452270,0x85585d0f0d74a62ae7d978e168b18ea9ca816879b97246d4ea707c97f650757d,0xa6162deba11505ee78637c8f86b498b4c9b1f6a78c6fde0cca512be6773c94b6,73,72,legacy,1004068488012057856,110352666683333333144,1010601828685684561,0,8095372609332069,8095372609332069,0
1,227,2020-02-11T02:02:04.000Z,9458853,0xc3ef163865aeee77ae17a9dc4e90fd53d23ceb389863305588e7242cad9266aa,0xb4c6d737b2e3f5608d4d3f71539de93f252c030e0548066b36dbe4c14f608482,149,148,legacy,993240546663271147,110352666683333333144,1010601828685684561,0,8095372609332069,8095372609332069,0
1,228,2020-02-12T02:02:33.000Z,9465387,0x93d934e4e7c63a79d043dd1a4f03fb2a64c0c5aaa1507665488903c9ec99a3dc,0x1c66ffbce06cadb73ab446feaf2df28211ccd03f561471ccef851618eb223cb8,37,36,legacy,996944377811896543,110352666683333333144,1010601828685684561,0,8095372609332069,8095372609332069,0
1,229,2020-02-13T02:02:19.000Z,9471819,0x2a71b15f60036d00a013c460876561188c15ec995631ea9d5572d9ce169b40e6,0x074f3e98ee9ae3a1f7b78b9dc1b61c01a6b915927b395c1551eece2b8ff8b70f,131,130,legacy,1063521725206322996,110352666683333333144,1010601828685684561,42391203797742,8137763813129811,8095372609332069,0.523647345754967083
1,230,2020-02-14T02:01:29.000Z,9478348,0xcb40517f29ef1220c4b116e265d66970e73cf938aa42cb5537f16150515c4a93,0xfa801424715d8bf4adb9e155c66122338ed165352a04339e3604a8bcb8ca925d,88,87,legacy,1067098937344041332,110352666683333333144,1010601828685684561,45493696264568,8183257509394379,8137763813129811,0.559044195792049821
1,231,2020-02-15T02:01:55.000Z,9484782,0xff66151c456fcc9622791169bd4a0e3f478086dd4decc52f77850c982aa8cc34,0x362b649568849e1b91dad17e97483486b950886f12b89ba9f668c6dcebc7f63c,176,175,legacy,1075669232055449229,110352666683333333144,1010601828685684561,52687745275001,8235945254669380,8183257509394379,0.643848066793883394
1,232,2020-02-16T02:02:03.000Z,9491252,0x6520f405c159411114a420645e19646b4943a9c17389223484ca0a0665375fdf,0x1cd54ecede5556b5f614ec377f5b4b3d6d6c8690c612f17ecd3c77738266024b,14,13,legacy,1038387656452733407,110352666683333333144,1010601828685684561,0,8235945254669380,8235945254669380,0
1,233,2020-02-17T02:02:10.000Z,9497848,0x415375b1948995947cadd3f4da5ee01641b38cdecfc9c60eb27b71beecf3412f,0x78eb0114e90686bb33b8d1a0d8b4246e414c516e6e94298033c46147074ecb89,44,43,legacy,1051763241829557305,110352666683333333144,1010601828685684561,0,8235945254669380,8235945254669380,0
1,234,2020-02-18T02:02:31.000Z,9504287,0x4c622ae9c2ee44f8540feb01697bdc47dae2fefd64098a3215471614928b4f65,0x94cd3f559907c17fbc4023ef98c334805c5cd40102c2602b6353477a8170c300,167,166,legacy,1069116981990711479,110352666683333333144,1010601828685684561,47687188515733,8283632443185113,8235945254669380,0.579012937084503879
1,235,2020-02-19T02:01:59.000Z,9510801,0x1d1b5602cef9daae8de89438b8d21a560d88facbef5c419724930235ef483e96,0x802222545c4cd5529ca191e7cdb343497149e60447ffc11cf9f861c06fdc190c,110,109,legacy,1075065118567645010,110352666683333333144,1010601828685684561,52838831704383,8336471274889496,8283632443185113,0.637870307100034848
1,236,2020-02-20T02:01:41.000Z,9517334,0x9d3c4320e80714ccd6e4a3af0d38743822bd7da551571257ba6eb696fbd01ec5,0x8631c04de7b5c9feef8f7236bcb845ca49c681ac86fe45fb1b04a0ad9ec5bc81,112,111,legacy,1095781077086069604,110352666683333333144,1010601828685684561,70264503521627,8406735778411123,8336471274889496,0.842856662066029734
1,237,2020-02-21T02:01:57.000Z,9523816,0xdad9c84afbf0c912e0614971237121ee0c9de5f9cfc500e730644852d6b87895,0xf8e3a9b9cd04658c46b91611f4d9de8ebf88aee51004847f6e77f7bc6b5813e6,71,70,legacy,1044149390676819147,110352666683333333144,1010601828685684561,0,8406735778411123,8406735778411123,0
1,238,2020-02-22T02:01:59.000Z,9530274,0x00de3ff8ce9cb631736ce0d4311c8b265f9d4a282bd3a96b0c4b61345a8b2046,0xcfab39122a47965a0931ea9c1d637e13440020e50a5b12e8e204defb024c089f,54,53,legacy,1098130732383502410,110352666683333333144,1010601828685684561,72811303668282,8479547082079405,8406735778411123,0.86610672188918694
1,239,2020-02-23T02:02:06.000Z,9536815,0xf8730823555299d3e4c567748f6d4a85c1dfd36689e740f662968879d5015807,0xb9a7c1586f3c07ca8629430754397041599495c90ee23718ad7c56b87bd92fe9,78,77,legacy,1153951391379814490,110352666683333333144,1010601828685684561,120278761779128,8599825843858533,8479547082079405,1.418457384750230388
1,240,2020-02-24T02:02:17.000Z,9543324,0xd646c3832e8f3d0b9806b3f71bae45abf0f6ceb5b8e2810e17bbc5771bb14bcc,0xa2f0e19186baf9a29f56119bf405d579f1d2c599216d03dac9f3761c4cb226bf,91,90,legacy,1196973623433830293,110352666683333333144,1010601828685684561,158595099627500,8758420943486033,8599825843858533,1.844166411122835371
1,241,2020-02-25T02:01:38.000Z,9549819,0x13791a1ec9a1cad4166be6451a80bc6f6fa8d8dbc8302b059424b38a61d0f37c,0xd2a6ccb1da3c95e5b066e75520df71f24fef153bb77bfededcb6a2be70a4f028,103,102,legacy,1244470294223979459,110352666683333333144,1010601828685684561,202683035835729,8961103979321762,8758420943486033,2.314150428981973003
1,242,2020-02-26T02:02:05.000Z,9556283,0x9e2064c2549efd59cffdc6ff4d214499a403323ddc656aac3fd9b62c9dc47cbc,0x0ca304f4d8ceb83cb811914828138f730334c8077f2dc014a81b8d55a078f6ac,15,14,legacy,1255922946054324302,110352666683333333144,1010601828685684561,217528603121843,9178632582443605,8961103979321762,2.427475494356523036
1,243,2020-02-27T02:02:04.000Z,9562852,0xc9ba51c80e075aea28507a8d813c17b9b022db2762338d3c7a265a3bfc35772b,0x4067e7dc4832f9247beae77090df3cbae19ab0a97f59d39a6e4183284689f5ce,152,151,legacy,1172971577473625817,110352666683333333144,1010601828685684561,147469777347068,9326102359790673,9178632582443605,1.606663912325461886
1,244,2020-02-28T02:01:38.000Z,9569300,0xbbf02044f1b25a35f8feecbf27d30a31df1badb8d4c810a1aec4716f3d3bcd48,0x9bbc64adea88ca281e5d2736526f7d0454a36f30b6b7553853a921dc6820ce66,66,65,legacy,1149872815245465897,110352666683333333144,1010601828685684561,128522969139562,9454625328930235,9326102359790673,1.378099490883635704
1,245,2020-02-29T02:02:25.000Z,9575827,0x886c935dd275e743a9e35e32f311c0a70959a343d5bb9c88949de5b4c94e56c3,0x8d79fbe15e5030561ec5c74311a0334a5bfd608b3e0ed3a4b9c954e6fe999208,71,70,legacy,1199256630521454953,110352666683333333144,1010601828685684561,176494878322206,9631120207252441,9454625328930235,1.866756980651034564
1,246,2020-03-01T02:01:56.000Z,9582370,0xd0bb18f859ce493c4fb8b7b1b0784e97f2b6798afb891b283a021f25d477879f,0x4c6bade997b6f1815c05bce09c2d11a8778702381521b14e87fa7b491bae5778,40,39,legacy,1195003990465856838,110399833350000002388,1011033777645496542,175250251119500,9806370458371941,9631120207252441,1.819624792841156581
1,247,2020-03-02T02:01:53.000Z,9588833,0x822c57a771005a5df333db4bef5f6ce091b7d1a507d229970404f1f94baefc52,0x16421fd4b83e2414182f5c45c71b78dcef7ba8eca6ebbfedb009c92f2ff6ab18,42,41,legacy,1165137201345665066,110366666650000000340,1010730039379092383,149809916859721,9956180375231662,9806370458371941,1.527679557851341101
1,248,2020-03-03T02:01:53.000Z,9595373,0x0f4d88111d6fd9df93065af3842af53e79d64ab62059302a37e5c6207fb0c0a6,0xc9f106ea8a05dd14ee296a58c7dd5159838c593e8b8d8a7eee8e812a404763b4,56,55,legacy,1215758537077140376,110366666650000000340,1010730039379092383,201962999575884,10158143374807546,9956180375231662,2.028518889415808646
1,249,2020-03-04T02:02:01.000Z,9601871,0x69f9ad1dd59bd3c0c48431da247a3ea237c55a965e1e589746d78a66478dec46,0x8367e8bbf03f6410fdafc9e5eadc1ca33feecc3d4eb2e1dccfbf3d4815514087,78,77,legacy,1311846310089829020,110447000000000002728,1011465726452676361,301672014759793,10459815389567339,10158143374807546,2.969755432946017195
1,250,2020-03-05T02:02:11.000Z,9608406,0x4c37cff793fbcd3b90ba808c729b14fe784ed31d671738cd3d4b0f2095c6dd00,0x8553c59513dcd255f19a213b738087df84ac84a475e9db355e4a7888b9d1a974,22,21,legacy,1525756720000000000,110447000000000002728,1011465726452676361,531840942143268,10991656331710607,10459815389567339,5.084611174626736213
1,251,2020-03-06T02:02:18.000Z,9614811,0x79769cd408f9131fa1ed7f2dd7fba6f62e615e6013482c844b6454111b20fbfb,0x875523f8949045d18b018735077e458254e34ef078b6652642e2571cb1096bda,135,134,legacy,1577528899094960675,110447000000000001364,1011465726452676348,615144111461187,11606800443171794,10991656331710607,5.596464198817008424
1,252,2020-03-07T02:01:59.000Z,9621384,0x2e929ca9782d14e9a6f45eb4cad11aeddb13735fb19ca78327b4f31dfc63c371,0xc6badca2fce0279969d9c175b8088a17689d28846654f089c36be590ef5ec69b,116,115,legacy,1534304162363915403,110447000000000001364,1011465726452676348,599969057866613,12206769501038407,11606800443171794,5.169116681243287295
1,253,2020-03-08T02:02:11.000Z,9627951,0xd524f3469e27cf92fbe0f7e39afef75804d81b2405474ce6f3600e0b32c3c2d4,0x321c11a5b4283601e2941e3e8506c788045d66f0ec3baafb506174f247d1eeea,33,32,legacy,1502598484781013973,110447000000000001364,1011465726452676348,592718489468630,12799487990507037,12206769501038407,4.855653982965833418
1,254,2020-03-09T02:01:59.000Z,9634466,0xa5954a4e4d933e9177a8883a0d81d75a84f0ca5c95aa3b6c7f9d4c232c8fb791,0xdcee4f9f57066fe7070b85680dd6e31b9dc150ed147765617246197c7f690b77,49,48,legacy,1363205126916259533,110447000000000001364,1011465726452676348,445104971357862,13244592961864899,12799487990507037,3.477521692180045385
1,255,2020-03-10T02:02:03.000Z,9640911,0x27c11df18d8a7751c5721cf2c9478e86d216d51c9607dadf1d18b6d311a604bd,0x237e34564410dbe0b77532c4391e637830c47bfc979576bda6a7124614cc6708,106,105,legacy,1191442177971590206,110447000000000001364,1011465726452676348,235669363849705,13480262325714604,13244592961864899,1.779362827746136189
1,256,2020-03-11T02:01:52.000Z,9647433,0xd84471b487478cab073d56dc1c9f81946030072c7f37e6f4657fb7e5a3e79870,0x05cdfe7944527713525266a0a544eb3574e533b0590771f54c2f5a25ab198b2c,119,118,legacy,1143713487185712099,110447000000000001364,1011465726452676348,176252586721045,13656514912435649,13480262325714604,1.307486326767024916
1,257,2020-03-12T02:02:48.000Z,9653962,0x7b5720b8398b9dd13a7fb82890e80497f818fa4b71f60f820cdaa3d17adcaef1,0xfc23dc54d052013fa02f797ebbd53978ea4779a41cfddc9ecd8466519733223a,211,210,legacy,1055707466011650914,110447000000000001364,1011465726452676348,0,13656514912435649,13656514912435649,0
1,258,2020-03-13T02:02:36.000Z,9660396,0xd3c11097cb1a4cf34ccfd43df418950f0baf51e9a90552d9fb582648b15899fb,0x0306c1d6817fe7b5a7cbd40a627c348d1b3e12c3ab6fc29c586595e08b79b898,191,190,legacy,835892567153104030,110447000000000001364,1011465726452676348,-237053753329548,13419461159106101,13656514912435649,-1.735829051917824157
1,259,2020-03-14T02:01:54.000Z,9666767,0x8304a75669c381d5fc323044fd4c7fa44de163dbdf8d077646cfe69289eb03a7,0xd67f860b3be7826f6c27685e11cecf7f69d732b20df378e6ee9ee07a4ea59369,108,107,legacy,604714688642843494,110447000000000001364,1011465726452676348,-539650490428212,12879810668677889,13419461159106101,-4.02140208187136534
1,260,2020-03-15T02:02:03.000Z,9673267,0xd80463a347288083fc4f84f874d1817c288c803b7acadf8c7e1aa884dcf95762,0xa855659b7387369520ce40313784787455c60350f290e71623651121b5896e08,41,40,legacy,575119910000000000,110447000000000001364,1011465726452676348,-555634398180776,12324176270497113,12879810668677889,-4.313995077055055836
1,261,2020-03-16T02:02:21.000Z,9679770,0x7a2bc6deabcb9789141e533dd767b9d6c5542ff9f2ff6561f080baf27a4f5afb,0xd99256dd301db585287926e4597c95803a883a77f6c6b7a84e6b377738d133ab,69,68,legacy,550071577756059712,110447000000000001364,1011465726452676348,-562184428992523,11761991841504590,12324176270497113,-4.561638982220160176
1,262,2020-03-17T02:01:57.000Z,9686235,0x37fa36ede3da344e7146ffd45def2fd3868551b6e3ce89a6b3d91e4b990a513b,0xa14f2b5ff56d88881ca5bfb5ac4739939cac6a1004234209b1554b256512d222,61,60,legacy,507108089706482074,110447000000000001364,1011465726452676348,-586500387849456,11175491453655134,11761991841504590,-4.986403627486542021
1,263,2020-03-18T02:02:15.000Z,9692745,0xd1b1c31e4486b5189ceec19eade935d823d7ca622b42db3dbee7949dffc6e80f,0xc9959935ec7fe2b39f26c61ec8e5f258d2f967119ba74ced10cfbfbe3e78f633,274,273,legacy,519312165713044274,110447000000000001364,1011465726452676348,-543771060955374,10631720392699760,11175491453655134,-4.865746291430650711
1,264,2020-03-19T02:01:38.000Z,9699288,0x0bce2aaa4b680c6d07f1561a761811a971ddaa698c67df1bcf274fee3fd42323,0x83d47369d22ab8241832241926c8cf1b5a9ef4080045eb664aa749b809ccfa3e,145,144,legacy,520507559272590843,110447000000000001364,1011465726452676348,-516056038426254,10115664354273506,10631720392699760,-4.853927862706043166
1,265,2020-03-20T02:01:48.000Z,9705729,0x15a8e677343980008b24d7199ee3fd904d0cda75987154d2ea0a6dac023c3dbb,0x0cf4afd04832dcfa98d6bee41c93b4d85aceddc2e5be7a489e99ae689b413f6f,122,121,legacy,601163201767242696,110447000000000001364,1011465726452676348,-410343377425656,9705320976847850,10115664354273506,-4.056514362818894987
1,266,2020-03-21T02:02:02.000Z,9712222,0x4d0f019dcfdf1121142e5c40784fce499989937a0945973ddd027d97ac96d1bc,0x98fc2864874298d80a767728b927ae90e78853359c4a98615494809ddfe9e6c9,73,72,legacy,677357296128066691,110447000000000001364,1011465726452676348,-320587190704267,9384733786143583,9705320976847850,-3.303210594157898245
1,267,2020-03-22T02:01:57.000Z,9718606,0x3761b77d57a9c87f5636faf45f1bb3b0ca757f64399cde0f2ee8d059c52719c3,0xc66294d31926ddb6c209c040c9d43fa2470b2ec2eab731356b02ee5bf277d33f,128,127,legacy,677629580597038236,110447000000000001364,1011465726452676348,-309744885576599,9074988900566984,9384733786143583,-3.300518614965217473
1,268,2020-03-23T02:02:05.000Z,9724958,0xb6223a09b6869e9733dfefaf641b33ffdeba6499f2e268fa6f3bf46b4ae4fe37,0xb6bd49ccee0e11792ebacaf375c7c5abc4dd53602540105f09a28aaa2077e253,17,16,legacy,667703383886767542,110447000000000001364,1011465726452676348,-308427597854398,8766561302712586,9074988900566984,-3.398655372847102521
1,269,2020-03-24T02:02:04.000Z,9731393,0xabb9ff784ed7d96165277224eb1155222ebd303e1bc062564f4ba6981af17fe8,0x764d87baeb2c5275be57df4a19a8aa7fbfd97ab0c4a4e3befb90c9d9e9ccda10,162,161,legacy,852642736442639925,110447000000000001364,1011465726452676348,-137654835135754,8628906467576832,8766561302712586,-1.570226116974283476
1,270,2020-03-25T02:03:52.000Z,9737752,0xa606b22cfbcbda9ab02087880c08ecf2849de73a19b9ec27a7afb91da0b6a1ef,0x372af3cd1a834d6fbf3e830e8204a88232fb173e741504cf2046bb33addf38f7,53,52,legacy,1132551841069401576,110447000000000001364,1011465726452676348,103299669996173,8732206137573005,8628906467576832,1.197135122327749546
1,271,2020-03-26T02:02:08.000Z,9744111,0x4d36cc96112937d8e7a463040a54164d5006f47b3d8dacbc52245274a2085208,0x6de8a3df01c7f8e57463004ed54619a24e3d5dc24a3ea5772a194b1b7aacba81,32,31,legacy,1143378193173809964,110447000000000001364,1011465726452676348,113882934576980,8846089072149985,8732206137573005,1.304171394751706749
1,272,2020-03-27T02:02:12.000Z,9750621,0xa8c8736ab278c90845a5b6dfa86220059d21a6cc6412dca0913d17f89620bda0,0x1136e5c1261d27112c279225fa78961cca0bd6f6a3967cbed724e10262cb923d,38,37,legacy,1250783109980607355,110447000000000001364,1011465726452676348,209302484091734,9055391556241719,8846089072149985,2.366045405880865482
1,273,2020-03-28T02:02:15.000Z,9757165,0xcdff2349b9ed3b53910b789d361f3e34890d36a7564451b212756db876fabcdb,0x55504c1fd78c3385c65e66527966d061b96b97be5f0354ee4180a246976d8e7c,64,63,legacy,1304932295399863325,110447000000000001364,1011465726452676348,262733043837637,9318124600079356,9055391556241719,2.90139904172934217
1,274,2020-03-29T02:01:36.000Z,9763653,0xcda798f20611c5d3ad516c8937f994bce5c8fabecac243e18429d788254d26ea,0xa3f7d78213858d59f6a165453b8f3269b4360a546214364a347bd587da8468f1,237,236,legacy,1245488147923042951,110556666666666670608,1012470045942274491,214454908274352,9532579508353708,9318124600079356,2.301481440509237624
1,275,2020-03-30T02:02:07.000Z,9770201,0x1d37827f348ee4c604ab629eab02c14407eef8a65135ff9fc6f0a7263f192c15,0xb76d8ffcfcd0a0c81607cb8362dbd047c782240da18cc08fa94b5303892e2de8,169,168,legacy,1092854015674709911,110666333316666669584,1013474365279240460,74663243064035,9607242751417743,9532579508353708,0.783242804307115227
1,276,2020-03-31T02:02:04.000Z,9776692,0x008eea60ed76bb99780f5994fcbfea4c8c31fcee1f49830a330c05f0799a06f2,0x2597c8d76db0514e692fae378d7517ddffa40cb0af652462e39dc23e1f51f216,77,76,legacy,1094002610876739093,110666333316666669584,1013474365279240460,76336849781868,9683579601199611,9607242751417743,0.794576048061270791
1,277,2020-04-01T02:02:49.000Z,9783185,0x077a94ef82f5697ff7b56c3770992c0b59528e8f018855d774a340a4baeead96,0x17e6b26368d697cd1c7575ae8d76f3d2483e5f45379683f80e9ba1df32ac0089,253,252,legacy,1120238463282402263,110666333316666669584,1013474365279240460,102011326283426,9785590927483037,9683579601199611,1.05344645765899152
1,278,2020-04-02T02:02:16.000Z,9789700,0x5082441502e7a426c85f0eea5fb2728078080918eed85c48545e56b771051882,0xb6d4a43efc09f10c534e5bff62367eb375b26541b54ca6aa308b4cd332ed49c5,160,159,legacy,1205582087233787330,110666333316666669584,1013474365279240460,185489406092662,9971080333575699,9785590927483037,1.895536074083284223
1,279,2020-04-03T02:02:15.000Z,9796179,0x05a622dfe0c0648c13f36ac2564dbcac00733987e9a393559f6d9fc3ef1f1d3a,0xc1876a3e3ca0ce6b423af81073791c2b1a15a3c0cdadfcf4254a3aaf45703b03,69,68,legacy,1264284612756762102,110666333316666669584,1013474365279240460,246759978521342,10217840312097041,9971080333575699,2.474756699035160109
1,280,2020-04-04T02:02:09.000Z,9802724,0xb3a41f81782e3981288d06684cb63b87ce115c8dc6e75816de8a241fa4557937,0x3cbf9171c97167f8fc056ee25e1ea97e69c695e4f0513189ba75be598518930f,25,24,legacy,1182555375029089853,110666333316666669584,1013474365279240460,170467336581924,10388307648678965,10217840312097041,1.66833040422549359
1,281,2020-04-05T02:03:07.000Z,9809228,0x8580939229b1ef07542211cb348dc268190d7f79073e3f26778e15b523459b80,0x1ea98d42b9f670e226c52186fbba32bad2e09199ccd9c605afccd6716f494000,249,248,legacy,1216839277514105638,110666333316666669584,1013474365279240460,208452956050870,10596760604729835,10388307648678965,2.006611308603072009
1,282,2020-04-06T02:02:04.000Z,9815681,0x4c2bfc10afaf767cb8d1e01c7171ae0a52ba46fb7d91f5dfa177dc5207adcac7,0xf814e26c37e3ca3376e1ba2d163137444536e1aafcd9f415356e38ed1b3c124b,152,151,legacy,1246490802440775940,110666333316666669584,1013474365279240460,243639058486449,10840399663216284,10596760604729835,2.29918432221353925
1,283,2020-04-07T02:02:15.000Z,9822177,0xa9b2d40aeb481e9f9a9d171e586cfdd5588dde15efa4f0e5771cb805abf609ca,0x134155825ba60255b9da87ff41e4a71d177abb2c7ebea7b26e19feb9729a433f,195,194,legacy,1242352133852697982,110666333316666669584,1013474365279240460,244813936135205,11085213599351489,10840399663216284,2.258347881452279577
1,284,2020-04-08T02:02:07.000Z,9828723,0x2a6b0a6308cf930d1b957ce6ebb0fc9831b87ced7b0262cbb544dd1fa889e631,0x6f19908adef8b68330fa0cd4f43fa1fa59226c6e0616f9ee715b3e9f2d132790,89,88,legacy,1217156038046727457,110666333316666669584,1013474365279240460,222783617055642,11307997216407131,11085213599351489,2.009736799917643122
1,285,2020-04-09T02:02:03.000Z,9835198,0x5e9b66e6f68830fc71b5544d3e679d0fd5c0e96d7699d9694898b440f6b8ea63,0x4da1116c7c12ee3daf8697a1693f2e2e9bb110884c90ff4ebba3a72581ac13ac,111,110,legacy,1199040750317074730,110666333316666669584,1013474365279240460,207048568504088,11515045784911219,11307997216407131,1.830992390090746396
1,286,2020-04-10T02:02:07.000Z,9841720,0x17f68f40cf7f262dd8e179938ae934a5f9f004630461cf25f883a9f8b65445b3,0xbc3d063150c238f8ad5dd4dc80acc10bca8c07ba151a671ce1eccc2a88e49bd0,104,103,legacy,1155904610320938879,110666333316666669584,1013474365279240460,161828542388380,11676874327299599,11515045784911219,1.405366035108888609
1,287,2020-04-11T02:01:58.000Z,9848149,0x16f126fba39ce4a60f969753c34d57cab8a759db56499873965927644a5c67d5,0xe72e414f7cd15803201093d986a9f5fb24202a4c909900df8f3603d087220700,127,126,legacy,1118326392833570787,110666333316666669584,1013474365279240460,120806602580138,11797680929879737,11676874327299599,1.034579967155267036
1,288,2020-04-12T02:01:44.000Z,9854616,0x19c2e025a831c48eb593a669a244726508f1ecc16028d845874bd80cf637c50f,0x16bf28a8dd636ee91744e3eb654678086c3af2fd38e781af4c3039edec25b2e3,43,42,legacy,1062187312808164827,110666333316666669584,1013474365279240460,0,11797680929879737,11797680929879737,0
1,289,2020-04-13T02:02:06.000Z,9861231,0xdf454cf8edba16a210182c701cf3a21d29512898561e000b0eda5a5967e0b480,0x1b355d7aaf90aac1dadc6a78188555585d4d28aa19ecf8675bebed665730904a,70,69,legacy,1074731692620202573,110666333316666669584,1013474365279240460,71308602106255,11868989531985992,11797680929879737,0.604428976593638936
1,290,2020-04-14T02:02:04.000Z,9867712,0x965e6b3629fa637b31cf1c11884301c426d1d692a0bff45ce5f292627ec58b5e,0x2e8794ccbe855335875fbf2796d923adb5e828f0554bd51a452ecd9cf68673a5,85,84,legacy,1049729147064819471,110666333316666669584,1013474365279240460,0,11868989531985992,11868989531985992,0
1,291,2020-04-15T02:02:54.000Z,9874214,0x9bbd925af885f27ac0473bba84bb2fc97054cb5c5ea298bbb0044ee43efb54d0,0x650829d28f617c6a3b0b67f2ef4f470a1843029bdf3d68e28ff1c28d70b3bb75,86,85,legacy,1075868009794359565,110666333316666669584,1013474365279240460,73070374444879,11942059906430871,11868989531985992,0.615641072459960435
1,292,2020-04-16T02:01:56.000Z,9880708,0x5c0cef67cbb1cebc891db7c3cf76eada74e1196fd41e0c88c7032fc48cc2d4f3,0x110c19e8b75ef5d727cba34aeb562448dbace3362417dee28fb31933fed5aa6d,113,112,legacy,1075914930068992947,110666333316666669584,1013474365279240460,73575513190720,12015635419621591,11942059906430871,0.616104037052260507
1,293,2020-04-17T02:02:23.000Z,9887159,0x04f5d3d68f5a04847dc9ff1e3edcaf269965f30d1b3467416a566bd150f3f68e,0x0e6974941aab2d1d1811d7e4f07e28ba3e04676dd78f133247b82f7f6cd1e9e8,52,51,legacy,1124369655261252802,110666333316666669584,1013474365279240460,131476179351605,12147111598973196,12015635419621591,1.094209126359674333
1,294,2020-04-18T02:02:29.000Z,9893584,0xbaa6edb03c8164541f73e7937ac1be4fb54bfd375a709c7a65ea1abb3336f5d3,0x18d140327e99f3ca2dacdc3d86c4d56c818598965c57ee6e229b7e22314366b1,120,119,legacy,1155097650873697504,110666333316666669584,1013474365279240460,169744190288930,12316855789262126,12147111598973196,1.397403727675298524
1,295,2020-04-19T02:02:39.000Z,9900008,0xd9fb7e200a6637a22867e68663b4577e862e53f1aa634d85a4c693067123f2c7,0xca5a4039682e2fb98788cc3dd9fa7922f8cda91687816b8e97ba5db783eba6a0,262,261,legacy,1151259800413426117,110666333316666669584,1013474365279240460,167452023706677,12484307812968803,12316855789262126,1.359535473758345097
1,296,2020-04-20T02:02:43.000Z,9906550,0xa474a0315e9a807e72e4a9ed4d14ac4fab96b0d2782e6b39c9b178438030e997,0xe37a2734c600d3bf99e9639dd6c4f9fe5c2cdf4de6fda657ecceb19227d588b4,271,270,legacy,1179692866119637220,110666333316666669584,1013474365279240460,204753371155073,12689061184123876,12484307812968803,1.640085892005750544
1,297,2020-04-21T02:02:14.000Z,9913021,0x7b5a20991374dbb4ca811e52a61a31daa81f6e3308b486129676a53bb3390f7b,0xecc213f73c2ae564bab51c04b930bc22845f4dbd40fb88c4370d8defba9d096d,112,111,legacy,1177525747070035611,110666333316666669584,1013474365279240460,205398191824014,12894459375947890,12689061184123876,1.618702824768480647
1,298,2020-04-22T02:02:28.000Z,9919464,0x5f3b763d8dad30ddcea06c1a1a1b7fd116577cd0d657b91ba3bebab03acfa9f8,0xf3defc114e87106487110d7f85dbd90244cf50eb4dcc383f57f0a940f246fb96,145,144,legacy,1178180018602949375,110666333316666669584,1013474365279240460,209555409444062,13104014785391952,12894459375947890,1.625158553253864391
1,299,2020-04-23T02:01:55.000Z,9925934,0x967bdf17934de3c8f112e38f98c3cc3f4f806bdef836917da817c89cac92ce30,0xd2dcdbc92d44d8d6e22e100b3e0ca88a2b6953d5dedb954afc7b00ca660646ce,138,137,legacy,1282200048315627521,110666333316666669584,1013474365279240460,347456772895595,13451471558287547,13104014785391952,2.651529157941210903
1,300,2020-04-24T02:02:22.000Z,9932378,0x6d6f6e0314c064e8aaf5ac1db39d2d2c1d3e8dce872d03d0a93ce7d7c9b74dc0,0x6b77ae9c84a512f41bd82290cb16619bb23c45c87ef8a4f5099c94bd46603313,81,80,legacy,1314990553990331107,110666333316666669584,1013474365279240460,400191319658391,13851662877945938,13451471558287547,2.975074644616337835
1,301,2020-04-25T02:02:34.000Z,9938847,0x0b418ee2a5e2c5248f3dceebb8d580d9612a78594527b719b49e2cf2e6e1b585,0x5e9ee370c94a1fe071c8f726ae602dd4e836c4fa91e6aa2f46018bcf12259aaf,27,26,legacy,1224520101911973707,110666333316666669584,1013474365279240460,288446801992759,14140109679938697,13851662877945938,2.082398370032614839
1,302,2020-04-26T02:02:13.000Z,9945290,0xea55ea01389bd88747f5e43c4c2108599cb89cb3b34b99f5a79746a204974836,0x063e2d7c7155ce793640a20e9b79dd91edbdeac1ce5277033d960c9ce88326d3,68,67,legacy,1262261579592638230,110666333316666669584,1013474365279240460,347110752662065,14487220432600762,14140109679938697,2.454795334116318277
1,303,2020-04-27T02:02:05.000Z,9951724,0x54ffd98e04536404ab325d154bb74678aa45172b581d28dd1d18bae9c6a36d77,0xf64ddf5140cee63f1aae9682a25fe743ce4fb35b0edc872b22dee962c308a44d,78,77,legacy,1345264703253658624,110666333316666669584,1013474365279240460,474281336392570,14961501768993332,14487220432600762,3.273791122314182145
1,304,2020-04-28T02:02:02.000Z,9958155,0xcdc33494681ff415c4f601236daf426251417f671d52b015837d88626b0fba4f,0x4f2161ff3eb0d0dff79098e95423137adb73bf5cbf470a039132f7991e6f32c7,26,25,legacy,1390685421014442084,110666333316666669584,1013474365279240460,556861038721100,15518362807714432,14961501768993332,3.721959515288469436
1,305,2020-04-29T02:02:06.000Z,9964626,0x015d2346d876526233cc6c82a15dc7b5a5d825aac90120f414f90085826082be,0x9b425b3b5b0ade1f673348692218e1a36f449420998f40961025f665e14cf78a,69,68,legacy,1424754638179570331,110666333316666669584,1013474365279240460,629754112109643,16148116919824075,15518362807714432,4.058122109354099708
1,306,2020-04-30T02:02:36.000Z,9971143,0xbcd1c2006e48cfff392449b9d418938864eadbafa3303bb5f78c85f3f1691a5e,0x49cd5c59770644c8705a6a8076c7989ff43053513f1a7d71152a765494d1793b,12,11,legacy,1502953596353671022,110666333316666669584,1013474365279240460,779908019778839,16928024939602914,16148116919824075,4.829714967083206356
1,307,2020-05-01T02:02:25.000Z,9977493,0xa2d92855a819ffad1f9ee63c46fe7e2167a7a54310805144759d2438b4f1687c,0xb2ba0becff6b9114ba8961911fb7ce68e2879f30428d7192709c185783d78ae0,62,61,legacy,1323646539021785614,110666333316666669584,1013474365279240460,518079437681481,17446104377284395,16928024939602914,3.060483662624103814
1,308,2020-05-02T02:03:29.000Z,9983983,0xb46ee4f62e587a9d97dcaac78e45d88d5924d99eb703633cc4451a990320cfdc,0xc4fe5d31078dc289f273ef2117788501a2ddf1885629a150b5d4707182e01e59,95,94,legacy,1284575230405525757,110669333333333327120,1013501839217302254,466617276217909,17912721653502304,17446104377284395,2.674621601057629106
1,309,2020-05-03T02:01:54.000Z,9990437,0xe5c784580055eddd00b73574bd5cfb16a394c23eb808977a3475d9a4c3748348,0x4a2f107c5079c133ff4450a49637a239d53aa13ccfde58b986ed8d05be997875,47,46,legacy,1332193590074470752,110669333333333328560,1013501839217302267,563258635108188,18475980288610492,17912721653502304,3.144461495040645592
1,310,2020-05-04T02:02:00.000Z,9996869,0x820caa3450e9ea5e9e77ea69c2ff334275c11ce40e6d9ab360c18aa496b47861,0x60f7dae27b3c869c96ccd8e6e3e418457e42a6bdb3a1de1e7ad1e7cad55d55ce,83,82,legacy,1222577441689185606,110669333333333328560,1013501839217302267,381141558961853,18857121847572345,18475980288610492,2.062903039557838815
1,311,2020-05-05T02:02:01.000Z,10003429,0x6b8408acb61c101dc1899b613f65ff423dab783941b8beef70be33f9040e9b8c,0x2bba665b7e7c1644e937cc90eb0f37a1ccec42e5cce43d69f302e8fd5e03b71b,146,145,legacy,1121989275042137023,110669333333333328560,1013501839217302267,201850723611856,19058972571184201,18857121847572345,1.070421696606060515
1,312,2020-05-06T02:02:38.000Z,10009898,0x675d223050f969adebb312bf6d817144b983662461f5f496f6002f3a427c7131,0x3852002debe72b615974f0975ab2b60277cd6f713ab2cf0e006a0d54fc33f1ba,51,50,legacy,1147876790804501339,110669333333333328560,1013501839217302267,252693030979840,19311665602164041,19058972571184201,1.325848127626217016
1,313,2020-05-07T02:02:41.000Z,10016328,0xb392a0a5e5ff176660b644402fc98d1149f254134e904574db39984bf38f701b,0x11f43ff3efbbc8e159e754f406077f7ca799eef06d13149751c449a2fd6b6149,179,178,legacy,1145820827843450072,110669333333333328560,1013501839217302267,252125843514807,19563791445678848,19311665602164041,1.305562392746455254
1,314,2020-05-08T02:01:56.000Z,10022813,0x8fd57c5b1b315eb7f135c6fc861b876ff06c6ec0fe6d89b4bcd573e87b97d5c6,0xb410b09318bed3c51f0d86a4570a479815bbc9277660ce395d4dcd88ac8e2f49,35,34,legacy,1137591953631045569,110669333333333328560,1013501839217302267,239533173490412,19803324619169260,19563791445678848,1.22436989862370918
1,315,2020-05-09T02:02:06.000Z,10029245,0xeb77ec1b7e4595dc6bdc05a1a91e4c0f4cedc1c7261867f921bf24141992592d,0x617c0ef28a71f6a4611733d746569b9b4f841899d1c255b58b6db4670a256bf7,87,86,legacy,1089807474392111249,110669333333333328560,1013501839217302267,149097436745218,19952422055914478,19803324619169260,0.752890939336995861
1,316,2020-05-10T02:02:24.000Z,10035654,0x8439e800c8b0f89201177b114eba79f4be6f87b91155d45b56d01fdc137d4e86,0xade12e33466d14832e03d87376abdf79447076da887e2e3b911f1afaa69bc947,60,59,legacy,929850215342926307,110669333333333328560,1013501839217302267,-164681744089692,19787740311824786,19952422055914478,-0.825372196058149958
1,317,2020-05-11T02:02:11.000Z,10042121,0xa6be35754201e3d193eb2050a755b057e8ae5a0ff9cdcc77fd6a00dd0a15d3a8,0xf27eee296cd82bf68adf0dfa79046be6398218967487caf80302574e1ed09b82,30,29,legacy,855465052670495803,110669333333333328560,1013501839217302267,-308553055445713,19479187256379073,19787740311824786,-1.559314255106367179
1,318,2020-05-12T02:02:00.000Z,10048596,0xba4484b3fef54271ef999f10aa688fdadcb1e60485ba2961307805c3fa536890,0x6caed88013f1c5ecf8de1410f85413ace88047ade80533b39d8e7aae7e30d232,24,23,legacy,895330174025606483,110669333333333328560,1013501839217302267,-227122231612806,19252065024766267,19479187256379073,-1.165973860323292884
1,319,2020-05-13T02:02:18.000Z,10054969,0x44a63716d6808585180c1e6f9d9fa6c498c315eb78a2220b466db2cdd80e2c9e,0x8387139ffb0b784af4147d13473ab5b210988c1837db54e41a22a20184a6476d,83,82,legacy,887779199371029411,110669333333333328560,1013501839217302267,-238817567344025,19013247457422242,19252065024766267,-1.240477668430918909
1,320,2020-05-14T02:02:11.000Z,10061487,0xae77128aebff005f6a20bdec896589c1723c707839f1745d2cc2424327447469,0x1abcd7e3471f0fe847903061ea354b220d4f6a0b860daa78c7428c223628807d,186,185,legacy,908610171898934643,110669333333333328560,1013501839217302267,-196776280986909,18816471176435333,19013247457422242,-1.034943038676399402
1,321,2020-05-15T02:02:04.000Z,10067936,0x28b36b3740ba7d228b55f43d92427f89b621e8a389dbfe5096cfc26644190258,0x644859d389a3310ffb909691a5d7c36cbbfafda72ceb4a4a329387fe047046f8,70,69,legacy,912027717472976092,110669333333333328560,1013501839217302267,-188394812231496,18628076364203837,18816471176435333,-1.001222867268708888
1,322,2020-05-16T02:02:22.000Z,10074315,0xa93bf5f3baa832ffb8e8d5bcd1b3ce3e5df0b64216d7ff8357603a29215408e4,0xdcd017ad1aa896842fbcd0b76a5af3568cce948afb6ebe85d2335f94325f2b17,149,148,legacy,938853281321428590,110669333333333328560,1013501839217302267,-137203405376739,18490872958827098,18628076364203837,-0.736540921854885612
1,323,2020-05-17T02:02:02.000Z,10080761,0x965d31c3de784243fc43495a8df49664ccc4aa9885bfeab29a236087ae4a7011,0x461bc84e3208a5f6f88a355b5981c3485d46f8cdce1a3bdb9011e38b3bc691ce,37,36,legacy,998384075626876372,110669333333333328560,1013501839217302267,0,18490872958827098,18490872958827098,0
1,324,2020-05-18T02:02:00.000Z,10087187,0xe2283fb7110caa7985fa42ae6bb63f8bfdf09b03151c298e4d7211e05af1eb1f,0xedea5e1ec7ee74949a2c6ccbe5e3008d53129135c9b701b7f8e5411e8209c007,83,82,legacy,1081429336512284276,110669333333333328560,1013501839217302267,123930581503688,18614803540330786,18490872958827098,0.670225693398247708
1,325,2020-05-19T02:02:01.000Z,10093594,0x83ab5d217d1bf3d72a5fc8b9b4b2c0f08d8a7c15252815e14d0a493bbaa5f053,0x9f9a38ea06cd8009cb0f72dea7b5f5c05de2875b43403450dd53547a5a209216,121,120,legacy,1137780488234906324,110669333333333328560,1013501839217302267,228260329306063,18843063869636849,18614803540330786,1.226230128142447225
1,326,2020-05-20T02:02:02.000Z,10100055,0xe00004e93d8b56002ec38b5cfa852ebebab48d026c1ce847c5747630b0de5e61,0x2369e706f87aa56af76cb6d50c12d5b3b99a7e4edbc58b086ba7e44871ee4030,34,33,legacy,1175521666996304591,110669333333333328560,1013501839217302267,301227866083105,19144291735719954,18843063869636849,1.598614047944159427
1,327,2020-05-21T02:01:56.000Z,10106446,0xd71cdb283ece6c828549ba19b80ff5aff3d3dada09ad494339db65699626c97b,0xffea0008fc8992d6112f63dd5c2dee0615c97197b9910f033f9ddcd0c8e0aad7,179,178,legacy,1174351540282630937,110669333333333328560,1013501839217302267,303833055219326,19448124790939280,19144291735719954,1.587068664715476535
1,328,2020-05-22T02:02:01.000Z,10112911,0x47b8f023c8bbada652ef586d627a9b3cb7a3af7a3c6ee4bf3630377995053a99,0x7cc69cff0f78be2f06a8df26f0bdc785b0062ebd8c2fea26363c8e8a02e8558f,140,139,legacy,1138579339284066240,110669333333333328560,1013501839217302267,240011683818522,19688136474757802,19448124790939280,1.234112215951747966
1,329,2020-05-23T02:01:36.000Z,10119268,0xb22e23e4373da5d1779d6ac596c08f864800a342b36afd7a5e0e8a7b892b74f7,0x262af947fdb62755d20a97b216a04923f60f3f34a482033817646177ac7d0f72,117,116,legacy,1146467463000314320,110669333333333328560,1013501839217302267,258297049516252,19946433524274054,19688136474757802,1.311942599785485785
1,330,2020-05-24T02:01:59.000Z,10125760,0xc52d40c4e6c42391102421ef25242b2e28b5f5aaf9fe89f299305c56d4251115,0x029008d79d6abb16422116caf0179e82fd25f1045a535070188d34dc7cd60bf2,150,149,legacy,1081671157711807088,110669333333333328560,1013501839217302267,134162043632381,20080595567906435,19946433524274054,0.672611690050308367
1,331,2020-05-25T02:02:00.000Z,10132166,0xee12aaba3c238d194367f9b6bcc820bd68a4f445aa0323817dbae1d21e16e0ea,0x705a586f6b5d57d2f5e2afee90fb2a02b18079236b1a94d4102852958dec09b4,12,11,legacy,1034628802650961291,110669333333333328560,1013501839217302267,0,20080595567906435,20080595567906435,0
1,332,2020-05-26T02:02:54.000Z,10138541,0x85391ac21a3770f37569eab70a6294351c7328083256f285f2c91f8d0fa494ff,0xbd02c73350ce323eb05e2c329f0801a569a6e4c380b34f25a027daa38a646940,30,29,legacy,988583971166340788,110669333333333328560,1013501839217302267,0,20080595567906435,20080595567906435,0
1,333,2020-05-27T02:01:40.000Z,10145026,0xe8a401a20e082571f415579761207d47288cf91399114af91be0bc863eb3b9f0,0xdfbeb131a7f615bbccda4837996b3a13cc4e9863fae0eeb07dc3dbcb4fd9c684,171,170,legacy,942328377157410857,110669333333333328560,1013501839217302267,-141016567655777,19939579000250658,20080595567906435,-0.702252914655355121
1,334,2020-05-28T02:02:40.000Z,10151442,0x92a15dbc5a87b3233ce0fcb747638731cc61c1cc5c553a92322a04a45afe040a,0x3148e9aadea07f80f057ea4bf0d77429f08815cbda848d8ccd9159b535b706be,76,75,legacy,945955656863909640,110669333333333328560,1013501839217302267,-132889984712897,19806689015537761,19939579000250658,-0.66646334263740702
1,335,2020-05-29T02:04:08.000Z,10157879,0x22801067a2431b22d360505094f4287944c67bd7b3398c6db423b1a91a21c777,0xe11ae2a53e1c4a1d455704ef8168b7488fc1673c124748eec3689c5bb72110a4,2,1,legacy,972182397892494637,110669333333333328560,1013501839217302267,0,19806689015537761,19806689015537761,0
1,336,2020-05-30T02:02:00.000Z,10164330,0xe8df1cd8e62b887816671f9b04326b5f1b2ca4cdd9b5c17f99caf27db47b1e9d,0xf7def5f489db40e17d00f742de7dc11546a86952c6291ad6bd77b38dbe755c14,156,155,legacy,1005631133969144425,110669333333333328560,1013501839217302267,0,19806689015537761,19806689015537761,0
1,337,2020-05-31T02:02:49.000Z,10170786,0xd2e73bec9024a7f328d8fcf85363e34c09e5329e00b80f627cb468593628446a,0xfa381de54c57e52c8971de2d35de28ac5301935496c96841c5ffe96576e4891f,174,173,legacy,1031331393375696238,110545166666666668240,1012364729764793816,0,19806689015537761,19806689015537761,0
1,338,2020-06-01T02:02:32.000Z,10177225,0x6a88481a7afd138136c3bf81aacd548d2b7b9639f86340658c99a71ebce1c291,0xe77076305366af263fcf3c5b08dca4bc46f4f158871556c3bdfa829348d15558,26,25,legacy,1032455048515458297,110545166666666668240,1012364729764793816,0,19806689015537761,19806689015537761,0
1,339,2020-06-02T02:02:01.000Z,10183611,0xae83252e1c822a50c85632af37bcb80ea9fda3a785955dd2e58e04d6d14e000d,0x4d21640660d28e8dc7ee4203f0e007d1689de4c71709a184d6114af67ac7aa4c,10,9,legacy,1004083777302724068,110545166666666668240,1012364729764793816,0,19806689015537761,19806689015537761,0
1,340,2020-06-03T02:02:42.000Z,10190077,0x17e31f6c3de657907322d6bc8f123af6ad2cbce5c535ae878a432898f696735b,0xf5146bccaf07c48c86892c31bbade1b19fe1829426c1a83f4fd0357c251b418c,35,34,legacy,997423198208345376,110421000000000003240,1011227620312285322,0,19806689015537761,19806689015537761,0
1,341,2020-06-04T02:02:10.000Z,10196502,0x19a2d4835d93816b5abae161923a4248dc8fd08a9c9df4d0f63d8c7c2f59bc69,0x89efb3da3bc4e15a8daa706eacee063c4b4c14ee1955dec9a3490846e5713564,119,118,legacy,965889267213285061,110421000000000003240,1011227620312285322,0,19806689015537761,19806689015537761,0
1,342,2020-06-05T02:04:05.000Z,10202909,0xc07c6b4c68bf2e84bf373d36cd684b4f5e644dcedb22307275b9ae7bcc20df6d,0x9a68be7a404972c8898a06373d6cf4b328cd118d6f1296ba082559e59b2e1848,2,1,legacy,953241510268257126,110421000000000003240,1011227620312285322,-113576095608240,19693112919929521,19806689015537761,-0.573422925553801123
1,343,2020-06-06T02:04:07.000Z,10209415,0x97cf62402a9d639a136761dd46383ff74c75d546b8548a6fb178e0efe422aeef,0xab273e36b1445d89b236aad248ac4d31888eb583a69a8e231237a4762a3e684d,6,5,legacy,964284816815286523,110421000000000003240,1011227620312285322,0,19693112919929521,19693112919929521,0
1,344,2020-06-07T02:03:56.000Z,10215841,0x45308e1511cc37805242071d52a624f288c6ec646467e3dfa256d5c8f5c49af2,0xbc043164dc0257248b32ced8e62b7f443837bff47f97cf5e440bba68ecb9dbee,2,1,legacy,964926026658844075,110421000000000003240,1011227620312285322,0,19693112919929521,19693112919929521,0
1,345,2020-06-08T02:04:02.000Z,10222309,0x98861ce164567177ff948189d4a8eca535d66963f2513413f3afadde4067179c,0xcefde9d88fb80cba9803cd675f6a7710219c78bc1650a21fd4b58936d6d03ba2,1,0,legacy,960575064567671432,110421000000000003240,1011227620312285322,-98643122470651,19594469797458870,19693112919929521,-0.500901624195856337
1,346,2020-06-09T02:03:44.000Z,10228758,0x8956941e8a13dc2776ccdfd78c2d616a396cf6ad0f1fc77eda081534758defb3,0x98e82cd6bbf692de2fb2595f21784e6e731d8df2fbdc393485738ed4e9a04643,10,9,legacy,933263939840696990,110421000000000003240,1011227620312285322,-151069546718621,19443400250740249,19594469797458870,-0.770980528078451081
1,347,2020-06-10T02:03:56.000Z,10235175,0x3292631e2d40a7a1df5454c775e7cda21197cf791d298093ce821887757ab03f,0xb495b5bc468b9d7ef98af6fae3a523d10be1e7e14828ef862ef5f15cf298fb7b,9,8,legacy,921710801989372319,110421000000000003240,1011227620312285322,-172118649932415,19271281600807834,19443400250740249,-0.885229166260989252
1,348,2020-06-11T02:04:02.000Z,10241599,0xe6de48f9a23dddba263fa7a18a550a158208b5c5fe2bd436a6faf106562431eb,0xf8812d03a86a9229420c463b3dd8e3538cc28ba08ba5ae93879584b47f321f23,1,0,legacy,907007680868610105,110421000000000003240,1011227620312285322,-198615204044561,19072666396763273,19271281600807834,-1.030627895740131976
1,349,2020-06-12T02:03:57.000Z,10248063,0x06003a7078202047afb60a7d1c5cf4c9d38a6f2e3e29506a6765bc612c5b6106,0x2e66756b01beed8eae69931f6edf55fa403c81f4909e5f47d81f69d91cfcce69,1,0,legacy,920955616287210130,110421000000000003240,1011227620312285322,-170261154180680,18902405242582593,19072666396763273,-0.892697175312488926
1,350,2020-06-13T02:04:03.000Z,10254544,0x7e0eeb00e808972051e41753ab36ddb7b168d636a465cd4439bf94df1cbe053f,0xedaa001d23db2002bacc279f8959e46fa631ecf45d21cb417cf821e6ed4ff7d0,10,9,legacy,932898412966643535,110421000000000003240,1011227620312285322,-146417126059151,18755988116523442,18902405242582593,-0.774595212514586626
1,351,2020-06-14T02:04:00.000Z,10261048,0xeb3e70dcbcbd4c81fcd5dbc813b0db42131e4814be2e6bae71cbaac84d4af9fc,0x164ec7fb5cb2185a66880d44d6768f978c142a3f555a1024353565e485d853af,2,1,legacy,923691479417314878,110421000000000003240,1011227620312285322,-162359768010031,18593628348513411,18755988116523442,-0.865642305813774192
1,352,2020-06-15T02:04:02.000Z,10267540,0xe1a29441570bd1aebf48cecf3b2f7ab581d3383aa4ba7058d128d2fdae6bd00b,0x2dd876a563e447b72e4c12c0f93dff8ad53a12cf1566350c0d5fe025fc5121f1,5,4,legacy,941936552637049136,110421000000000003240,1011227620312285322,-127406761281615,18466221587231796,18593628348513411,-0.685217316886950498
1,353,2020-06-16T02:04:03.000Z,10274043,0xb0e0f2e183dc3fc67cc66bc5df8dbdeb7a6e193cdeb9031980d644ed269e1dcf,0x1d9c24c7bf8070356f632293ec9db384a918b7aa9183a9df9a6594f02d629951,1,0,legacy,934147034051086681,110421000000000003240,1011227620312285322,-140758337428863,18325463249802933,18466221587231796,-0.762247635575803623
1,354,2020-06-17T02:03:58.000Z,10280469,0xa05ec613f52f2a9ed1ac1da526d0c60734c945dd2eb8ff192610745c4d970614,0xf9ddea2adddde37a25e6b0c795b2487edd38a3cb9be8ece3179644704f03ef39,4,3,legacy,1001231066246825194,110421000000000003240,1011227620312285322,0,18325463249802933,18325463249802933,0
1,355,2020-06-18T02:04:09.000Z,10286915,0xa4b7cf868253730abbf3e68bf4268f3ed1fa28e83fbeda905b87daa2f61435db,0xf28ab247bb7fa733923882bfd305033f779411c0859480df8bb98df9d62cf053,2,1,legacy,1008630169664013538,110421000000000003240,1011227620312285322,0,18325463249802933,18325463249802933,0
1,356,2020-06-19T02:04:01.000Z,10293351,0xea576150f883ff3fba99af8252f89157b83d164cab713c6139e36e3a1a4d300a,0x640375963b75330027e0074d6d452f48ccb4f73f823d8e9ea8c541d035bdf4c7,1,0,legacy,1030862220571765821,110421000000000003240,1011227620312285322,0,18325463249802933,18325463249802933,0
1,357,2020-06-20T02:04:01.000Z,10299841,0xec0f65306a1377269507594837b80d7c046965a7d5fd4522b34277674d55c145,0xe205d29c08b95d9f82fc2a3d72689b265a2f65a39c927d033063e5670496a900,3,2,legacy,1011714886010844943,110421000000000003240,1011227620312285322,0,18325463249802933,18325463249802933,0
1,358,2020-06-21T02:03:51.000Z,10306316,0x4b3ad1584d0896b367a09608db6ebabbbe6bf5fc70867560f4303737783b2b7a,0x4e25feb61e2dcd602b06a15af78bb2b7dca3c9d7ebc5d39a70015f5b2833cc9d,19,18,legacy,1003305850530347625,110421000000000003240,1011227620312285322,0,18325463249802933,18325463249802933,0
1,359,2020-06-22T02:03:48.000Z,10312796,0xe5eaf7f996edcb37aa33e2af9c6282cc3d9631bed14df7f30bc9264d53d38a82,0x57af06e6e5b00d0e217082d70a3520d3608a70dce64bacfc00a42b9243dc7b89,3,2,legacy,1008687657296424794,110421000000000003240,1011227620312285322,0,18325463249802933,18325463249802933,0
1,360,2020-06-23T02:09:04.000Z,10319257,0x4f422c6d9e2330467ec91038549a24d0c45247b453120adb92e3ec6db6e12f1a,0xf6b6c3198c5a21e8fb5e64c3321721d8fe1533c432ff1e4e1e0a3886962c975d,8,7,legacy,1011612087623413507,110421000000000003240,1011227620312285322,0,18325463249802933,18325463249802933,0
1,361,2020-06-24T02:03:58.000Z,10325669,0xc2686f304f0a270c9fdd619f5b7be4224bc9f63224b082dc59d27844394f26ec,0x4b52d125a04b93f25d009d5af346d63867b37bb922b184244b3c5bd77beda47a,1,0,legacy,1019170217315973200,110421000000000003240,1011227620312285322,0,18325463249802933,18325463249802933,0
1,362,2020-06-25T02:03:43.000Z,10332149,0xc3934240fb681a32d3aabf45c6cf7d4dc0833b8d7874076983579349c74077e1,0x28e67c4bd3f754a0ea7543d14211aa8498a4e699f1ea116dc656e3864be73616,1,0,legacy,1105152001385766483,110421000000000003240,1011227620312285322,170209729149904,18495672978952837,18325463249802933,0.928815423816008518
1,363,2020-06-26T02:04:12.000Z,10338600,0x3984a0ed9f0cdd5f1fd02538d5157cb8cc95e057a4d1785ca5ac7a3bef72c68d,0x7e5202cf845e41a10a7e20f73f80eaccf8ac283208d44aa4cf5ba2be7748efec,2,1,legacy,1153584633063677239,110421000000000003240,1011227620312285322,260375478400921,18756048457353758,18495672978952837,1.407764284636819885
1,364,2020-06-27T02:04:03.000Z,10345070,0x453baf513e086023e390fbf30ff41c281ac6095ef565d6196276c5dab43438cb,0xc0c9de42649af0267c9b9aed5d38d64b05c03d6ce4c7188acd11db443c441de7,11,10,legacy,1131175467201556361,110421000000000003240,1011227620312285322,222476876958290,18978525334312048,18756048457353758,1.186160706846876438
1,365,2020-06-28T02:04:19.000Z,10351458,0x8a812aec36c338509390000d28f7a19bbba48ebfe53bd685e2221474c2397d3a,0x5b1cb9a979b19f0f287f4ea27467963b286abb3c390c5e98bb74b3bec4524cac,6,5,legacy,1282481982460244365,110315666666666661968,1010262985179418970,511383195481288,19489908529793336,18978525334312048,2.694535989878715801
1,366,2020-06-29T02:03:46.000Z,10357962,0x5cdc9b905562d03b2f0904dcbcf0802b9a16550e9d58f438a64b06fb06a4ecb7,0xef02e17de107b563ee4c619b51f56eedbbdf025c699cb1398c48292529a68b82,1,0,legacy,1326519293672298342,110315666666666661968,1010262985179418970,610119010091382,20100027539884718,19489908529793336,3.130435472073770082
1,367,2020-06-30T02:03:59.000Z,10364361,0x0eb2559c36feb6ceb381f8fe88afc8e5fa1a33af130e7d2715f7c6c44672693e,0xa1b308968d8e39c1225cc3728aa5a8fcf4c6818f0f5d9c23daa5b7987872c73a,1,0,legacy,1666610763341054588,110315666666666661968,1010262985179418970,1305858831841499,21405886371726217,20100027539884718,6.496801207114110463
1,368,2020-07-01T02:04:11.000Z,10370835,0x0bf55e0712b4e5a6a44a58fd9749cde3fba0f1e08ccccf9fb572e4d2df05647d,0xda5189fe1c9b14474b041b79679a58e8672ffcfc353df06f5c277dc4d826cfd0,18,17,legacy,1984781538453448715,110315666666666661968,1010262985179418970,2064851798447130,23470738170173347,21405886371726217,9.646186859958632409
1,369,2020-07-02T02:04:09.000Z,10377212,0x7c93119386afa43d8b4152ac03b340b7c271f0984055296af239e7b0dda4f655,0x229e7fb0a2e72970480e5d033bc6e904d0eefed93c575247773f86b4be0e5fa9,6,5,legacy,2553819624001644399,110315666666666661968,1010262985179418970,3586037918057073,27056776088230420,23470738170173347,15.278760693663294897
1,370,2020-07-03T02:03:30.000Z,10383693,0xa3e069818f25eeef630c072693d0fb989f39ffa08065f88a5756a2f620a0e651,0x5fa4799dc1309c2b4cc3dbb1b9c20d85765f9525c99437d88e37908cff16d689,1,0,legacy,2322437209314462571,110210333333333321968,1009298350046552630,3520198372099529,30576974460329949,27056776088230420,13.010413216343243465
1,371,2020-07-04T02:02:10.000Z,10390137,0x265796621b402bb2aa66886b6b850d145cb47ca111f3d99226e5ca0328673320,0x922941f364547afb9f47f0a06b66030430f705300bb5f6253014beb2fe96ce4b,105,104,legacy,1902637801464062640,110210333333333321968,1009298350046552630,2706396734834498,33283371195164447,30576974460329949,8.851093944385280766
1,372,2020-07-05T02:03:06.000Z,10396609,0x4ae3da7475089623d01c6025a4be6caa0bd134b1c915e3d2037d967b2b7212df,0x6207ba405e071155a94a013d9c8334f292d82387dbf83dd1924e60f7d406e7e6,8,7,legacy,2102341947641330815,110210333333333321968,1009298350046552630,3604501660937716,36887872856102163,33283371195164447,10.829737287734223528
1,373,2020-07-06T02:03:44.000Z,10403083,0xdb49b1c07a3ac17609ecd08fb1a43de6ada0fec0f8ce9a995b2eec76841b4af5,0xbc25f38181003fe0e5c07c7453a5af8d0ff5d67462425572491c8655f1a4a277,3,2,legacy,2096428841631653737,110210333333333321968,1009298350046552630,3973248479969614,40861121336071777,36887872856102163,10.771150983601215731
1,374,2020-07-07T02:01:55.000Z,10409530,0x0b5f335bde6580a68981fddd94bd168b68f5e84bc00e81448dce314061620949,0x657d4858bef6f4c66ad78faf9238e3841efa7280b87eff3ce028d31475e61c61,38,37,legacy,1914234620855019944,110210333333333321968,1009298350046552630,3663605589091826,44524726925163603,40861121336071777,8.965993759592771442
1,375,2020-07-08T02:04:05.000Z,10416040,0x711215ec6cf33054f59bd38ffc130ae9cfb5c4ae9f8ab8f6178f23735c029eda,0x2f85face180bdd039d9b526b36525c396bf159c41f24015b50278b67cace0635,1,0,legacy,1893061821962122595,110210333333333321968,1009298350046552630,3898681420777147,48423408345940750,44524726925163603,8.756216354409054171
1,376,2020-07-09T02:00:13.000Z,10422498,0x3620906cf63854e769649d5f7539ae911ac0e4fe1baae1654065d0c0a67fe9e6,0xf44ac5a47b5d5140477ab58f33c9451423cce79f631812ab45d7ffe40d0f9283,9,8,legacy,2098041143527264863,110210333333333321968,1009298350046552630,5223493813299614,53646902159240364,48423408345940750,10.787125466226068307
1,377,2020-07-10T02:00:20.000Z,10428944,0x94090539a3aaa13f80c66a974d78729d2d07b52acc4c24f2cc0c1cb26f8bdee4,0x24aa7c79a36eae2359f77dd8bfc3a42e8d98621a8e744dcd85da9cbd807b059c,33,32,legacy,2584058119138340967,110210333333333321968,1009298350046552630,8370268637898648,62017170797139012,53646902159240364,15.602519998364748744
1,378,2020-07-11T02:04:18.000Z,10435374,0xd14be08fed1c0ab935df5b51112fb8df1486260f2f0bdf6920e7f24d4e6151a9,0x48e828053a76d05e872465302d703fb70d2b39d79e8c1bf67fdf152868c8cb5f,25,24,legacy,2967214586857090977,110210333333333321968,1009298350046552630,12030578040593277,74047748837732289,62017170797139012,19.398785668481790739
1,379,2020-07-12T02:03:47.000Z,10441898,0xe4b2f1815931726d107a7b5c9e088d49963c601116f89fa72e0371d6dd62d972,0xf8be19570f1a14788c5ee3d3691e98b9f259fef474e30ddab30d3592d3405e9b,13,12,legacy,3161825767709723021,110210333333333321968,1009298350046552630,15792140112198068,89839888949930357,74047748837732289,21.326968557551765285
1,380,2020-07-13T02:00:07.000Z,10448380,0x883aa6e6a19eb71206bb1eb864e7fbd549cd8973de07ece717af9428c7553fc7,0xebffd5ab73bf62c73d662acf1a0fe98e06f93076156b94a0c4c6afffc81d843a,7,6,legacy,3753594601916616509,110210333333333321968,1009298350046552630,24427590761675669,114267479711606026,89839888949930357,27.19013908764922291
1,381,2020-07-14T02:03:28.000Z,10454883,0x77582ae9116b39d6abb9d5088a5180beb9643a07a892905390b536e77bb8b6b4,0x039183c8c89ba0430b22e455b0bcb9f946e9cd5f1a1bcad8c87d814252b470ca,9,8,legacy,2464222896581208542,110210333333333321968,1009298350046552630,16471894667755901,130739374379361927,114267479711606026,14.415207817069643685
1,382,2020-07-15T02:00:32.000Z,10461294,0x9b0fd91896b8f7cc09e30e5ff40a38462350d9824c6ab6f83d3accb4ad52f461,0xdd9f4eb3f77fd373229f4c99a637611682005241dde66aa3e35b89b7b80f1554,1,0,legacy,1652898341796600981,110210333333333321968,1009298350046552630,8336866920280092,139076241299642019,130739374379361927,6.376707063083607243
1,383,2020-07-16T02:00:12.000Z,10467735,0xcb9193879d53ee30de9ca09cd3f005c734eed0f7c45b8f09b12473dc780f5ead,0xca09d429e5da9ff7f5bc66c576221403af78b07824e4cdd925e21c51633dfcfc,2,1,legacy,1665409199938385690,110210333333333321968,1009298350046552630,9040877840993301,148117119140635320,139076241299642019,6.500663058267862563
1,384,2020-07-17T02:00:11.000Z,10474135,0x94a95935bd4ef0253a7a619d5fe2eca1e579590261b4d490c0a07d67e279b631,0x649a4a44c9807f4071df537f8557a4b2b31f8787219b69cb4ff3e36f14a8e228,1,0,legacy,1938939059080429321,110210333333333321968,1009298350046552630,13642715620371752,161759834761007072,148117119140635320,9.210762199214911212
1,385,2020-07-18T02:00:01.000Z,10480603,0x9d1c5f8108cffb46060f55b62d2987ae751e647ebee6abc28714179cc732e865,0x80c215bb0b135b4de7b88fdaa37db2729ea42bf8704f58fb5c81e48d23bf33a6,10,9,legacy,2541339758369412412,110210333333333321968,1009298350046552630,24553965142803993,186313799903811065,161759834761007072,15.179271899653816636
1,386,2020-07-19T02:00:43.000Z,10487110,0xe22eea916978339cbc8c7737e1ab0f0429cf2ba086cbde69dc96ae8ceededf16,0xbc5955b98824452aae21f261834e7decee3cdf6abf6577b6366d1724ce5b1f1f,305,304,legacy,2505441953187897290,110210333333333321968,1009298350046552630,27618414306353151,213932214210164216,186313799903811065,14.823601000361655943
1,387,2020-07-20T02:00:03.000Z,10493596,0x898e9674b0b230f4e8b08cefb74e9b1230c89cbe45f27f5c64087dabba5dc4b2,0x164daf2f5b8bb71d88ff929d2e9f6e72b0ef5a967b93ef77517e50041eabc13f,6,5,legacy,2584994062030536043,110210333333333321968,1009298350046552630,33398654874512259,247330869084676475,213932214210164216,15.611793201795151904
1,388,2020-07-21T02:00:43.000Z,10500002,0x9342ce1c0e3dba310927829cc37b490ff3d34c82dd98e4555c6496e8394232cb,0x9e691defd85a2e345307b2e2304b9a7e02bfbe34b7fe2592a1c981649f5d373f,13,12,legacy,2842628588653232294,110210333333333321968,1009298350046552630,44926176805192741,292257045889869216,247330869084676475,18.164403404821969267
1,389,2020-07-22T02:00:07.000Z,10506401,0xffc69dc1b354b5f390b131758d8b59a8dddcfcd604f295b4764a64c650561fe9,0x2bc20cc806f25cccbfd112da29b8375f87b5e52909a49a187ae9851de5186b6e,1,0,legacy,2691976652392611172,110210333333333321968,1009298350046552630,48724402433032489,340981448322901705,292257045889869216,16.671763133947926253
1,390,2020-07-23T02:00:13.000Z,10512883,0xc87d906f3c6e6a60afd971d810193ba1ff264f863052ba02a64886babc8ffaab,0x9a84a5975538ec3eb681ead5e6860529a65875645fe91496ae390b468cd554c0,2,1,legacy,2474319200791178364,110210333333333321968,1009298350046552630,49494278028603851,390475726351505556,340981448322901705,14.51524071823810521
1,391,2020-07-24T02:00:15.000Z,10519398,0x11d00699b402553ed5b80a8ac9f673ffeaa045a298e399662a6a574d84ee0e85,0xcdd8cc31e4ce597057998e19ca946dc91fafbda9f47510199d5a24203999b47b,274,273,legacy,1885016191573081847,110210333333333321968,1009298350046552630,33879631353134806,424355357704640362,390475726351505556,8.67650126928413009
1,392,2020-07-25T02:00:24.000Z,10525832,0xeee9bf256b16398c0cd42958fc972e3360165268e8e7e215a112bc4119a78cbb,0xf25814abad264b633656921f649bc7fbff589406e4bcd4c20940057ac1ac38c6,1,0,legacy,2030644567134375373,110210333333333321968,1009298350046552630,42942083406020986,467297441110661348,424355357704640362,10.119368738101220551
1,393,2020-07-26T02:00:21.000Z,10532230,0x39bf44317bf00faf35af7a9f2c2bf59b5a1ff5fb12b1af7d127228c3c8964483,0x8ca5203d04381a890223163ae8fcfb1585a2329410acbd740f351473ca25db27,11,10,legacy,2400766413491892789,110210333333333321968,1009298350046552630,64423910472579669,531721351583241017,467297441110661348,13.786489033506895321
1,394,2020-07-27T02:00:09.000Z,10538727,0x1bc845640bb919b404db7800da9c41f4d1878ac94b9fe822a3734b4c586a5ec2,0x01f680c43fdfbc2f69430caa8396b9929565db9993b42a1d9b018d7d51e4569e,14,13,legacy,2626045842643463468,110210333333333321968,1009298350046552630,85173939092716704,616895290675957721,531721351583241017,16.018529035763710068
1,395,2020-07-28T02:00:01.000Z,10545180,0xbbfee52e5cb0167061587d5cd5d1e46e7c8224f204afd59eb7acc7d3d52f3675,0x1193c17399412181c0b3a749b8380bbeee4b1f3c2e0436c92ec0871e4347c4c9,1,0,legacy,2314836953514752007,110210333333333321968,1009298350046552630,79796089653574840,696691380329532561,616895290675957721,12.935110846143590999
1,396,2020-07-29T02:00:05.000Z,10551651,0x186a439a44517053365fa33df540ab2df1065029078f82db016121386a4cb1fc,0xfccd79a33b1fb5fb0e76e11a6b961827910dd955288f52dba67b4ec11ff06d4b,2,1,legacy,1803178633314090475,110210333333333321968,1009298350046552630,54799410931420891,751490791260953452,696691380329532561,7.865665124994221009
1,397,2020-07-30T02:00:06.000Z,10558181,0x938cc06c005f593ad2d0bdbf3ffdeac43d27b1e02405f12c09a791340c392658,0xed712feeb56f0dbcbd4bf8200c6de63fb2afb8e02182a252b4da5a9f5ba276b0,3,2,legacy,1401270891585601236,110210333333333321968,1009298350046552630,29185003163847458,780675794424800910,751490791260953452,3.8836142110107418
1,398,2020-07-31T02:00:10.000Z,10564498,0x642e65f04bec78e8f9d5c387701f1e23efc8feb389e8938a308efb050060f6ff,0x523eadc0930f288676eb6ea0a104ce9cd0f375a93b3fa03a2b57863e5264f664,1,0,legacy,799107245562373986,110210333333333321968,1009298350046552630,-16257938741963067,764417855682837843,780675794424800910,-2.082546795746607875
1,399,2020-08-01T02:00:14.000Z,10570996,0xcd9dafebcb2b195147c7a639412965c8cc52dbb0c0c5233e5ee8e7a97a1da8f0,0x79d608d50ac96b976f890cb28672d8aabc62cb5b19ebd1ce51544e98d340078b,4,3,legacy,826242404060739840,110210333333333321968,1009298350046552630,-13864209100709839,750553646582128004,764417855682837843,-1.813695088051709961
1,400,2020-08-02T02:00:24.000Z,10577563,0x8b38ee27695465c0c1e8fc905eb006379047f096c7d308688b2a9b08ff846279,0x8dd3338a0a9296b03a49cbebdc18554ce5ddafa267472e5ba3327dcf4fde4dda,2,1,legacy,1226325522183559066,110283333333333329472,1009966878825342937,16078623185241471,766632269767369475,750553646582128004,2.142235036557389655
1,401,2020-08-03T02:00:08.000Z,10583985,0xec54724c180c9b864706faed322a6b8825f50faa93785b5973575e1777a956e0,0xd323728d43ece6132e0c313c24b69d2773a492f313de313f3faba0fd2db57d74,15,14,legacy,1173999351529842281,110356333333333339472,1010635407604133266,12392210898964685,779024480666334160,766632269767369475,1.616447857422573163
1,402,2020-08-04T02:00:07.000Z,10590495,0x88b31d8fc1131ab8b766ef78f636773a3a78d098ba4b84c20dfde06e3959b580,0x3717abeddfa73e56db295a9dcac30333cf0d008ee2a200700aab85492e242d8d,2,1,legacy,962137828984211379,110356333333333339472,1010635407604133266,0,779024480666334160,779024480666334160,0
1,403,2020-08-05T02:00:54.000Z,10596926,0xc17bb8c1cb2f98ef12bedcc672c574ecb06493e4a043fd0e0599457c80838bb4,0x4855047cc9f7490def4cdfb4f12ae9fc116d1d1499b8718ff55f2f4a98cff351,1,0,legacy,852225582276746499,110356333333333339472,1010635407604133266,-12210647972512959,766813832693821201,779024480666334160,-1.567428017418483522
1,404,2020-08-06T02:00:02.000Z,10603381,0x091bbaa828ed6656ee55a9f4a65db8470146170097b519eaf41c1d7e9d556d2a,0x338bd21f76a2b3a45dac499552064c97fc96c52a7d2ef229b67eb91340399aca,29,28,legacy,852117797119462167,110356333333333339472,1010635407604133266,-12027432992218050,754786399701603151,766813832693821201,-1.568494526235346057
1,405,2020-08-07T02:00:16.000Z,10609853,0x0dc9f72d8d52c6ca7242b4ca63883e997b9bc57cc0c952f4c2a28f4292342166,0xaa55283a43ae5f3c712a7b55f0b0c6ba54c1777517dde50e652c89f0cca05247,1,0,legacy,762651798021950796,110356333333333339472,1010635407604133266,-18520492598341651,736265907103261500,754786399701603151,-2.453739575284283417
1,406,2020-08-08T02:00:06.000Z,10616352,0xf8d1a3dd53ad73f80515476548d8754a7d9f0c98c24d3bd24c5b955c5065ccb3,0x6cace4ffc9f76ffd06cf246a03aa97fade5b6a8c8ace0f8e9d0a4cc9f144c95c,12,11,legacy,730574965306553414,110356333333333339472,1010635407604133266,-20402902376119455,715863004727142045,736265907103261500,-2.771132301425161903
1,407,2020-08-09T02:00:29.000Z,10622848,0x519ebad9d90460c809e4857a5c824a651e5d72f6375a84adc28a8aa35fe1049e,0x077ea95d64ee7f3d6f7f95b0c75f4bf42ecd398a34097ed190a4e0e698a649f5,2,1,legacy,650996526554091428,110356333333333339472,1010635407604133266,-25474287568799925,690388717158342120,715863004727142045,-3.558542263056279971
1,408,2020-08-10T02:00:16.000Z,10629368,0xc8699ffb34f3f3359c180e938e686e7d56b2a5482ac0be1bfc96ed01dbdfd139,0x53ff56e1f111d756162cebcef109d7de7279f4ff83e0b4167e4b0cb80b62d115,2,1,legacy,687499317206929989,110356333333333339472,1010635407604133266,-22074183156293252,668314534002048868,690388717158342120,-3.197355722606702328
1,409,2020-08-11T02:00:01.000Z,10635804,0x62f994a3bc4f24c15c13d523f3435a77a2806363833e5ec67464cedcac3b9107,0x6c4fcb0bc0fdd0881099513f018311fb68ddf7a51b725d14ce89e811abd3f5f3,1,0,legacy,780216190999921965,110356333333333339472,1010635407604133266,-15237197332619047,653077336669429821,668314534002048868,-2.279944031947737643
1,410,2020-08-12T02:00:16.000Z,10642300,0x4bc57f5d447155b4cbaa6a8af1a127c7aa5e7513d207b4e3b1750c642f6e2e75,0x5062e3581018985da3d442e13f5aee85fe57e713a200147a124908dbc7955d48,2,1,legacy,681817239085039031,110356333333333339472,1010635407604133266,-21248384148152179,631828952521277642,653077336669429821,-3.253578551127634588
1,411,2020-08-13T02:00:26.000Z,10648800,0x9a23cee9bccc69dc9350933c872f688c5daa61fa297a9fde87e64c82f657c603,0x0008fc402b938510113d8a71eac50a869594ff41cf4ab9fa70edb3042352fdde,6,5,legacy,883967992676946912,110356333333333339472,1010635407604133266,-7918992298295851,623909960222981791,631828952521277642,-1.253344321543917992
1,412,2020-08-14T02:00:20.000Z,10655296,0x61023f46776820031b639b0961a08367fd1c61a113d19a6d8b5081e30289060f,0xc60aede1cb6bf1fb856f31c63eab796725630c4b5e9506c3dde3cc210d609fcc,11,10,legacy,769418643889261396,110356333333333339472,1010635407604133266,-14891378267781027,609018581955200764,623909960222981791,-2.386783224691417815
1,413,2020-08-15T02:00:07.000Z,10661812,0x6a68a1f3266a345905f9b2df97dfb131c53dfded6e86b5d878de7a56ea80cdab,0xc81c1d1b45b41cedfe00eee10716847e8cd800fb313264bec4be6c2218f15df0,1,0,legacy,698064673045480283,110356333333333339472,1010635407604133266,-18835812013838626,590182769941362138,609018581955200764,-3.092814007968016819
1,414,2020-08-16T02:00:07.000Z,10668287,0x1a10e8f0bff42d42f1d0adab08fbd037a5c4256e6c48c0c2fa698f9e0160667e,0x8515506767283f8a4658008807776a6b1105f5130d64d834e6468f94ba72e7b0,30,29,legacy,668285995954144696,110356333333333339472,1010635407604133266,-19992246712825298,570190523228536840,590182769941362138,-3.387467023954568554
1,415,2020-08-17T02:00:05.000Z,10674787,0xbb25601806dff5709a9a573b1cadaeaa349f25f3f62f59a4df2df1f13d853ee5,0x06caf8d8ff06c53a017d8e74b360253c749b137677f0607744905e6a4635b0c8,14,13,legacy,626033816122583806,110356333333333339472,1010635407604133266,-21698842236417186,548491680992119654,570190523228536840,-3.805542420023722423
1,416,2020-08-18T02:00:03.000Z,10681165,0x94cf55e40f7d0c545e8426b53ee512f02b7aff57be969b6c590bf2f2d2fde373,0x6689c644f68afc83a3c4b0e35edb6e0dda6bb922798e12634d335013ed87e183,2,1,legacy,592181274854916657,110356333333333339472,1010635407604133266,-22710327479404920,525781353512714734,548491680992119654,-4.140505365245677472
1,417,2020-08-19T02:00:18.000Z,10687715,0xccd692e7b43ee40c68bfcbd3c910e61770ff8e526c64b6c7420c517f285cce03,0xfec6b415094957400cd089913aaf145030b8c70854a8c497fde8a4e8d27265ce,26,25,legacy,600209758614044678,110356333333333339472,1010635407604133266,-21352324648303821,504429028864410913,525781353512714734,-4.061065404022067004
1,418,2020-08-20T02:00:40.000Z,10694230,0x7e2f3ab966d5997b2689ab2f63fddcfd31e2807354efa4236dd03ccc22dca64b,0x4b144df4e5c5b0ce6ad4f8ecfbd67f4f4c1724e8a11e730e75fcd0988b7f387e,7,6,legacy,613892690808821405,110356333333333339472,1010635407604133266,-19802249340988623,484626779523422290,504429028864410913,-3.925676003533771893
1,419,2020-08-21T02:00:24.000Z,10700788,0xc6aaa1f31466b38ce5f88b155aa815cece70f918e27a22c470bb29b78c78e926,0x3877eb869a0353aeafdd805fafdced1fb9e8d077e8eed8a9d5475a30168ad8f0,7,6,legacy,623417301158096244,110356333333333339472,1010635407604133266,-18568146582650284,466058632940772006,484626779523422290,-3.831432221081558047
1,420,2020-08-22T02:00:42.000Z,10707261,0x1a32ab80c37a4b6d1a8878ac5b9986154f455386f8c63bca9c7f917a9c3aa037,0x4eb99ace79c7eabd139ab056e387c4af154ceb7e9be41b89f220e51d90d4c24f,4,3,legacy,765578287500598580,110356333333333339472,1010635407604133266,-11300908866691170,454757724074080836,466058632940772006,-2.424782649209572762
1,421,2020-08-23T02:00:03.000Z,10713731,0x170b26961c1159ad7356c63ddd604c77a910f23c78d4d756408dfe7767598476,0x79acff920ca795caa6160cb6ef995e52126ce2b66c59a06e0f300513b9a40e29,1,0,legacy,730584714133009078,110356333333333339472,1010635407604133266,-12601499515063658,442156224559017178,454757724074080836,-2.77103583907699641
1,422,2020-08-24T02:00:03.000Z,10720284,0xa9874f45e1af588a785145fc6fda76a496c863f9ecd6d663f78423fe9b892d48,0x83e503dd7c429dc3ac0de7ac6877406722be034348ed23f129dac3e5a5e28b55,4,3,legacy,782187837128125669,110356333333333339472,1010635407604133266,-9994654304741817,432161570254275361,442156224559017178,-2.260435056570773667
1,423,2020-08-25T02:08:36.000Z,10726857,0xb440d0edbc227d9b46b49119f77a0ba6dd94dc09dd52e7258dd1d21a8d7c5468,0xd919949f114dd0427c5331b37789da47430a5926c8be6e6c185c68c5b1324f38,28,27,legacy,754530637104728692,110356333333333339472,1010635407604133266,-10951391464802746,421210178789472615,432161570254275361,-2.534096555221039861
1,424,2020-08-26T02:00:24.000Z,10733236,0x747e5f2f96a45e6d9902b5875137ee6e05bf092443e1d9c0b53108d93dedad5d,0x751017f7ceca4d9ddc1c2e0cb601f8dba3fecc963c47004107f2dac4b1618c37,1,0,legacy,659650313289782913,110356333333333339472,1010635407604133266,-14628271799724622,406581906989747993,421210178789472615,-3.472915075738485249
1,425,2020-08-27T02:00:19.000Z,10739781,0x6ad1907859a909da94260122929436a96cc9ddcd3eb2819bd4136dc9db00f0d4,0x4e237b19a32cf61d82e5a25f37fc1f493f437c7b154ae5e1daa6a8d7ce797dad,46,45,legacy,653313740501264965,110356333333333339472,1010635407604133266,-14375166724452088,392206740265295905,406581906989747993,-3.535613975270807953
1,426,2020-08-28T02:00:11.000Z,10746308,0xedd293210c2755d239f64d7c55c06cba17678004f8a2760152ab7dbc60d78e8f,0x36129ef3d5ceaaf0967d3c724879b5ad0a89282be1db5bf0b0b568baefbfd463,2,1,legacy,635620541605337509,110356333333333339472,1010635407604133266,-14553552847816619,377653187417479286,392206740265295905,-3.710684022914120812
1,427,2020-08-29T02:00:20.000Z,10752834,0x7492346cf6aff1e6e6e4a970b9ff83e7f560c14b1b192c21305fd67198a7c366,0x79ba479072d8c8f3c044bc4c7094b40505af6600a695023f33c95213b360faac,2,1,legacy,749867690807260567,110356333333333339472,1010635407604133266,-9744340905033096,367908846512446190,377653187417479286,-2.580235313693022809
1,428,2020-08-30T02:00:10.000Z,10759371,0xbbbaa6831753e25ebefeef70b4dbec06043dc1139f81245588771c47cdfaea4b,0xa2d3053dfb2c324d399c1b7fd41866f4170f5c81a9adb84f6456a82785612b93,3,2,legacy,1033308215712374349,110544000000000004564,1012354045514904501,0,367908846512446190,367908846512446190,0
1,429,2020-08-31T02:00:18.000Z,10765853,0x10e49c55740020b823a00aad271ee0a76920f67fe5d4e035038dad59b2a54dd3,0xd11a7b2ea28c6187431175d804379dba1e0efa40363edd8816feea1ef6c01e8e,3,2,legacy,1595232858143726988,110544000000000004564,1012354045514904501,21182932251902293,389091778764348483,367908846512446190,5.757657760258744953
1,430,2020-09-01T02:01:05.000Z,10772458,0xb316bbbd20e347d850904a98eed2168e2e6387c97cfc68778dd1760d73a04d31,0x578d904fcd2ed29b8e64b8ec34e65d115a63223f6ad708d2238f0893e8f4c468,15,14,legacy,1896144462818443822,110544000000000004564,1012354045514904501,33967917355298126,423059696119646609,389091778764348483,8.730052704575551475
1,431,2020-09-02T02:00:07.000Z,10779000,0x7c15f63619c4b1e7ca9c1968b2ab80e2ca409ea128fa104d190a45299a15df7d,0x1315a03b55781aff5ffb792f24b0aedb921a34dc99494ee86d2c5e9b125ffbba,2,1,legacy,2253675814309044955,110544000000000004564,1012354045514904501,51874461569978450,474934157689625059,423059696119646609,12.261735647658504225
1,432,2020-09-03T02:00:20.000Z,10785503,0x76605e778548c58e089b4c224a0fec2459f961e41b1de45f7ae06de9690c46b1,0xd987c70a3a79f85118998cfc40ddb3332e4571961856fafd0ee888a7b73bced8,1,0,legacy,1451778973149736998,110731666666666669564,1014072683425675736,20499681277607776,495433838967232835,474934157689625059,4.316320682709150132
1,433,2020-09-04T02:00:29.000Z,10791971,0x076833b87d882cb234c755b92776c69f8cabbc637f5344eff4b9a52e49775bf1,0xcc220fe67d6e4aa2893045c4246c6b0ea11782978e459f6de0b444c5c1c83aa0,1,0,legacy,980691221926982174,110731666666666669564,1014072683425675736,0,495433838967232835,495433838967232835,0
1,434,2020-09-05T02:00:28.000Z,10798582,0x27f17529541cf14fbe70fffb0af8510ebae21ea524e4a4c220b615de4c0883fb,0xfc532e5e2e808e50480f28455924d5951b3a68ec36b0bbcc4cb3574d97e83146,30,29,legacy,768376965273824036,110731666666666669564,1014072683425675736,-12003673390607090,483430165576625745,495433838967232835,-2.422861025324714016
1,435,2020-09-06T02:00:14.000Z,10805110,0xa916b9186d58d551e74f3fea981c3654d8e16e103e8707c9e6504ef2057ea08c,0x81e7265b6a0687129bf0fbfd1927dd5228ba4c4f1a2cb405698e85fe35736ae7,9,8,legacy,721626473569554584,110731666666666669564,1014072683425675736,-13941537126846710,469488628449779035,483430165576625745,-2.883878193703019314
1,436,2020-09-07T02:00:02.000Z,10811706,0x35fd9f86c6c49c999f5dafd08ce2c5973025678a616e462b60aa96d8b2832710,0x4f4f81265451c6351b2b6848f985fb68586645faa53cfdcd4fca53e286184d32,4,3,legacy,670450645365981392,110731666666666669564,1014072683425675736,-15908784645374756,453579843804404279,469488628449779035,-3.388534605812398452
1,437,2020-09-08T02:00:01.000Z,10818155,0xe0b4ea27505e8a2356a1b007a999677cc5ffc62cbeb938003a21fca016dc5832,0x5da3a5d0473f34c1e0c5aff946c05b190ac97d0bf1a458b155f16b26b3b53df5,4,3,legacy,725088035918791531,110731666666666669564,1014072683425675736,-12925859597681433,440653984206722846,453579843804404279,-2.849742944762644316
1,438,2020-09-09T02:00:11.000Z,10824713,0x0d72e26f13d16a17822e92c61601be38516d08c8cdf0d183d407c704bcf771cd,0xad31dda44008c11efb8947cef727ab365d833346680824c510e8587f4a8b002e,18,17,legacy,679143738970138913,110731666666666669564,1014072683425675736,-14553964051364923,426100020155357923,440653984206722846,-3.302810044385587599
1,439,2020-09-10T02:00:02.000Z,10831173,0xc857dae0f0cee7b9a7737155f13d44ab53cea57c5d85061f574c6894c4437bb4,0xef1ab3457b2b6161278b5f25c3b6bef9d6a388ddb77c6c501f456d925efe427e,4,3,legacy,755609568718650703,110731666666666669564,1014072683425675736,-10860280548534446,415239739606823477,426100020155357923,-2.54876320929877929
1,440,2020-09-11T02:00:49.000Z,10837719,0xb780d3d70d58a3fdd6cfbc5f6b4fccc932788fa74fdfd7a3b6c24800faa62cdb,0x1efc827594391f9a8feff61528e2550857d25d32d9ca4d2f91fcb414ebcf7cbf,13,12,legacy,1044325307158150639,110731666666666669564,1014072683425675736,0,415239739606823477,415239739606823477,0
1,441,2020-09-12T02:00:07.000Z,10844279,0x8ac1ba0e672098f78d892fd7b716384faa197968b865d0aa5f7d248ea19560e3,0xc0aab55cf1c79ec9f91bf8a73ad4416f4458d7c6a0f8c9ad2d8a274dd1dbb04a,4,3,legacy,931432783654940976,110731666666666669564,1014072683425675736,-3383916263872910,411855823342950567,415239739606823477,-0.814930735453457882
1,442,2020-09-13T02:00:04.000Z,10850778,0x64b3a20032104d848b16bf335bd6bc50444340f656f4e3153e65f25abcd98da0,0x81bd8d9bbe4d8b2c0578094677976ffd82490f8695a6daba4d77c02af44f4cd1,2,1,legacy,851113941143316066,110731666666666669564,1014072683425675736,-6618411882164856,405237411460785711,411855823342950567,-1.60697300051375818
1,443,2020-09-14T02:00:33.000Z,10857303,0x0ca6f6f8928e4e9b36abcfa5f7a50303627437dcf74cac3e2e54dec1e63ecb5f,0x811991bd2fb87f6f5e3343482744e38a8a9e64f49aa092d155d04a2dcaabd9a3,2,1,legacy,736962767609393276,110731666666666669564,1014072683425675736,-11073693908819010,394163717551966701,405237411460785711,-2.732643530838118763
1,444,2020-09-15T02:00:10.000Z,10863798,0xbad4329e72f2ef9efa425b91518abf00de762aed1efae511738214de6def3afb,0xaa39cc2f8995767cfec0a6b92f3cc1d75c310dece39874f08826f593170ca28a,2,1,legacy,821521277452769704,110731666666666669564,1014072683425675736,-7484352871211257,386679364680755444,394163717551966701,-1.898792947685378207
1,445,2020-09-16T02:00:22.000Z,10870321,0xd5a9064f148ae88559db04cb082e43f9c82eabc099482d455d5c5b06ee556869,0xea1cec5143ca78f90706aa64a07fd7909ac35f86059ff8963e1e05694cad18a4,2,1,legacy,785566749679953102,110731666666666669564,1014072683425675736,-8713234340174874,377966130340580570,386679364680755444,-2.253348674907585764
1,446,2020-09-17T02:00:19.000Z,10876826,0xf83c3dd957418eb331cdd0511c4936fe1eba7841194961c6bb8ef131cae5f600,0xd979956c7d6cfb30a00c844f40dc8d46517dcf21ff4422cb3f4b8fc451411e88,104,103,legacy,741530542975065806,110731666666666669564,1014072683425675736,-10158216453762317,367807913886818253,377966130340580570,-2.687599665242193722
1,447,2020-09-18T02:00:10.000Z,10883388,0x5f79fe2dcc13b73dccf4c5c55e7c8b9ef19636a2ccf0edcf8e0cacce859ce7be,0xe1e0d47d0da8ace5fe9854ddffb992f1bef1e0b0f7b2eff34481a78dbdb0dfa7,75,74,legacy,762402489292639774,110731666666666669564,1014072683425675736,-9128171047745905,358679742839072348,367807913886818253,-2.481776683727045418
1,448,2020-09-19T02:00:32.000Z,10889825,0x27017bd9d5e6809500f881d518db7f2636cbffad87273d391a758d463fcb1ace,0xb8dceee36064aebe1c136644be039de6f1a2a0bed1acdb22b574166d97451074,86,85,legacy,799141469498086637,110731666666666669564,1014072683425675736,-7602164400998536,351077578438073812,358679742839072348,-2.119485293712105151
1,449,2020-09-20T02:00:17.000Z,10896347,0x260ba64030e3b564083ab257ba8fc824e29932e807adfbe545706e0f0763b244,0xa4db06806883e595206e5cc9c43e021528e2b96edf963535105fc065165f37ee,41,40,legacy,805210322935373108,110731666666666669564,1014072683425675736,-7230930577883947,343846647860189865,351077578438073812,-2.059638957877625583
1,450,2020-09-21T02:00:12.000Z,10902955,0x3659d122596d119163e721359ca9ea0d1b8d2f06914ba0c7f37ee82eedca6c83,0x3b6fc515a86f45e484619e8d9547b3106bc58539a55b332b57d5def1bec55a51,30,29,legacy,756628192226519304,110731666666666669564,1014072683425675736,-8729297885223044,335117349974966821,343846647860189865,-2.538718332590064838
1,451,2020-09-22T02:00:30.000Z,10909464,0x92ce6cabfe25f1d9662b245de8d864da54116190d87ebf44112c8c6270b550e7,0xb2e550ed8acdaecc7f3a67f3d7a8f00defa91f13252c24526f774e7efd5f26a9,32,31,legacy,696172745277286010,110731666666666669564,1014072683425675736,-10505537381167647,324611812593799174,335117349974966821,-3.134883163152372717
1,452,2020-09-23T02:00:29.000Z,10915960,0xde5da0ceb134bc2b6804eb07c7571ee37e8b238c0703939fa062822bdabea9fb,0x7c8aface0cf8c98bad4b1b0fabb815b9dcd633130e589f67717c803d044ffd18,6,5,legacy,677956074178862707,110731666666666669564,1014072683425675736,-10759329538580011,313852483055219163,324611812593799174,-3.314521875408035823
1,453,2020-09-24T02:00:23.000Z,10922450,0x503a0bbb9247dbbf17161c4bf49175e8738c1e69ba47478394fa9d82dfc0bf62,0x7960f625d2d6be79a516279a868eb112850a801dafdcb2214ef98b4efbfa3476,78,77,legacy,708564806915526542,110731666666666669564,1014072683425675736,-9455378021990198,304397105033228965,313852483055219163,-3.012682241652560092
1,454,2020-09-25T02:01:01.000Z,10928989,0x7a97189a265d6bd02045bc3a0811073d462aa0d4471cc22b6147a7032e10465f,0x04b2c2a73a3ee927771ff82ed0a1681247be1701d8fe5761fd78572d1e66cf0c,22,21,legacy,706285381815481774,110731666666666669564,1014072683425675736,-9238939684247900,295158165348981065,304397105033228965,-3.035160167912683561
1,455,2020-09-26T02:00:23.000Z,10935438,0x9e98bb5fdbe8642f38e05e4211ea1df32084ec51d2a911427902421334567f37,0x1d5af29da481fdb709fe52ebd745dcbcb3e44a36571a1b4e6711fa54e08418ea,46,45,legacy,745466060013564321,110731666666666669564,1014072683425675736,-7818121862732754,287340043486248311,295158165348981065,-2.648790641955975098
1,456,2020-09-27T02:00:16.000Z,10941814,0x52f09488a6b6c5bec907046e7a337722701ac9968e0be72f7746c4d420b54a48,0x03e06d75edc26a85efb22d7aaa693688ab199704c429595ddde82bbf599e8f6c,60,59,legacy,725057748317435123,110731666666666669564,1014072683425675736,-8189310823523798,279150732662724513,287340043486248311,-2.850041617647255231
1,457,2020-09-28T02:00:25.000Z,10948251,0x3c06a1acfc1cf2f72997b355a7f45d7080439f34d879153993ae9894d9d03a49,0x44339bf61e2b3f4b5db4b52cde45df5ca889dc3c306effbcdee18f3399665f9c,23,22,legacy,703813905840166214,110731666666666669564,1014072683425675736,-8540705858031732,270610026804692781,279150732662724513,-3.059531951274075031
1,458,2020-09-29T02:00:04.000Z,10954597,0xc5574be814e6817d7c02d8b89bc83ef4e140620e3278c90a8bb1edb37bcab877,0x7ce1a1169659b47346f46954306409483f591a4626a8beba974641eb6b8d4f6a,79,78,legacy,682521815102667227,110731666666666669564,1014072683425675736,-8847589608756521,261762437195936260,270610026804692781,-3.269498071903332229
1,459,2020-09-30T02:00:16.000Z,10961012,0x671b7ca34024a99560fe406cce7f20712ae9dce0382775ec156622123f72cbd5,0x2d64e3e0ebdb9abe02994e5706069d7022c5ec3357fc72869a1b999ef266a3af,41,40,legacy,653319968484736096,110731666666666669564,1014072683425675736,-9312104687505110,252450332508431150,261762437195936260,-3.557464083563199682
1,460,2020-10-01T02:00:20.000Z,10967386,0x7659f2b0a2866e07fc8b6928049b76dfb6713196f8b35c4ab822e0df0a906096,0xa2ccabff10c3d4dbb4457ef7c00f19b5cf83cf7929ba7dfcf9dc7fc5bd92d09a,57,56,legacy,655457350571561790,110731666666666669564,1014072683425675736,-8927620426162299,243522712082268851,252450332508431150,-3.536386875570520754
1,461,2020-10-02T02:00:06.000Z,10973833,0x64149df2437a2b98530e6c73e9e10c7d27a198362eef9cc765efb50a0539036f,0x77abf280eb7c87cd6ff68658e43d29d74919df6a0c2a02ba9a797ebd77b68a63,357,356,legacy,772126537147161165,110731666666666669564,1014072683425675736,-5810173440483526,237712538641785325,243522712082268851,-2.385885649351952556
1,462,2020-10-03T02:00:23.000Z,10980179,0xc443640497b452783b3bf919241d6cea8b3c27781ea74a41fd2403e9e2e8993f,0x84a25bc0a5b6ad688c496b8c85601ceea941749b940ba7fdf8273d1324529efb,74,73,legacy,857058481096244486,111261666666666658028,1018926385518262287,-3776330756731991,233936207885053334,237712538641785325,-1.588612354362440082
1,463,2020-10-04T02:00:19.000Z,10986563,0xd1ab833dd8c5f804c4cb28fe43c8dffa2533b4aa34ed54a97b44f771791f5064,0x718d2072c9f2aba37cebbb1adedee8e8bf2371ca1a30d8a7e1ae59d6298a827f,143,142,legacy,948033456871362237,111261666666666658028,1018926385518262287,-1627637003931940,232308570881121394,233936207885053334,-0.695761044708262572
1,464,2020-10-05T02:00:17.000Z,10992938,0xb756b59b5261c74266452b4430b601c0876882820d96f1424ed8dd53a7dbf191,0x967766841938041ef8ca3f28800802673afa5e3df7fcb2612e24fdcaa3d1959c,25,24,legacy,884225153272858453,111261666666666658028,1018926385518262287,-3071100248615059,229237470632506335,232308570881121394,-1.321991796069644119
1,465,2020-10-06T02:00:18.000Z,10999376,0x377fa79b99ba0f5b468f233ee89a3ad3cb1f2e6b7266e9d055d6ce102a0ab71c,0xf956e7e43c41001d2599b7c6182fe26fcc0ee3400c217a9d0c7da4de6a1b63db,46,45,legacy,817992109031595077,111261666666666658028,1018926385518262287,-4520607765177037,224716862867329298,229237470632506335,-1.972019562379522135
1,466,2020-10-07T02:00:16.000Z,11005832,0x7c01c75b79b785192901134954d0c26ca8d329f4b8a4a536b767b07483e466a7,0x1136098cdea6ab1f6b90d6bb4467979ecf0c45df72f6a3025cc67902e5b438c4,43,42,legacy,778688352643655015,111261666666666658028,1018926385518262287,-5298276485552104,219418586381777194,224716862867329298,-2.357756519892392822
1,467,2020-10-08T02:00:19.000Z,11012190,0xbeba4940dc1a6e5ebd494d698e8e4f565396083d9f583b69251c1dffb7da16f0,0x6f2f148a15fd06e12d1bcba34d6c262280fff0137935bbbc64b8721c5145abdf,33,32,legacy,724299574634883748,111261666666666658028,1018926385518262287,-6344579870833412,213074006510943782,219418586381777194,-2.891541676325525734
1,468,2020-10-09T02:00:18.000Z,11018481,0x1bc70261711349888621d5f65255989562a7800af86659c9358a5e7a0f82c7e6,0x70d515dbb29c12af82a19b0ce5f277fd6fab455f93a1e1db1e3039fb726042d5,73,72,legacy,722378388230831557,111261666666666658028,1018926385518262287,-6201298818333216,206872707692610566,213074006510943782,-2.910396683236304814
1,469,2020-10-10T02:00:40.000Z,11024872,0x534fb3b894d20ab43f3c1f38df2a4e8484e3db3b79ca5bd6245e46efbed8e975,0xb4bc97500d60b603a03e42f5232a20fb0c629cca18bbfad9cf8002ce287613df,55,54,legacy,762982719782623167,111261666666666658028,1018926385518262287,-5196426346401166,201676281346209400,206872707692610566,-2.511895553724983154
1,470,2020-10-11T02:00:22.000Z,11031380,0xcd10cab73bb0dc26112c1c6269c8c066eeb28378f5ec1bb80034a76c9512e6f0,0xf0841f3c7a652985b52fd39af3c562a814f23f4bad916c6eeadc992995777aa9,60,59,legacy,830074755607365442,111261666666666658028,1018926385518262287,-3737943681498432,197938337664710968,201676281346209400,-1.853437427816143338
1,471,2020-10-12T02:00:22.000Z,11037924,0x7e2d062a674e109111b546ce41744b69c67f17077df102f981794f0573d5be7c,0x204de4c5c90956b9f0d623274c4a2b1b2ea3040b9b21d4eb4ce9db4eab854870,76,75,legacy,833626575631378017,111261666666666658028,1018926385518262287,-3599664986586949,194338672678124019,197938337664710968,-1.818578972146590839
1,472,2020-10-13T02:00:09.000Z,11044422,0x5ce41df6517fa0f1d3565e583d609211440fa0d42ca731beafdb6620c93f3ed8,0x2ff77fa151c3e5aefe36dd9f009333f62cfa2087ca6afec54130d848ca47b9a5,92,91,legacy,811205307753121836,111261666666666658028,1018926385518262287,-3961840532730345,190376832145393674,194338672678124019,-2.038626938289423977
1,473,2020-10-14T02:00:12.000Z,11050968,0xb4e6bd9dc5e9220410c176f7eeca179bf1c9025f6b78acd8f62d701232749ef1,0x6bf7283f385679d82dc24412b773ee7806bed5f6da6c922f297fe8c7722926db,206,205,legacy,787206329087111362,111261666666666658028,1018926385518262287,-4329471776852294,186047360368541380,190376832145393674,-2.274158955195667266
1,474,2020-10-15T02:00:21.000Z,11057560,0x011f98d9dbcf125756f01bbc23bb1bd7d63407bafdc03a1e72da51056d970e50,0x7cfc147b62180b2cee155e7f64b0e19fdf92c4a5e0f3645bcb9924f104e6405d,55,54,legacy,864442919280061495,111261666666666658028,1018926385518262287,-2820737741478852,183226622627062528,186047360368541380,-1.516139619444882272
1,475,2020-10-16T02:01:53.000Z,11064082,0x210ea78c1567b26c6108b5548c2796f9fc68f9e0a60627c91e3d1ec422e07c70,0xd65adf0c7b643937cef698340ce66953d8f342351fb4d6cefdf24a710ded3027,67,66,legacy,937243126742010490,111261666666666658028,1018926385518262287,-1468854653629610,181757767973432918,183226622627062528,-0.801660060404704813
1,476,2020-10-17T02:00:15.000Z,11070602,0x10ef35d48b93dadb274b9b0357c26dab47d094eaf4a2a6cc191409e3541be123,0x4efc49769dcd141cba4cb6d8c46ea67a691ab82643ead0ec1ad73d61cc856e01,59,58,legacy,919684383250424564,111261666666666658028,1018926385518262287,-1770295192840823,179987472780592095,181757767973432918,-0.973985988373043102
1,477,2020-10-18T02:00:18.000Z,11077100,0x1d897eee87d4ee8e5ea2d19107b8b3ff8ef41bc4eaa84d3205dd44718acb7e4a,0x438a4a1c00cc02a0c2a279fdbc1436bb312af0adf512e49db86e4d674a46bbcf,144,143,legacy,1208888522559345091,111261666666666658028,1018926385518262287,3355571654240196,183343044434832291,179987472780592095,1.864336224294174657
1,478,2020-10-19T02:00:28.000Z,11083564,0x4b71fdedef485cd8b9654f686cc9c942955a26b050adc624ab000982ea2f7a71,0x46347d2330590fe0b8d84fbb253c10108ed29ba8362fb787a5e749cda3a5462d,27,26,legacy,1210299067629268421,111261666666666658028,1018926385518262287,3443511784420501,186786556219252792,183343044434832291,1.87817966862902599
1,479,2020-10-20T02:00:09.000Z,11090143,0x4090610374b43d7bcdd6eb9374205fdc17e3e8249606f558c308ee98425f3df7,0xe7976df0e0f6d5051234c1da4219ce237ac7bad7ace7cb6c83d3e2c9c1be9f5a,43,42,legacy,992717006822978920,111261666666666658028,1018926385518262287,0,186786556219252792,186786556219252792,0
1,480,2020-10-21T02:00:22.000Z,11096649,0xd86c4b0d07e6d0495677bf0581c3b560ffe399a9e56a43af343d4f5f47dd05f2,0x275b7d0981c6dcddd08ea2e8a42a54a8c2d41154c2124e512dcf0542a4cd0e38,40,39,legacy,939977627591010667,111261666666666658028,1018926385518262287,-1447265162685735,185339291056567057,186786556219252792,-0.774822980828938235
1,481,2020-10-22T02:00:04.000Z,11103180,0xcfb0da95b8d5d146337e47ba6210d9fdde5e48ff3fa55bacd0551f7a6337a3b5,0x8d67417538e327ddaf3aaa219a4cda4fa5d3e8622874f99b182c97f3232fd608,78,77,legacy,1010449011575755617,111261666666666658028,1018926385518262287,0,185339291056567057,185339291056567057,0
1,482,2020-10-23T02:00:08.000Z,11109734,0xd873044a3a95f4df7e2d3ac30ac1093b021430e8cd7c5be524ae4de72902c16c,0x0bf044ac978b19f2557f28a469997913f9f35ecb27cd145e47dccfb3ea843f0f,37,36,legacy,1114617946233322109,111261666666666658028,1018926385518262287,1740597385158965,187079888441726022,185339291056567057,0.939141061367133718
1,483,2020-10-24T02:00:05.000Z,11116195,0x5462895d11123fa3996dd2180c67b76472652d716350aa66d6b28fd15dd978d0,0x29d2341c9d762f995ccd00398cf2b676c8d6b64d1a39cde487eff68489e629e0,88,87,legacy,1117254508914985899,111261666666666658028,1018926385518262287,1805352635596619,188885241077322641,187079888441726022,0.965016951118704972
1,484,2020-10-25T02:00:08.000Z,11122765,0xacc157f44ca146f3f3064f627dd70129b6367cfc09cbaa3a217929ec6da5088a,0xce1af24dd159666d90a85192e71bedd72892754ea2ab8f5eee87b523f320eedd,73,72,legacy,1172254748302115734,111261666666666658028,1018926385518262287,2842351045182573,191727592122505214,188885241077322641,1.504803143417128852
1,485,2020-10-26T02:00:16.000Z,11129235,0xc37dc8b7aa02e67a59a82fc6416d9945d22427790b334aa75c4c1fae77e91eaf,0x48510f1e2d1c6a1c6d794d8ea7c7cc7203fb974c525abbf02bdfb5ee56cec42a,43,42,legacy,1280602620718988005,111261666666666658028,1018926385518262287,4923864491466569,196651456613971783,191727592122505214,2.568156433279798071
1,486,2020-10-27T02:00:20.000Z,11135715,0x031aefc6d52caff17774b15cacbb1a23dae5bf0d1a57d6f5d1450ce561d466c0,0xbfae8f1575af3c9f8b7bbf1e70e280f71feacc227a234acdfbc327e2c5c3eec4,54,53,legacy,1199054215731466310,111261666666666658028,1018926385518262287,3476443508735292,200127900122707075,196651456613971783,1.767819861898900394
1,487,2020-10-28T02:00:47.000Z,11142280,0x077bffef1f34febbda083f64c2524f6251291d96e9ead56bb40556f9337d8ac3,0x7da13a30d6e7ecfc25b362a97969c4c81a39ab7e2e9d6512d7b5304121063f0b,53,52,legacy,1186581156476083753,111261666666666658028,1018926385518262287,3292916714515767,203420816837222842,200127900122707075,1.6454061190352456
1,488,2020-10-29T02:00:02.000Z,11148825,0xbdc9b84c40c64c821cc793b402c9d341c437d055fa848b61d9f8a22e9343620e,0x683777f6e721e6b8d3a03f55fb855a917162ecfdb9b906c80189598f2d2b0166,202,201,legacy,1080469219674877745,111261666666666658028,1018926385518262287,1228655354552311,204649472191775153,203420816837222842,0.603996864065038107
1,489,2020-10-30T02:00:08.000Z,11155327,0x1df5b0130c1f3f2dbfaf93edfc644d59c7a4c8e272efae63f2cd60508ee26d0a,0xa9b98abf968054cc9b992f6704b2f92567640ade27178f062c7a5b7afcc48679,179,178,legacy,1077619960827854717,111261666666666658028,1018926385518262287,1178849559582929,205828321751358082,204649472191775153,0.576033520613353859
1,490,2020-10-31T02:00:18.000Z,11161812,0x3666b342cbba26cd29af0408e9fb7427d2a219dbd15d02fee365a33a59fa69ab,0x8f1f029ba25001f26a71c8c927768e1765f7eb4fe4ac68cf73853155a1a0b4b2,6,5,legacy,919394525914017268,111261666666666658028,1018926385518262287,-2010594279852061,203817727471506021,205828321751358082,-0.976830721226436292
1,491,2020-11-01T02:00:18.000Z,11168363,0xbe0c16b1a57302350d6012932b4900770b2d5c72b292079a0361b3d95c62348e,0xaf08c4fcf85f20274498d5957f6cb8bf66c78c60aa45879fb98d2ca5a5ddf488,68,67,legacy,1017542012835095377,111351833333333333636,1019752125402567206,0,203817727471506021,203817727471506021,0
1,492,2020-11-02T02:00:15.000Z,11174834,0x8edbe300b8108954e07da777550df17e3064e9b8ab447a7f1604115a446d8690,0xe73fd5cc2d12afacc4e0fc986e50d844789c0b9bb932874acb690725760b188c,9,8,legacy,1011967709502646917,111351833333333333636,1019752125402567206,0,203817727471506021,203817727471506021,0
1,493,2020-11-03T02:00:04.000Z,11181361,0xadf7baab2727042b4ee00a8f9a2b60bfa1ddde25ae358648de7b950a7b144d84,0x3e01c2aca68fb0016ea3d996c802eade29775687e2bff4348636515f9565485f,112,111,legacy,1124390058306357964,111442000000000008636,1020577865286872119,2073214203907653,205890941675413674,203817727471506021,1.017190324721627071
1,494,2020-11-04T02:00:15.000Z,11187859,0xfa4ce19dcb5993c432f251ca147e5612c566035c69a0d90ae7fdfa4f42a7e19a,0x98b555ce8bae583ef4bd609978d7338011911e93b648222c5ff07bde2be976ee,16,15,legacy,1158593032411905365,111442000000000008636,1020577865286872119,2784312073716714,208675253749130388,205890941675413674,1.35232373559501803
1,495,2020-11-05T02:01:16.000Z,11194364,0x369d7e920b60ee2956f67681022b1e7d5157e743b4036d8246e665441975ddf0,0xc8eec708c00a900dd6e30bcef7f901e32f4407d5b346f3e58265e90ae89751f9,97,96,legacy,1218449262727035131,111442000000000008636,1020577865286872119,4045831824788271,212721085573918659,208675253749130388,1.93881725413027379
1,496,2020-11-06T02:00:16.000Z,11200909,0xcbf3a81d20e028364e764cb7ede06aaa2d0faff1d87e4d2dbef2ea8238dac39c,0xdb643fcd46c563d8ebcc1079ccf1b4d356626a2ac2b57873f72dce540c654f68,57,56,legacy,1246233203180557414,111442000000000008636,1020577865286872119,4703379337822643,217424464911741302,212721085573918659,2.21105459533218727
1,497,2020-11-07T02:00:15.000Z,11207480,0xf357af2ae15c26bc57078999b8cc3a74cb704284ebc2b49163f2fd7678be84d5,0x54b03c98d8719becd692906f2089c8288c76fc7bdbc10351a6fc4d80eb6dcb1f,64,63,legacy,1329051529722024342,111442000000000008636,1020577865286872119,6571739767286107,223996204679027409,217424464911741302,3.022539239065742109
1,498,2020-11-08T02:00:09.000Z,11213931,0xf92668f73e86a8689946722c327d7510cc68b09657d855bc995155ed0b9f4551,0x9c806d560428610197875811dc02b5d600ab71b78230924c7c375552c34d2992,1,0,legacy,1309692859071720415,111442000000000008636,1020577865286872119,6345489504164699,230341694183192108,223996204679027409,2.832855812560480522
1,499,2020-11-09T02:00:07.000Z,11220471,0x7559939c7ace78badb00054841515a3a299c1dd3dd3c1b19575fd0a3a1f4f35a,0xe853bd922e62f7e4c9edd1d5b4ba440e258dcbe399c85a3ffd654c06bd6ca7a0,3,2,legacy,1290812493784334846,111442000000000008636,1020577865286872119,6099123278317858,236440817461509966,230341694183192108,2.647858999190649905
1,500,2020-11-10T02:00:12.000Z,11226983,0xfe4c371c6491e79802e1408af44bdf0eb8be9a69e8020b8dbd91ac072cca4fb9,0xe0c017e435c551a05f9af57a154f39345e4015075fdaf9fd1f1b107d86d86947,53,52,legacy,1262400377033301213,111442000000000008636,1020577865286872119,5602386089556195,242043203551066161,236440817461509966,2.36946655391605702
1,501,2020-11-11T02:00:09.000Z,11233453,0x7d47b62a051aa7159cdc9b3e7b4af4824b12f700eb2da717031df8ad85331722,0xcae44a4650f2e0d3d5d3c0f7c74b1c921e1f56563646678503a075c92011d66c,9,8,legacy,1223657944720457635,111442000000000008636,1020577865286872119,4816306004215894,246859509555282055,242043203551066161,1.989853849872612526
1,502,2020-11-12T02:00:17.000Z,11239982,0x68a28caac1978bfbe09e5b08ad24e7fe688f620e9c57fe8f8e8aa6f7197f2f39,0x69aee7addaf5aec9e036d480e2dd030077b2c64f9646741b4df2aee85e41cdd7,27,26,legacy,1236192356053569423,111442000000000008636,1020577865286872119,5215328418740246,252074837974022301,246859509555282055,2.112670655522111148
1,503,2020-11-13T02:00:34.000Z,11246496,0x637e0fc0f7bc70d943401c0cf9fb819ce05ca5c71809365d03853631841eea6e,0x02202ecb2a91a311ae892ccef5a571b5529d559e075c2df690a7f2964eb563a7,32,31,legacy,1140779794116497897,111442000000000008636,1020577865286872119,2968894659044554,255043732633066855,252074837974022301,1.177783027812762069
1,504,2020-11-14T02:00:16.000Z,11253004,0x0b2244a48f7c771fe7ac36eeac2aefda4f5e6a0f3e86eaa5322f4ff659ded625,0x564deae5cb95469e1ce724ef8a48e4096f26d5c81271cb79e7e5bb40c09683bc,66,65,legacy,1131735120712713871,111442000000000008636,1020577865286872119,2777834234635793,257821566867702648,255043732633066855,1.089159967177974893
1,505,2020-11-15T02:00:20.000Z,11259564,0xdd094e2d0673a113435843a5cbd1efee107f1d3e59e11ef5444cf79f22b8ea30,0xf35a4d31515a1ae0798d5f9e68b4aa9ff62b521015448a32c4edcb613b290b57,4,3,legacy,1142496267435307630,111442000000000008636,1020577865286872119,3079940741521063,260901507609223711,257821566867702648,1.194601669262792656
1,506,2020-11-16T02:00:04.000Z,11266121,0x9eb441f4e94d0f69cfd21373bc28a32649857597cf409ef6d559d39b9a880c85,0xe418e19e734f7c14b6dac50c77fb19fdd18f60b0c544d0fe416815c7c102651a,43,42,legacy,1080232646553514572,111442000000000008636,1020577865286872119,1525020569027394,262426528178251105,260901507609223711,0.584519646130814307
1,507,2020-11-17T02:00:17.000Z,11272588,0x26b324ef42a52743c9db526a019a800e9cf2c00df29179506f4ecd4680280743,0xe03845276094b5819234bc0f819342fb3d400bd0b6a3ab0718a5fa6033d54f81,38,37,legacy,1021180260760791812,111442000000000008636,1020577865286872119,0,262426528178251105,262426528178251105,0
1,508,2020-11-18T02:00:21.000Z,11279123,0x0024c7314c3f8083fb2726390e13cf7633f371b95f9ecddd36036331d240aeec,0xfa6ef11d4319cb2ac460e4239c11caefdb15c2fbfcd0d58f1e5ce9dec3f84370,4,3,legacy,1034714949518672458,111442000000000008636,1020577865286872119,0,262426528178251105,262426528178251105,0
1,509,2020-11-19T02:00:08.000Z,11285555,0xc592db3a1f261e9a66316e50f4391a74491065fa86af9203d42a69b1e0ef34e0,0x6561bfe60449a3aeb0b0375036c8350c15a2debc45bc787d0bc124ea3a0f8bc0,206,205,legacy,1002959143281955322,111442000000000008636,1020577865286872119,0,262426528178251105,262426528178251105,0
1,510,2020-11-20T02:00:01.000Z,11292159,0x643067cda4a7de7db44cfca0597a4c5341fe25b052e2939a641bb7ef3801567a,0xa13bb7a554698de458ce9d1d91f1525f83e2334193ae96ded6f767d198622bdb,141,140,legacy,937406420431461016,111442000000000008636,1020577865286872119,-2138630893277237,260287897284973868,262426528178251105,-0.814944627787244586
1,511,2020-11-21T02:00:10.000Z,11298621,0xddb7df3de1de6d63184a0fefad0a042ab4f27efff9f296ab655859f4003b2972,0x0d26c101add3808fb5f05cbd9ef8660df106cefcbfa5ab13d71e000e6aa9e103,17,16,legacy,1033218246220919820,111442000000000008636,1020577865286872119,0,260287897284973868,260287897284973868,0
1,512,2020-11-22T02:00:05.000Z,11305192,0xa43b769e2dac54e9547f55ddc80a20292770c1c7ca73be74abd180b5fe695aae,0x678d90508de9f5ed74b406e1a6d7ef83eea1aa2342a55be570e4e1fd709a7900,35,34,legacy,1129991582545187235,111442000000000008636,1020577865286872119,2790484427299858,263078381712273726,260287897284973868,1.072076134313967418
1,513,2020-11-23T02:00:12.000Z,11311658,0x49aea0326559db2bf17546b0862cef37f14180ecd049e19601e478f1ac212793,0xeb05f643cf4148b5860524800a185d64a7d52aefd05acfaa4713694f5bd468ea,91,90,legacy,1185772078100633796,111442000000000008636,1020577865286872119,4258276379829339,267336658092103065,263078381712273726,1.618634093806527427
1,514,2020-11-24T02:00:14.000Z,11318149,0x7657f4bb72a32fa1d17ab35a4daf1e218b95fa2103c32152403355421351975c,0x125f08572126c395fa7e767ed949b6b457fc3ab45930d95ae3a081f46e1e5262,1,0,legacy,1153304140279412769,111442000000000008636,1020577865286872119,3476716476458712,270813374568561777,267336658092103065,1.300501211196000858
1,515,2020-11-25T02:00:18.000Z,11324732,0x23e20309fa391b26b73929133c206e85495f34634978885ff57bd5cea937e384,0x41af1203ceb7f37155ab24658754f63d9bf0e572839caf5e3b002a4eefc1ce88,1,0,legacy,1224065599338399982,111442000000000008636,1020577865286872119,5399607596458534,276212982165020311,270813374568561777,1.993848200836002744
1,516,2020-11-26T02:00:05.000Z,11331174,0xecc9e18578b75e24ca3062af3b26bc71d463cba9ef460872c30797462294de9b,0x866bcd55ae0cf47362e053f08c4aadf5614a784404080c54b61cd0555514a195,3,2,legacy,1282032708857470136,111442000000000008636,1020577865286872119,7076110946598315,283289093111618626,276212982165020311,2.561831413981393833
1,517,2020-11-27T02:00:04.000Z,11337709,0x2e361ac9d7d8a805c63a4dc8f309808f3c0b83998c534ea6e1416f81bf6d9bd9,0xb2b469820c1c2a8fe707cf8e3ca97926cebcf55059b3b66ed9b6d63ff8d568f1,4,3,legacy,1207364210232630297,111533333333333339908,1021414289421066279,5157318139806201,288446411251424827,283289093111618626,1.820514190348361938
1,518,2020-11-28T02:00:02.000Z,11344186,0x46ad3133003815ff24fd189a9ad420a836b0089819dc11f3cab5c43a18fa4982,0x9ce12ca9c7d15476348a1ec703fec720119aaf5946c48c324e52a3a030ac4563,1,0,legacy,1235180489238456705,111533333333333339908,1021414289421066279,6036736887549317,294483148138974144,288446411251424827,2.092845205235500248
1,519,2020-11-29T02:00:03.000Z,11350761,0xf2811cb4528090a7b68fd31fe040fff92f56d226e71cebfd772c8c566249be9a,0x756b78ffa0a282768f188d2a0ceb04c127ca86b1b1928b45ee4cbb16786ec739,13,12,legacy,1240413823250445355,111533333333333339908,1021414289421066279,6313958286171711,300797106425145855,294483148138974144,2.144081359518743084
1,520,2020-11-30T02:00:36.000Z,11357224,0x359960a5aecfd06b1d38a5cd0e00d4ca69f0fa8892c28c8c28db7a648297d484,0x5f44d1569e0a4826240de892ce45b2d52c9c11c13442ab9bd108ed37eeb17685,21,20,legacy,1335945684541141379,111533333333333339908,1021414289421066279,9262660069657679,310059766494803534,300797106425145855,3.079371400789294538
1,521,2020-12-01T02:00:16.000Z,11363808,0xfaf84c4dfa9f9d8c52a431740c5c819c42bb133456a3f39d78dc85df79ba86d8,0xe850d433374c30a7859ecd01bc509597da195453dc33e42eae3797fe6dd50f67,7,6,legacy,1447246699835120455,111533333333333339908,1021414289421066279,12926537165809288,322986303660612822,310059766494803534,4.169046926643393155
1,522,2020-12-02T02:00:10.000Z,11370287,0x9c803af63e4a29ae77d411bc57cac4d8c0f1a6a147b81bc029288f5bb706c916,0xe0213bb8b7b541763031f44a83125e8dc1f7317eb936f4730ed5961afb95ad88,7,6,legacy,1523342770285692665,111533333333333339908,1021414289421066279,15871720849758138,338858024510370960,322986303660612822,4.914053837538512668
1,523,2020-12-03T02:00:02.000Z,11376783,0xfdb468b8a05fa02d7a493b41cd2d0c32cdd7ca5524ed2c8fda32928e63d470e9,0xb7c8e58f800779a19129e3a3b8828df5b130b2dd8ba21057efb8d7a372f742e4,14,13,legacy,1572772372837461842,111533333333333339908,1021414289421066279,18291511375878621,357149535886249581,338858024510370960,5.397986782903763859
1,524,2020-12-04T02:00:07.000Z,11383303,0x3980c5077923f6bc7566a0679506e475226cdae43b7ee48e7e0e0771abeb5d43,0xa3d70823464b13ad221e377ea568c62e1a6d945f13175708e7af6fd631a4f8b4,12,11,legacy,1643096196841927969,111533333333333339908,1021414289421066279,21737840071738845,378887375957988426,357149535886249581,6.086481399954063805
1,525,2020-12-05T02:00:12.000Z,11389784,0xafa3deae7f321b69c2a0cc74c843a1d755f056c49b6713ce44b58471616b278e,0x51566739681e87e905012d427f77efd9e5d09ba228e5b1514692ad41f344113f,1,0,legacy,1433752530283525765,111533333333333339908,1021414289421066279,15295434546550225,394182810504538651,378887375957988426,4.036934328539413953
1,526,2020-12-06T02:00:08.000Z,11396298,0x576347d15f79fe9d882046ecd82acd81b0fd2970af84fd8f9487de3b10e28d3c,0xc24e006693e31821704f5b9c57727dbdc3c6385415ad8e788f436232ba3248ae,26,25,legacy,1348531141487620209,111533333333333339908,1021414289421066279,12624048972731378,406806859477270029,394182810504538651,3.202587387454335413
1,527,2020-12-07T02:00:12.000Z,11402805,0x28bb1d9e3f83b7f849294c8e14df2296e5e0f21ca47c8580c320150d1db025cf,0x1216e4c704fcc1a5d375ac781df5ecaf2181a49d91cf53367f9dcb80cdd491df,1,0,legacy,1290353909079153492,111533333333333339908,1021414289421066279,10711273887124597,417518133364394626,406806859477270029,2.633012113140899456
1,528,2020-12-08T02:00:13.000Z,11409310,0x7b436d40f5c23228d491c84cc9de54cc836e7545079b74cdb04860ec48773150,0x01a28cd49c2fa88b25d6f158946873782a0b9f6b45dc528a785e5c4890fb7727,12,11,legacy,1301367384179050712,111533333333333339908,1021414289421066279,11443495040507941,428961628404902567,417518133364394626,2.740837852549143095
1,529,2020-12-09T02:00:15.000Z,11415842,0x170151acb975b9b35234bb0ac8fdad8b655cddc20e83897a78475acab8998728,0x9ed64b686ae31bd25c76a8aed9270b6c7ff17262f9cde36bbbae2d29c441b4b4,13,12,legacy,1190174529068960141,111533333333333339908,1021414289421066279,7087395189115033,436049023594017600,428961628404902567,1.652221252392567555
1,530,2020-12-10T02:00:15.000Z,11422379,0x9bef7d2d2ffb48eb480b1e4e208dbd50ba4329084f63e04e1fc5cc561c7e1085,0x3c8f77c548a0b9f0f18e763057a5e01ecb3ebd3d30697fa4273d4f84a45b41c6,197,196,legacy,968712938854485411,111533333333333339908,1021414289421066279,-2249858132459533,433799165461558067,436049023594017600,-0.515964492688385889
1,531,2020-12-11T02:00:15.000Z,11428807,0x715ee54bcd9840a4949259605e4a93d96f3bcf36b1d2b81a2d4adf915c8bbe68,0x69ee0df0e888c50fc42afed6de69b5f5653aef5566fa0fb5caf0aeacfc4c1bdf,47,46,legacy,961868975932256352,111533333333333339908,1021414289421066279,-2528915795101451,431270249666456616,433799165461558067,-0.582969262379910146
1,532,2020-12-12T02:00:08.000Z,11435300,0x5da3ad268f7a4dba7ea2a55b4787684f66adc6233b39c64f1aad675b1adbe607,0x74a48cb1a3e42ebfd0cd69da123ca08933444ac548d4d4b0bab759504cbd595d,155,154,legacy,861528904712233463,111533333333333339908,1021414289421066279,-6750817028463401,424519432637993215,431270249666456616,-1.565333345781320833
1,533,2020-12-13T02:00:47.000Z,11441783,0x67d0297db960dc36846001dbe7a0d9d3cb73562ff9f1535f78d4941c9d081080,0xeb25db914b7eeac4d4449223c71435127a428cddee90e02c6536e20b6e353803,80,79,legacy,897215831347895859,111533333333333339908,1021414289421066279,-5161926898988267,419357505739004948,424519432637993215,-1.215945961981456308
1,534,2020-12-14T02:00:16.000Z,11448249,0x0fbed34c1b502bb9d14fff234f7605a5025bed5a839fe6158e3134725392b9f5,0x72440999e351c0bc5cf3cb8ef4f575e4e86f69c7233d5c8f1eb170918e99ca99,127,126,legacy,1059651719018142942,111533333333333339908,1021414289421066279,0,419357505739004948,419357505739004948,0
1,535,2020-12-15T02:00:02.000Z,11454782,0x4df72ef2bbba350791eff2da7023a6ce3ba805ccd9e1e100102f368a479f17ef,0xf6d0ee309c1fff406e02b0f8072e534fc8b821b47826aefec87b9c25c9e75645,102,101,legacy,1049320511657998687,111533333333333339908,1021414289421066279,0,419357505739004948,419357505739004948,0
1,536,2020-12-16T02:00:17.000Z,11461297,0xc56722709f0f9158be0d5d134a24d5b658f4becb10c6d785e0d86ce5dae61775,0x633274c3559be11271cda20b952a489087ac7c904aff960a2848dae0470b8028,149,148,legacy,1017136939243900452,111533333333333339908,1021414289421066279,0,419357505739004948,419357505739004948,0
1,537,2020-12-17T02:00:16.000Z,11467826,0x6dbd5cf758e9d008e9fcbea5dfa47e9409019e4c46aadd9e95b099c8c7ddbcd2,0xb0fa775233572362ac07098489aab023f8a1c96f391e5126aeaa78e732655761,139,138,legacy,1006606178585429991,111533333333333339908,1021414289421066279,0,419357505739004948,419357505739004948,0
1,538,2020-12-18T02:00:09.000Z,11474326,0xd7c2b3a886dde6700052f30311cd961b87f36249dd36a421aa0b8142742c3948,0xa0915e9f4b5b38ee88c928ba1c67271f312897d33f8ea62d2c7610c994c2c899,77,76,legacy,1000339272971641807,111533333333333339908,1021414289421066279,0,419357505739004948,419357505739004948,0
1,539,2020-12-19T02:00:34.000Z,11480849,0xdbcccba4ab46a499f4c8c9b800d3ad59264bf7c4cae722350793ab0c636b9105,0xa47a1a3a9f527c61b8806156a7503b0f067f2bc6046cbc8324a59683827972f2,167,166,legacy,978131257713589717,111533333333333339908,1021414289421066279,0,419357505739004948,419357505739004948,0
1,540,2020-12-20T02:00:09.000Z,11487359,0x3c699b51a599502ad74b5c1702c9a4866e5da5e56faf3ddfc48b1613265fdcf0,0x2f22ca6138d8d3484c4b65ab560d84f9b6b4f0a843134fdfe245345261f8e455,111,110,legacy,923835900190067523,111533333333333339908,1021414289421066279,-4006232372677579,415351273366327369,419357505739004948,-0.955326259301755115
1,541,2020-12-21T02:00:22.000Z,11493865,0xe19ef4a166e9f77ce86a1e9565b293a9e0ad599ce9d19bdbaf6412bc1b3b0786,0x6703cc990b17a67f96520d3fe646024865c4867fbcfbd939f6f81c97c0a199b8,8,7,legacy,896673911748334471,111533333333333339908,1021414289421066279,-5072483833756826,410278789532570543,415351273366327369,-1.221251542735261426
1,542,2020-12-22T02:00:03.000Z,11500413,0x2d3fc7d19ad941b5352edcc90f1b2576d21f9422e68ceb12e40580095830b5d4,0x9a67d8b7456bc5f770c11cb6594bffe63d9cfccae7d0cb1ff67487e933b2e4e6,267,266,legacy,831213885374754938,111533333333333339908,1021414289421066279,-7639915786272825,402638873746297718,410278789532570543,-1.862127894785143367
1,543,2020-12-23T02:00:10.000Z,11506915,0x1c87e00c6ef4d1d8cf098890e8b1398745e70c6a94cc1a0f48b6582dd18dd7f5,0x157311964d7ebda76e64525ae4c7b7a1f289f5c3d07c2d1531b86b1f7a82e9d1,30,29,legacy,836388110238716997,111533333333333339908,1021414289421066279,-7293684176064091,395345189570233627,402638873746297718,-1.811470439553194469
1,544,2020-12-24T02:00:13.000Z,11513468,0xd7da19b24556ed6dae80aafc64d2ab2730a3e26871c2451372ce58863f4dd6cc,0xd31b5ff96e000feb0591f4909a891463efbf255549f948c161201a844d67ebf7,56,55,legacy,868751956851485318,111533333333333339908,1021414289421066279,-5908897049419940,389436292520813687,395345189570233627,-1.494617161231505551
1,545,2020-12-25T02:00:05.000Z,11519980,0x0ba45027acf9957dcbf1db003059cffa8d8685835d58d93c0a93315d5c3224c4,0x7c661d2199a1aafeafa37655b336e441b0fde52c9784baa7eb0194df115a23cb,4,3,legacy,791109898077790746,111562666666666673560,1021682921989712587,-8788783844277266,380647508676536421,389436292520813687,-2.256796300978431146
1,546,2020-12-26T02:00:35.000Z,11526413,0x3f11994d3292279268fe30637285775dde468d3cd4b87de7520f26f0757499fe,0x31eb9aed994918b3885cb791658420e8ddf485faa593e92ca845f51370333459,31,30,legacy,863480445254867889,111562666666666673560,1021682921989712587,-5894135777301629,374753372899234792,380647508676536421,-1.548449850044940213
1,547,2020-12-27T02:00:56.000Z,11533021,0x23ef6d276b49b5acc126124320d5a950a45b1d538ad8791d139b40374599f5c6,0x21b9115a6077ebcd4765e8776f889120cb6b2d5f9e8ffa2d33784bab7a74164e,256,255,legacy,918355723568688509,111562666666666673560,1021682921989712587,-3790042417964304,370963330481270488,374753372899234792,-1.01134311044170001
1,548,2020-12-28T02:00:15.000Z,11539530,0xb2306324aa59741852bfae6d4453e4f83534ca0dafc0bfa278ab8094e9ea21b5,0xbb9df46e9ad7368ca64e0d2349842ac46703e190909ea73073b84ae612a209cd,18,17,legacy,950677465633487895,111562666666666673560,1021682921989712587,-2578140439202998,368385190042067490,370963330481270488,-0.694985252547263656
1,549,2020-12-29T02:00:18.000Z,11546102,0xcddeca2ea70747f5388611ea3e8e6ea225259b3990f406b9fc83ff8f5fb1d22b,0x03bf7368a66188517cba39be1aef1104b6062d587ce243e2a5fdf8e44527f62e,88,87,legacy,970727203471757652,111562666666666673560,1021682921989712587,0,368385190042067490,368385190042067490,0
1,550,2020-12-30T02:00:15.000Z,11552502,0xe2ade433eb253e6da30c26b47c5dba46ff78cedfa2a23495685d008c5782348d,0x676bab270dcf52bf507ddcfcd23cd59582341a6d89ef90a337692d09651818cd,157,156,legacy,955230798089345288,111562666666666673560,1021682921989712587,-2396044581430550,365989145460636940,368385190042067490,-0.650418270386205091
1,551,2020-12-31T02:00:15.000Z,11559084,0x3f5c93c845c291a0007c04570a11f7dfdd499ec80cbfca49aace45df58ad14ee,0x3fc189661ba81c08e716a7ce16e25669806e428a992eed7c7e81550637066b77,84,83,legacy,1046833678600856520,111562666666666673560,1021682921989712587,0,365989145460636940,365989145460636940,0
1,552,2021-01-01T02:00:45.000Z,11565586,0xc4157c55151910aee42b387a035cdeb3dd6d250e81503cc0be03593c55673477,0x853b876e4c1998b0414db72373b41e9cc22241b77e92cebbda030dbb2552cec8,68,67,legacy,1015905518681472943,111562666666666673560,1021682921989712587,0,365989145460636940,365989145460636940,0
1,553,2021-01-02T02:00:12.000Z,11572104,0x63d0bfce45d5a3450a07e847775e6273c92a2027f9786e4905a1be769b66abe5,0x8cb76f3ce4bfa34416cdbf93f13c03028042b11bfa297b8ed2ef9e17541873e1,139,138,legacy,964322542066889292,111562666666666673560,1021682921989712587,-2054774135831445,363934371324805495,365989145460636940,-0.561430348773128072
1,554,2021-01-03T02:00:09.000Z,11578670,0x76f2395911c2659a8543461119c21c00ba93cfbe4b1342c4eac997f488f16949,0x714f47e25275a976ffac832a9e1a23d4644af542fbe7b620add0f74a918499be,50,49,legacy,1005046388083656403,111683333333333337120,1022787978692553043,0,363934371324805495,363934371324805495,0
1,555,2021-01-04T02:00:16.000Z,11585166,0x2b228e0043408ffc26dec41efec6a9fe1527fe6f66aa7a0a9b74873e6af507d9,0x067bc62bcbacf4a412a16105ddde516b6bcf91d978c11c807162cb3c06b62a27,175,174,legacy,1082212795716817943,111683333333333337120,1022787978692553043,2114488425300350,366048859750105845,363934371324805495,0.581008168479146901
1,556,2021-01-05T02:00:30.000Z,11591694,0x3d2310a0585be42545adaafedf46ee36258483783b9572c6a711b8ccf9473c8c,0x1fa9cf95130d42a145741aef849ad4df696d107e92f651454374c9c205fd8356,46,45,legacy,1123738059614175264,111683333333333337120,1022787978692553043,3612934721845082,369661794471950927,366048859750105845,0.987008872070127326
1,557,2021-01-06T02:00:33.000Z,11598216,0x03fded24f31eb28a342dafeca1a885a155d6bfd2c051dcc0209940356ceaea68,0x898ad74178b735fe2cb054a6d30b93fb3e2867f8668eb99523eeebc598feb25c,128,127,legacy,1017374136957544538,111683333333333337120,1022787978692553043,0,369661794471950927,369661794471950927,0
1,558,2021-01-07T02:00:11.000Z,11604701,0x97aeffdf869f871c93f462f8ff7fff30f460f072f62d55bda4a68febcdc45651,0xcb51781ecc2d04dcbe11ba85a9f9144de4f07f2810c71f2b2e4afef5e34d0923,104,103,legacy,1067396107207406974,111683333333333337120,1022787978692553043,0,369661794471950927,369661794471950927,0
1,559,2021-01-08T02:00:19.000Z,11611178,0xde3fce0a4eb40c0becb2c68952f06896d816ce5e78e70ab9d356472cd3c9498c,0x6253a7b74259185cedb9f5ed885aad152d81814d72635775252c980fa17d9259,86,85,legacy,1136978219502965871,111683333333333337120,1022787978692553043,4127128027367061,373788922499317988,369661794471950927,1.116460529350218752
1,560,2021-01-09T02:00:08.000Z,11617784,0x1671343dc1c0c21e5dd4ad4f8b4bb104e19ad9a0a152d06ab9f18700a920a58a,0xabe8541fa3d9955672ef7385c551de4bef619c8b1cbd58f96c0537e3867c92f8,109,108,legacy,1077313706396324086,111683333333333337120,1022787978692553043,1992701657770489,375781624157088477,373788922499317988,0.533108804949703897
1,561,2021-01-10T02:00:11.000Z,11624237,0x39698ffe984b0d044df3ada962a2751dff9a3a0450ab52d4fd1c95b0910eb9eb,0xa4053071894b883a2e3bde45cf2aad9195d1fbc282c660468bd66f4377e4cdcf,29,28,legacy,1033898718160749241,111683333333333337120,1022787978692553043,0,375781624157088477,375781624157088477,0
1,562,2021-01-11T02:00:39.000Z,11630781,0xf283f37489aac5291c05464a472bc00ed72c070cdbf2cf7c80bc8e1d499ba761,0x726dc36e7bc1d76698a9a1656e0b51830f7c9e152e258faa5d2f76418bcd6180,92,91,legacy,973841685138088842,111683333333333337120,1022787978692553043,0,375781624157088477,375781624157088477,0
1,563,2021-01-12T02:00:06.000Z,11637300,0xb41f44a965589503bc4a74ea06f7b61e6f161f70eecd41895a6a32f28d51e0b4,0xf646d70d58d820a4c78209c56b66b1ffa1c9b697280e7f9b8978780ddc6f4296,247,246,legacy,800728001436494696,111683333333333337120,1022787978692553043,-8158685930219694,367622938226868783,375781624157088477,-2.171124239648585902
1,564,2021-01-13T02:00:37.000Z,11643850,0xdee069f92b14e9992e79c721303093a67be44b201c148f870442f681861f9166,0x3ed99e6665cc02d1b9d2975949265556dcf8512a501a4ddec78b1cfdaa7711c2,90,89,legacy,818135364116065577,111683333333333337120,1022787978692553043,-7355874047580554,360267064179288229,367622938226868783,-2.000929017938774725
1,565,2021-01-14T02:00:09.000Z,11650445,0xb0d13ace79ff9147f2f5aa9ac9e647a9bfe0f9a88a9f4107e0481741d8eec5a4,0xa941f0d7682176560df74c35677332434548434553cfe3bfa6631117de1d91cc,159,158,legacy,849477589285794868,111683333333333337120,1022787978692553043,-6104688995578296,354162375183709933,360267064179288229,-1.694489894457927765
1,566,2021-01-15T02:00:08.000Z,11656804,0x5a2d32a2c4d522c79bbf5742d91c60324fbde1e5a11a0d6c529790ea3362d03e,0xe9ef04195931697b918c559d0479c92717d9ed3169147651fc85136a9cdcf4f2,46,45,legacy,922302750693153822,111683333333333337120,1022787978692553043,-3479517530567450,350682857653142483,354162375183709933,-0.982463913272144225
1,567,2021-01-16T02:00:18.000Z,11663433,0x01b1e069d5c1fc36478cb140bd3c2779b3de9292124c33d87ddc3dab76156764,0x1957a0190bea8df70721034ab9de52513a4fb1216a52657f6e5cdbc1e40538c0,65,64,legacy,880876045792217237,111683333333333337120,1022787978692553043,-4865728108008033,345817129545134450,350682857653142483,-1.387500986096299143
1,568,2021-01-17T02:00:19.000Z,11669874,0xf9611a3f7333d187cabbd4cdf0be5c701714c537142b411dcf3aed11e7983c82,0x892f59e8895a75b6647d860aa78560167e5b72779f0be360c02a5f1bf5a2d9b3,114,113,legacy,888756916617394807,111683333333333337120,1022787978692553043,-4531754197577413,341285375347557037,345817129545134450,-1.310448156092843119
1,569,2021-01-18T02:00:38.000Z,11676412,0x7596508bd9402b45d8e392736874a92bd9f96d8c720b667eeacf9163fac03cc2,0x0861686595ccfc80d657d8c17ea38645aa56fded369abb4069df2eff783a8721,11,10,legacy,914061230719792093,111683333333333337120,1022787978692553043,-3628009887214089,337657365460342948,341285375347557037,-1.06304288120151901
1,570,2021-01-19T02:00:16.000Z,11682888,0x1dbcdad2029fce8016c2dc9bd4f914aa9fd17d7ec8c3080a610683e421c1f1fe,0xda6237f83a1086f18dbee062208e104b4f92e3ed99c5a15a73ab01b68cd1c720,7,6,legacy,1030281371618022912,111683333333333337120,1022787978692553043,0,337657365460342948,337657365460342948,0
1,571,2021-01-20T02:00:15.000Z,11689468,0x9b41baa3da13bf1fd32c912b3a0b432f3ca8788e35dd183bca2929b69804dd42,0x7e3656e3bf73cb437857ffdfc0fe5fd580dada5f661002a30e9f879941395e6a,196,195,legacy,1171271375405590385,111683333333333337120,1022787978692553043,4901945818019632,342559311278362580,337657365460342948,1.451751485218335579
1,572,2021-01-21T02:00:27.000Z,11696007,0x653c14726843b491aa53a8f7ab344e5f0ac985810dff2e36bae435832b1a6a7e,0x99b7a1c927d00a64fd4e559fab2a26b148a3ec8f929489cc6506e62ca009f440,38,37,legacy,1023374549690045051,111683333333333337120,1022787978692553043,0,342559311278362580,342559311278362580,0
1,573,2021-01-22T02:16:00.000Z,11702599,0xc153a8ccce78c1c046593c1de65052e67dee080074f70288705e56a03900f0d5,0xcfc80c1181fefd85c28d29c164b4947304d3888a42ccbcb9b718a4b1315668b1,107,106,legacy,933534653965142073,111683333333333337120,1022787978692553043,-2989334846016661,339569976432345919,342559311278362580,-0.872647377431097543
1,574,2021-01-23T02:00:28.000Z,11708980,0x1d3ac90bdbfee3239efa7e82df50bfbf18407cf7e5ca8684eed36537d359e6d3,0x28e22da09147a8d1b79720b820d22ca0ca0ceff2deacf132aea0ed02b8bc73b2,26,25,legacy,924171908777158819,111683333333333337120,1022787978692553043,-3274095632198186,336295880800147733,339569976432345919,-0.964188785650930202
1,575,2021-01-24T02:00:29.000Z,11715529,0x9b646ef0738acf658fc3e6d966faacad05ebcb972598970639cb48891610eb92,0x24473f2cfc39fad90db89b6b9ffd743f38482fcc8af371c750672b2ffda3af3a,80,79,legacy,978647989179224576,111683333333333337120,1022787978692553043,0,336295880800147733,336295880800147733,0
1,576,2021-01-25T02:00:30.000Z,11722005,0x6ec70f12f36df334c4ffc10946e5e13e5fdfd57af21b2742e485d64f5e15b477,0x719b38fb1f9e3b0dd217ddcf1fbabc744bd22d77bcbb89492da11ebe369e1cad,70,69,legacy,1012333821233960214,111683333333333337120,1022787978692553043,0,336295880800147733,336295880800147733,0
1,577,2021-01-26T02:00:04.000Z,11728534,0xe185c11b2450b5223eb89cc28a7acf2b2cbbff146d37e046d8c205d52e65a0de,0x74cde31255626cda7b1c60ee6a3614548535c40afd12f26ea86b25a066168da5,112,111,legacy,1097995877463198174,111683333333333337120,1022787978692553043,2472859193411108,338768739993558841,336295880800147733,0.735322474818139873
1,578,2021-01-27T02:00:16.000Z,11735014,0x43545eb4d9feda1dce829df4ea584879591fea9d7512800690bd9c525e770276,0x87cf17bb19ac0af1bd109f15a96bc0bab41f8a1143fdaf8faca8ca87b9b8bf87,3,2,legacy,1046768608739039866,111683333333333337120,1022787978692553043,0,338768739993558841,338768739993558841,0
1,579,2021-01-28T02:00:15.000Z,11741507,0xc56bfdb0ecdf6e466c21629dd9649ab586ed62bc23ec92d5c701429621937a33,0x8c7fbb191cbefa393aed8869e4649ca8e9f278a6fac7f69aa957863f7ae7a94e,27,26,legacy,990842830273456776,111683333333333337120,1022787978692553043,0,338768739993558841,338768739993558841,0
1,580,2021-01-29T02:00:26.000Z,11747991,0x46f18a8976350850e51102fbe1e46fe360ce5b0d8c6e6132f56003f795616040,0xc6319169d7f02b4deaa04fe1c708dde3da86f8385424df3ed72870381a973acc,40,39,legacy,1010079890192384413,111683333333333337120,1022787978692553043,0,338768739993558841,338768739993558841,0
1,581,2021-01-30T02:00:13.000Z,11754500,0x9dd012dc596007356c09e4fab9489b9b48c567eabcdbc29005c53cfe1129ce21,0xe8d24888961d694019ebcb9167b787c9aaa906767473dc92ce5fda02e8440a98,59,58,legacy,984915717907578941,111683333333333337120,1022787978692553043,0,338768739993558841,338768739993558841,0
1,582,2021-01-31T02:00:28.000Z,11760889,0xc42afbe41ee61e8ff3669f110894e1e24873934d0141c3d375f678ddb99cc964,0x310d950d123d0455baa1632a4459ee696d104514838f01ad81b9e21151c480f5,97,96,legacy,987057171922506512,111850666666666668904,1024320405390967181,0,338768739993558841,338768739993558841,0
1,583,2021-02-01T02:00:25.000Z,11767533,0x98ce14ae4233b7e4f59cff68ba38c772174feac2f24c45107e82774ffda3cd3b,0x2378f3e0d4e80042293044f22649f1174d840dcc23238993df114a76517899a8,18,17,legacy,1123365054977315102,111850666666666668904,1024320405390967181,3275657788996588,342044397782555429,338768739993558841,0.966930357582246083
1,584,2021-02-02T02:00:04.000Z,11773970,0x949df726abd0a56f7785aa62af81e8b644698573705a404b563664748d126441,0x5f5cf77b3e2761cca957c0e360a26c37fb158cbd5368a47b1ad4da38bcff5731,251,250,legacy,1288455753611613342,111850666666666668904,1024320405390967181,8820093365291577,350864491147847006,342044397782555429,2.578639914137313103
1,585,2021-02-03T02:00:03.000Z,11780445,0xbda9815b49e04a9596236aa78ad2ed4cd82e61ac0382b3f6c3c4f9d46905b771,0xddf23774dcd49041f7bd7486823b1ed0553b1564dc27adf67bef82275d28db43,38,37,legacy,1369992430235949101,111850666666666668904,1024320405390967181,11840439618596514,362704930766443520,350864491147847006,3.374647454309418497
1,586,2021-02-04T02:00:17.000Z,11786943,0xfbee30eca3180d8b600f6d72f3ad6eb7d664d09372f0913633b95b0f4c66af6f,0x2f5d9138a0e2fd404c25b2252ded1bbc7e226e5248d81b13c741215139c6a953,11,10,legacy,1372580483572542831,111850666666666668904,1024320405390967181,12331653931794113,375036584698237633,362704930766443520,3.399913507030548561
1,587,2021-02-05T02:00:01.000Z,11793454,0x4d387e468cdae17fea29308b42a0b6e5e924d37da82b4bb79d35ae4823f46fcf,0x8c6f7ceb2a27d08f4a4d78b90f59d605b4f5da512b23168127dc8204216ddc8c,81,80,legacy,1542909240006256180,111850666666666668904,1024320405390967181,18987202087663522,394023786785901155,375036584698237633,5.0627599712548114
1,588,2021-02-06T02:00:17.000Z,11799879,0x4c8ccc584cc58deba7ed886177cd8bb946edab8c54cfc63cd76236bb94fe8af6,0xab40986fe0371680ca2a91b10d719afa568b6bf6a19797c0dd7611fffad2a39b,2,1,legacy,1540772798589265074,111850666666666668904,1024320405390967181,19866296384573518,413890083170474673,394023786785901155,5.041902811661513645
1,589,2021-02-07T02:00:24.000Z,11806426,0x8897113bfa91d7598c7a876357b6fe1ca17e14c347e799141b285991790d0447,0xa2619a24a5d6af92321b76302bfec6dc89aa3c006845f9230a39461a9f253179,21,20,legacy,1535391082485937589,111850666666666668904,1024320405390967181,20650480448848571,434540563619323244,413890083170474673,4.989363429696615854
1,590,2021-02-08T02:00:48.000Z,11812983,0xf90f8a2a859b2e4db4464db6aa8bd1402bd243d1a2c7a5048e890fc654931a4c,0xe5da3c1570e08288a48b45d42337b0156e6f78f883bf861f44acf4da14dfe2a3,226,225,legacy,1377868535288786178,111850666666666668904,1024320405390967181,14998334781168145,449538898400491389,434540563619323244,3.451538483828945767
1,591,2021-02-09T02:00:01.000Z,11819453,0xcb86d11bc37739a57011894e4244937efe56c2120863f2fde5904aa206aad17c,0x1d061752d8c7453872474f99382122b2da213f4a8d6c85f10d1b83db3e6a3142,120,119,legacy,1382790731674933264,111850666666666668904,1024320405390967181,15732026301423895,465270924701915284,449538898400491389,3.499591772235988197
1,592,2021-02-10T02:00:56.000Z,11825939,0xdb9698b54b2aa0b7bd3bd67c167161e1ff6d70f7ff841227f6c01e04410ce18d,0x685e26233c703d3572e2ec84de63125cd999c732f8cd0eb6017f1928a9c3a074,95,94,legacy,1380676786841152806,111850666666666668904,1024320405390967181,16186562548997759,481457487250913043,465270924701915284,3.478954237118511082
1,593,2021-02-11T02:04:07.000Z,11832444,0x7278c2995ac48f7687b006e835cb050627fbce3f3cb86b1a13b75660b4e00e96,0x2b299b50ff79709ac1a992d9fc9ed292b8b28f8d4561f6534d42cf5f8cb82ae1,240,239,legacy,1361338235056118656,111850666666666668904,1024320405390967181,15840722939362710,497298210190275753,481457487250913043,3.290160265200584316
1,594,2021-02-12T02:00:08.000Z,11839005,0x5d2b2f4495147a52b94b127e134abd1d884c2c45120dc704f1798d07a2453cac,0x4ae5414a0f6d4ca27ef5225484748c759af788b6f1b3a95c5a4e56123d57acf0,39,38,legacy,1382438387026840087,111850666666666668904,1024320405390967181,17386301236135084,514684511426410837,497298210190275753,3.49615198282792019
1,595,2021-02-13T02:00:16.000Z,11845509,0xc74e2c1b3f4c34a3d49f7f4744df3a0d13badc1d1aa4e3b9ca42d88937c1343c,0xbb02f654b97a3e80a6f8ca212966b40f18ccbff9186d4776a0e47f4ab39c15c0,170,169,legacy,1316397912661335434,111850666666666668904,1024320405390967181,14675854189462882,529360365615873719,514684511426410837,2.851427207084552692
1,596,2021-02-14T02:00:40.000Z,11851939,0x1dc5c116b6b1ce855403f2f5d74623822d8f49682a004c2402f680bc48ff1bce,0xb152436da284cec2b75ae52f3dd522aefd2a1bcb4e752c5863c888f64e144ca1,227,226,legacy,1203153680749307167,111850666666666668904,1024320405390967181,9241956669977892,538602322285851611,529360365615873719,1.745872428364659025
1,597,2021-02-15T02:00:25.000Z,11858473,0xd75fb0ee6bd1e4cba2ab07f6d279b86f67659e53709381b7f5e6193222fe6788,0xe66c39231d674d2de270b3ea3fa88075c9e7f3f1cd49fb9651453361ad0f10ef,43,42,legacy,1051469154488184923,111850666666666668904,1024320405390967181,0,538602322285851611,538602322285851611,0
1,598,2021-02-16T02:02:10.000Z,11864999,0x25b0268a46b7cd35179aee79b7701df23da3b82a0b1ef78781a29eb6bb436b00,0x85a3bc1610593678613dd7b9ac2aea29c9347ac3cafb906e1329b4b5951e35a1,151,150,legacy,967594871982465312,111850666666666668904,1024320405390967181,-2982709693756549,535619612592095062,538602322285851611,-0.553787009513401227
1,599,2021-02-17T02:00:02.000Z,11871447,0xcfb6d12714228133a0af2c1b6e79c965f795d762b4e157a5e44714fe04408080,0x73cfa46f63df40ab11d115f4a9bef49a0b2b72701945af19b17189860b0c9172,27,26,legacy,1104528856970930827,111850666666666668904,1024320405390967181,4194119294682440,539813731886777502,535619612592095062,0.783040649759870066
1,600,2021-02-18T02:00:34.000Z,11877999,0xf577d601d73d046f5150903d4a72797ebff89a6dd20d5cceb3a87db0c0494402,0x99ad329be834ec39cd659a26d90ca3a90396ff4282fb2ff960e865bfb2b0e829,164,163,legacy,1140012222262579587,111850666666666668904,1024320405390967181,6096923490496098,545910655377273600,539813731886777502,1.129449499031063725
1,601,2021-02-19T02:00:05.000Z,11884490,0x5efd61a6bfc365d09be83153144c9e1dda672acf89e73f4a535261826b5f0237,0x5869220d2852cb69554b840ead440a479812bbb64efa2f9916acc6212300f312,186,185,legacy,1147858870638004826,111850666666666668904,1024320405390967181,6583971594471135,552494626971744735,545910655377273600,1.206052955665614476
1,602,2021-02-20T02:00:45.000Z,11891056,0xc880af6bc90268e0441793939f9e7e04aa76a550848487684c5a16f6932ced4d,0xa7080279a1737d6619ed944a709ad4f00dc162a2b7e4459bdb81f8f338ee5c89,128,127,legacy,1187656569363368381,111850666666666668904,1024320405390967181,8809973179288899,561304600151033634,552494626971744735,1.594580788518591697
1,603,2021-02-21T02:01:22.000Z,11897513,0xfdeba179d7ff99765d708294e14b11a1c25997a04b6448c79f4adb59b91c0207,0x177108229b2829bc3f5267072ccaaa758341c929d035d3f52e695c7673167528,75,74,legacy,1109705892842534508,111850666666666668904,1024320405390967181,4678933138543696,565983533289577330,561304600151033634,0.833581826567020308
1,604,2021-02-22T02:00:01.000Z,11904015,0x3c3c2b07ac07398c93ba24244f97c9aa7e7c420686731a19abb010e54f2130b3,0x2d48b8dfe7c4fc857a60159d1d1155c13943e69b99b4c48aa4c9685cb444a3c9,13,12,legacy,1060764497849433498,111850666666666668904,1024320405390967181,0,565983533289577330,565983533289577330,0
1,605,2021-02-23T02:00:34.000Z,11910473,0xb6cddd5983df8af959da36604e40b9e9e9d92157b3436ae3e17988cfb71feec7,0x1082a7064fb5f4c438e7fd0598f03a8bd2bc8cfef851ba335d5e76a2ef2f00bd,232,231,legacy,943788117413120455,111850666666666668904,1024320405390967181,-4449774567968142,561533758721609188,565983533289577330,-0.786202125370223249
1,606,2021-02-24T02:00:32.000Z,11917013,0x40c7d0c1faa9d9bc4777d766ef030cd56927e7a0f9fb3028bcfb99c400da3c5e,0xb08f6cc309d9396832f32c8c1ca759696c44f67199bba3811398a3b1d5534bc5,133,132,legacy,883557669760776101,111850666666666668904,1024320405390967181,-7716631203513697,553817127518095491,561533758721609188,-1.374206106696313611
1,607,2021-02-25T02:02:41.000Z,11923528,0xc1ea6586a104d13b49f36ac0ca118857b3bb8347fd7a46de17154dac66029b0a,0xdd9032352f680519868ebe990954133d7450026c0e193743518f2a76532f5ef5,161,160,legacy,899484617206858167,111850666666666668904,1024320405390967181,-6749469917783434,547067657600312057,553817127518095491,-1.218718162081923146
1,608,2021-02-26T02:00:41.000Z,11929995,0x93f55a25ea4858247018ef049d417731dd52cd684a4ef117ba1bca945cde1af3,0x309aecebf4187e05edd2ab8fc652c6898ecb1d3c3f0cbda8ca5596d8ffb28b35,163,162,legacy,851959731050690782,111850666666666668904,1024320405390967181,-9205415598233159,537862242002078898,547067657600312057,-1.682683205695673
1,609,2021-02-27T02:02:09.000Z,11936544,0xa0a3003beca8b55360c0068ce3b5762b8a91e93feb1e0b329f7b834aa13d33f9,0xfa0e1d893ddcfd16dcdcafa0d91e88d71297f34e2e234674b08de0cfa40d62f1,253,252,legacy,785068161491518192,111850666666666668904,1024320405390967181,-12562939059938854,525299302942140044,537862242002078898,-2.335716858126340987
1,610,2021-02-28T02:00:15.000Z,11943020,0x43fe075d3cf3c6750c57dd2bcf870d896492e27defd56bb78b3c8c4f2460e1b4,0x362aae624b73683a1023e26b4cba41f0d2dda0bb6f4c80778f0975ed3aec38a7,90,89,legacy,814196059199214594,112137666666666675040,1026948730863745294,-10882610471747497,514416692470392547,525299302942140044,-2.071697108828294035
1,611,2021-03-01T02:00:04.000Z,11949516,0xbdf384d63c15df29d972f81fe243eba6fa225761f7099768be11b534a71a7de8,0xea4c7499de405c6b0164f980cd3776732f64253d3c3e254f562e14427ec666ed,2,1,legacy,768143193886047045,112137666666666675040,1026948730863745294,-12964024816810012,501452667653582535,514416692470392547,-2.520140774311316014
1,612,2021-03-02T02:00:28.000Z,11955980,0x81853817059dfe34bedccb3c5ebbde138d2ff7c53b23d402fe77f9cb094245c0,0xf9afb16d343d96d3be357fed6dbabb6a22767de24c278d7a4d23740c35c9b52b,86,85,legacy,853735765952577477,112137666666666675040,1026948730863745294,-8457881169378040,492994786484204495,501452667653582535,-1.686675874904504408
1,613,2021-03-03T02:00:02.000Z,11962493,0x9ca7a4d08663bfc2a34e5ea249cff8d6ab32d35fe203af69fc0e3313ebf854b0,0x6ea121c8699a0be9ed191b7b1ee119f4af69c92cc5c7f6d788e09dfe53a82049,51,50,legacy,870494040948489438,112137666666666675040,1026948730863745294,-7510730003468664,485484056480735831,492994786484204495,-1.523490756774829921
1,614,2021-03-04T02:00:16.000Z,11968961,0xf3e1c88ff79990952856c2149745c6c3484b4d750375c16135770f0c58a1a5aa,0x354d4482a099f1d6056f7f5104340e6d4e526915c4d74cf13d54ad2bffd5e162,152,151,legacy,899029002491147881,112137666666666675040,1026948730863745294,-6047330968704633,479436725512031198,485484056480735831,-1.245629158770241326
1,615,2021-03-05T02:00:17.000Z,11975464,0x3ddf50abfb5590d5c044827de22645d7795f6d37734109ccadd1f14afac6e778,0x645d3cdeae161c576c548cfebd4788f486702dd85d741543b147170cd9ff82b9,52,51,legacy,894703419933693986,112137666666666675040,1026948730863745294,-6173945877833361,473262779634197837,479436725512031198,-1.287749884250039427
1,616,2021-03-06T02:00:10.000Z,11981996,0xb601364caedb04c91049d6c4c2a6883b308cc0cc67e7d28aeaffc1f415ed4416,0x267dd0ee0394502b6e7ec2af667d70436eeab5082e849b237c0f3d9280e88bd0,135,134,legacy,879067737424907089,112137666666666675040,1026948730863745294,-6815001363414402,466447778270783435,473262779634197837,-1.440003663225315658
1,617,2021-03-07T02:00:15.000Z,11988557,0x638f1369446a12c8cd1867fda1026b5177cab8acf4fb485ea4c57cecb80a82ea,0xab741f89a04ab4f4a0a894a2e2e3c6940b5bdb84e068256c63ee4ac47a07b503,144,143,legacy,1019422637791497663,112137666666666675040,1026948730863745294,0,466447778270783435,466447778270783435,0
1,618,2021-03-08T02:00:30.000Z,11995007,0xf45b4ffd0975391ad09a2ce84a4a93e76f2482a7c1d038def167cf6ee2543cf8,0xa512398de4a42ef6eb9d44f747c47ec564fa0a95793769ef93bb979492c07222,254,253,legacy,1036875864961280742,112137666666666675040,1026948730863745294,0,466447778270783435,466447778270783435,0
1,619,2021-03-09T02:00:12.000Z,12001507,0xb00a1f4cdd6a55ab1628e52d59b49a36f24abb8fba346b0649583371f331325f,0x53fa4278ae28c41a8f36817463d2a7ee69b3874e341fb9f55b3285d02280fb68,125,124,legacy,978075200339524997,112137666666666675040,1026948730863745294,0,466447778270783435,466447778270783435,0
1,620,2021-03-10T02:00:27.000Z,12007940,0xee802bb356faadb6fe2ca7d21c0686761c6d283d0f5ab59055d84816e0ba478f,0xae7d3df3cdfb60d736ad92817f161f962fc33c57f52cbe9c7a66b1602c42221c,116,115,legacy,1016378956729413159,112137666666666675040,1026948730863745294,0,466447778270783435,466447778270783435,0
1,621,2021-03-11T02:00:55.000Z,12014483,0x38d7ba85469196d8359087de8ca9283b7c0efeca94417a062041c1f0240d1cc0,0x86ec2cc2da9fc20275cc5affcf3677578ad1d0fb879fd3adbb9cc3ea38a8fbf4,36,35,legacy,998254019120030000,112137666666666675040,1026948730863745294,0,466447778270783435,466447778270783435,0
1,622,2021-03-12T02:01:08.000Z,12020912,0xcdf3f6c7ce19feb95b35290933e45fe462026bc4ecdbaa8c5f67172848642621,0x5ac109cbc4856093e9d3a0cf289946516e03e1bcf1c4f8021cf3dc3da38b0860,198,197,legacy,933676681765190741,112137666666666675040,1026948730863745294,-4236486084382396,462211292186401039,466447778270783435,-0.908244455593273394
1,623,2021-03-13T02:00:04.000Z,12027353,0xc808681a791fc1594a3a19718654495d1d89f3b5271751bfed2f3dce60e6523b,0x57004cd4c9a4739495e34c69a692ce1215ab2a940d484e7337ea8d8e9a150019,16,15,legacy,902745554724779890,112137666666666675040,1026948730863745294,-5590163248808107,456621128937592932,462211292186401039,-1.209438917505654598
1,624,2021-03-14T02:00:52.000Z,12033883,0xf1cc8e95f11935b41bdf24400335354234d3d72e982896d8095f1b0eeb4c558f,0xb81c00f6b33eda8ce3a796740da5ebf809ac7940dc86cfad1936e9c0c6ea41d2,161,160,legacy,964683852827735107,112137666666666675040,1026948730863745294,-2768537322992881,453852591614600051,456621128937592932,-0.606309508592901969
1,625,2021-03-15T02:00:59.000Z,12040367,0x41f279b3c653a0bc9a4b2cabbd81d57d237d2ed9df484d82f0b417ce1a0c79a2,0xc49e427e9d27bfe2c4aa10e4bf03a8b7076eb596c332170a23e786d6fb50dac0,261,260,legacy,965049941685653273,112137666666666675040,1026948730863745294,-2735572384675371,451117019229924680,453852591614600051,-0.602744687420083902
1,626,2021-03-16T02:00:04.000Z,12046853,0x79ad3547b593b7524dfe822deb3033306c6cc42f1541365f63fd02eaa0eab0c6,0x2241f112ab7680df41cbb2c3303f3a332a3622829c0c120ceeb07a52cc1f9199,53,52,legacy,911726757999746612,112137666666666675040,1026948730863745294,-5061459387994981,446055559841929699,451117019229924680,-1.121983692088385516
1,627,2021-03-17T02:00:09.000Z,12053333,0x82a22658f9bdd769ed37125a4200890d60f5c56600d680fa1a66564f905e125f,0xddef8cfc532d45b87a4ce4c31eb541a51d1b1005d24e424ac9a67c5556b31413,156,155,legacy,859345267145336055,112137666666666675040,1026948730863745294,-7279862625418711,438775697216510988,446055559841929699,-1.632052883277254049
1,628,2021-03-18T02:00:43.000Z,12059831,0xfe0e6748e4c5d703f94fa7dfcb79eb2eea74185efd91c4b4cb8809f7a6f2772b,0x42b000bc5574accab72f2a70c75e3a209b068598ca4039ef5478845d1b8f59f2,184,183,legacy,853510476600183748,112002000000000002520,1025706305233756078,-7366177275204685,431409519941306303,438775697216510988,-1.6788024774238791
1,629,2021-03-19T02:00:02.000Z,12066327,0xfec07193f714be65b8249eb152a783999f18daaa79631bc34fb12ed35d233fb2,0x64fb38578bbcb704f484ddc07f1899d91cf33f3063c401ae2135f04fe1de4e0c,2,1,legacy,845363548418813303,112002000000000002520,1025706305233756078,-7585171480904117,423824348460402186,431409519941306303,-1.758229971822616981
1,630,2021-03-20T02:00:54.000Z,12072850,0x658c64b56301fcc2828c4a175cddff29d27f9ac4842e85386501416bbde3c643,0x4108a66f25bfd197f01e01c836a8e823203e98c1bb0d41282eafcd3840d62112,87,86,legacy,864853665519075744,112002000000000002520,1025706305233756078,-6646470327553819,417177878132848367,423824348460402186,-1.568213424192828608
1,631,2021-03-21T02:00:03.000Z,12079381,0xa84cea264931636ae64445938f02a5180cba1a207b1c6c4b8aba2aeb23387bd3,0x71b3bc1b8895a55e97339e4402c54ef97f8af81e682f60b9112ad5500c52d429,1,0,legacy,924000979176648524,112002000000000002520,1025706305233756078,-4136584897920082,413041293234928285,417177878132848367,-0.991563818396623049
1,632,2021-03-22T02:02:05.000Z,12085809,0x70a679d18b499de76c37b3d9de2c775db9da0bf46d4c451ca546b9c416010899,0xd90432c28ca94f56a18623e65578b678cb45dc6e307ec12c269913c8cd8aa640,330,329,legacy,879651251977335368,112002000000000002520,1025706305233756078,-5881485545394985,407159807689533300,413041293234928285,-1.423946138491710744
1,633,2021-03-23T02:00:20.000Z,12092271,0xdae3b08c1a809a121402d51d92be79ce22a544e854af33e0b718bee59975e2ce,0xf70c251e783e7c59a0a41955ffcd6de2293a6582a19d2d8cb42ef02d8e455799,32,31,legacy,877297339410258618,112002000000000002520,1025706305233756078,-5891176224204526,401268631465328774,407159807689533300,-1.446895325359976142
1,634,2021-03-24T02:00:46.000Z,12098784,0xdde883c535f26ee8909ba79736586fb9785c36a32988fac01c8ee27949a991e2,0x2e8eb449878bde2b841e5bad735244634b029b53f29757b8584c2dc2e5d19cd2,70,69,legacy,828687301901545957,112002000000000002520,1025706305233756078,-7707620147831885,393561011317496889,401268631465328774,-1.920813027344215523
1,635,2021-03-25T02:00:18.000Z,12105272,0x6864f9182fce6b0ff53fbc12d2812adecf49112504672f1b459ff058b7b6f1fa,0xe6ff6d8948af884af249bf77a84e159ce2d778d325a5355ca357d363198b5aba,197,196,legacy,829732777444958336,112002000000000002520,1025706305233756078,-7519456533948051,386041554783548838,393561011317496889,-1.910620289539273243
1,636,2021-03-26T02:00:19.000Z,12111790,0x195a42883692bccdd7c727085d99d046499e1361dc2b40b1cb98a0008f24b5ee,0x9319c6fc48c21c7c9b7b06fd065cd8b081c34102bd6f25081a3f3578466ae0c6,341,340,legacy,789553262468119110,112002000000000002520,1025706305233756078,-8888010859535091,377153543924013747,386041554783548838,-2.302345628184650967
1,637,2021-03-27T02:00:22.000Z,12118330,0x842d46a9eac531c176465fcf3a2b7fa23a5153bd60f0281b3b091612eb65782f,0x5fba8632ba4545a8550dd9714c887e1e54f8fca8ceb2e17cea16562129992fe2,100,99,legacy,810097278333016607,112002000000000002520,1025706305233756078,-7927971991854899,369225571932158848,377153543924013747,-2.102054221569815406
1,638,2021-03-28T02:00:19.000Z,12124813,0x78ac10cfd377cd4def514d3b8f352ad618dd68323e8a35ba995224a537efcebb,0x6f9be089cb8ffdb4afd7a812eedfc0c0b2518cee0ab45268ed0407934089ccb2,23,22,legacy,844651525426629984,112154833333333329012,1027105941969259777,-6558898507620263,362666673424538585,369225571932158848,-1.776393350356943509
1,639,2021-03-29T02:00:26.000Z,12131306,0x7f6d89a1b4e42d053bf22511103e6b6475d1d047c49b5eb38c77404b1f541420,0x5c9592c3914b1de7dc5cf0201fdc59756e2c01c918af811053d69288aeda6179,148,147,legacy,811133572059808763,112154833333333329012,1027105941969259777,-7625891132174827,355040782292363758,362666673424538585,-2.102727295057502649
1,640,2021-03-30T02:00:12.000Z,12137813,0x4938924327d77eb0af7b5a0e56417b5b11b46c0335d120a45c82a6a42cde730d,0x96ec0b6871800bb8cc717484e3851b9082dd364bb54ce0610adb83041126a42c,40,39,legacy,842713657763190473,112154833333333329012,1027105941969259777,-6373907321349920,348666874971013838,355040782292363758,-1.795260612089691884
1,641,2021-03-31T02:00:16.000Z,12144305,0xd9668653a8e1775e572aa3f89f7e03581892bc8ef52d04e39ada8718adbb616d,0xc28b6a1234975a99c15bff86bffb255b8eb4708a3637c79982645de061796d80,225,224,legacy,868473103965157644,112154833333333329012,1027105941969259777,-5385035139474321,343281839831539517,348666874971013838,-1.544464222453596115
1,642,2021-04-01T02:00:12.000Z,12150789,0x9a166ff08a13271c0bd8a44c5b2d5882b2e8100a31b7c940bc7fd1d60318e7d0,0xa8395487330f8c0c3df7034eb2bfa397c076f34ce92090544b544ce990828e56,47,46,legacy,855950931612529997,112154833333333329012,1027105941969259777,-5720384280807019,337561455550732498,343281839831539517,-1.66638126957552224
1,643,2021-04-02T02:01:15.000Z,12157338,0xd0a1d65e03b938fce4d22dd7473c02fe7d083f9fa3ee26d83dd26b971f8bd387,0x8141d0624ce8086c75c1b6ba8456b74487cdd590a11525a25b0cb68946e253c8,122,121,legacy,865583329594038427,112154833333333329012,1027105941969259777,-5308489213215779,332252966337516719,337561455550732498,-1.572599337372498108
1,644,2021-04-03T02:00:51.000Z,12163769,0x8b21d78cefe809acddbef191e7ca38c5e09bc442559c9786cb41a7f295702485,0x74011f19cf707c76b5e2e671f60310cddf2566a8ccac4ad9bf2f61022d4fe0a5,202,201,legacy,1017326027837017588,112291333333333326512,1028355999206312733,0,332252966337516719,332252966337516719,0
1,645,2021-04-04T02:00:16.000Z,12170291,0x6302147224e397c750bb53beabaa8f1a81b5b33d63a6a865a6866b0f9d7c045b,0x28481dd8790accc51e7b2dad632de6a3a0f4a0c3acd18f063822392b68f6afbb,93,92,legacy,1111417986636045801,112291333333333326512,1028355999206312733,2683661274375626,334936627611892345,332252966337516719,0.80771627232048503
1,646,2021-04-05T02:02:14.000Z,12176850,0x11ab5ab0b1b2865fd51e6a191ca096b6570f06f9cedfe670acb32372272c5b5b,0x47282cf656c88f34274f1d213c3a405549d91e4005c5026f6d0e2a4580cc8066,308,307,legacy,1024684850118953834,112291333333333326512,1028355999206312733,0,334936627611892345,334936627611892345,0
1,647,2021-04-06T02:00:58.000Z,12183317,0x83e31e058aa5075dc602045daa38e9178bfa9f62bca36abe68ea96cbfe2149d5,0x698d0dcdd16784e078cb3048d9329e436b158618eadfd1112e1fa74043546974,150,149,legacy,935744071454357960,112291333333333326512,1028355999206312733,-3016380201196529,331920247410695816,334936627611892345,-0.900582364700870547
1,648,2021-04-07T02:01:02.000Z,12189854,0xb505234a67b154bbc9b514e899bb697de87c8a4f25316bac22d50aa14c3176cd,0x4c4018521676c191c5e60c0f05ff695be3132361b58374acd4b1374843d8ccad,231,230,legacy,1014578593269471474,112291333333333326512,1028355999206312733,0,331920247410695816,331920247410695816,0
1,649,2021-04-08T02:01:37.000Z,12196366,0x4b42c41028904b1271a580b2524259fab3011d94b41c429ca3eb0ec262e37578,0x57df58ef272df67f47734bc34889c637fa96eb8eeabbdfb36ef6b3e6d460def3,151,150,legacy,991878882826585511,112291333333333326512,1028355999206312733,0,331920247410695816,331920247410695816,0
1,650,2021-04-09T02:04:38.000Z,12202857,0x63d4bd817d5b12f0493b400fa2c3c321009ca316c597850dd77bd8082f018be8,0xe595b23797b84f15267fe9acc2e0d076a7ea7fba929879ddad35ba2944ba3eee,269,268,legacy,952401376738394363,112291333333333326512,1028355999206312733,-2451570963848634,329468676446847182,331920247410695816,-0.738602415180543289
1,651,2021-04-10T02:00:14.000Z,12209325,0xa2d95832abbd7931775858fe781e026e166d79801d1ba7232f02a40d670d6a5e,0xe74e5a92be102a00e281a8ccca5294503646422be4eea2488d53d2ddeefa8e9e,203,202,legacy,1004242302340808599,112291333333333326512,1028355999206312733,0,329468676446847182,329468676446847182,0
1,652,2021-04-11T02:01:48.000Z,12215836,0x51d8c7edc25f6b307d94cecac3b332f3b26ec7c734646f922f8b087390a6bf5b,0xc6e798100fe7533c718e6e68a407a927c15982926fb848c13030497384b91f3c,323,322,legacy,1017928756258534747,112291333333333326512,1028355999206312733,0,329468676446847182,329468676446847182,0
1,653,2021-04-12T02:01:30.000Z,12222421,0xa1cd8cb6bf6c58caa8fafb0e0a82ad27fb2883b4deb5f743207f8652a8116199,0x9e7c59b8fbdd4090b23bdfaa802f53fcc88418f7a3cb6d32a7938ff72fe15cb4,301,300,legacy,982094563578223904,112291333333333326512,1028355999206312733,0,329468676446847182,329468676446847182,0
1,654,2021-04-13T02:02:43.000Z,12228936,0x03440fc25cfea7b3cd3755cd51adaaaf36d16587bfe97fba3ba4037ba0cc9a05,0x8942a361d24d4d612b638d389eef82d51b737069cc7a676abf6aa7c8cb0a27ee,369,368,legacy,962772243593482154,112291333333333326512,1028355999206312733,-2101197753973304,327367478692873878,329468676446847182,-0.63775342063884726
1,655,2021-04-14T02:02:00.000Z,12235405,0xf973e69677d7680564b840893010b54488c315eb3fc4d3b4572bee3b04d310af,0xf59b5dd80f8727e7631314e17abbb00d445084b0f8c8535483c50222cd5b10ca,171,170,legacy,1014035489540324481,112291333333333326512,1028355999206312733,0,327367478692873878,327367478692873878,0
1,656,2021-04-15T02:05:18.000Z,12241845,0x35618f71e7837bcb9fd0d9259a30b1ef966845b71746bf47fdc2d5df567f835c,0x8a17d145e4f1d478752b5b5b729b10a99197dd732f4624b5a33ac6408c733388,100,99,legacy,1048245396493841872,112291333333333326512,1028355999206312733,0,327367478692873878,327367478692873878,0
1,657,2021-04-16T02:05:48.000Z,12248359,0x0a1690a5a90158644055ecc6b47e945e776856dd7fd5256c2a1288f3cc7d0a41,0x8e18521fa3892c558b8039bec6c6d5a53579b1af970dcc90f12c13cedd1a712c,23,22,legacy,1092581273765675831,112291333333333326512,1028355999206312733,2044551324354952,329412030017228830,327367478692873878,0.62454319913466032
1,658,2021-04-17T02:00:03.000Z,12254804,0x9b4502ff55c685c275af408610dfbc0411dc851b44175ea37ad688271e0dc940,0xdf4347813020c4b874ae72d1aa240eb82b0e5af785b4cf906cab4d1e91defb7d,8,7,legacy,1102244083309457712,112291333333333326512,1028355999206312733,2366848036797188,331778878054026018,329412030017228830,0.718506861049791555
1,659,2021-04-18T02:00:38.000Z,12261276,0xe8ad92840f5de33608da17974007c6b263307f9ef1438a59550e023518ceb5a7,0xa3dbe41a871bd08dd4fbc3c7719de155ec382ea0550384296ce4396529c54ee8,64,63,legacy,1264425877870315997,112291333333333326512,1028355999206312733,7616331265237224,339395209319263242,331778878054026018,2.295604623750943009
1,660,2021-04-19T02:00:17.000Z,12267731,0xd303d0225ba3dd81692c914ae7645d1f56ae1cd65446e4b2fb5cd4826b3ab99f,0x9fe2d4bbdd1a707ab839326a6eb2b839782184abf51c69a7b3d8eedcdcad9d7d,114,113,legacy,1130695195421177023,112291333333333326512,1028355999206312733,3377568949635763,342772778268899005,339395209319263242,0.995172841835413746
1,661,2021-04-20T02:00:21.000Z,12274162,0x288977c9d8a0c321230777e27bb5ffce2bc07e154218ec47748a561c24aff4e1,0x5c328767a249f1c1c4ec6f1f6ab22702add02822188ed3bdb40d3151ca4070fa,224,223,legacy,1182540271752362277,112291333333333326512,1028355999206312733,5139287513931790,347912065782830795,342772778268899005,1.499327787896888502
1,662,2021-04-21T02:02:06.000Z,12280711,0xce79fed9134caccd028dddb3adda43c06e8ad2eece087ce3da325044fed94abc,0x08beb19bd8ee07424e848a37b3ef4af73e7dc98c6083ee8d505a98326e7dd4c2,76,75,legacy,1241801520535559107,112291333333333326512,1028355999206312733,7221261150327863,355133326933158658,347912065782830795,2.075599515089949759
1,663,2021-04-22T02:04:37.000Z,12287246,0x1cf965b62c5c1f0d16851616bee1183236eb855301512f26af20ed7633461f82,0xf89109d0488ccc877e2c0d1b45827d5b2f8a59f75515231fe3e8d080d4259d1b,8,7,legacy,1404630850543188200,112291333333333326512,1028355999206312733,12994307409076081,368127634342234739,355133326933158658,3.658994080136500888
1,664,2021-04-23T02:00:07.000Z,12293643,0xe2a06d6a1cdffd53a95525cbf5b713db4d6b98d36309fff9539044e997dbfb51,0xd0db4866e21dc829364fe001cd39cf313a5ba2c0495d28c76d2dfa43cb47e436,149,148,legacy,1268174967658266078,112291333333333326512,1028355999206312733,8584963728003762,376712598070238501,368127634342234739,2.332061743569795843
1,665,2021-04-24T02:00:31.000Z,12300099,0x2f2cbe5c175d01654fadbb25f2fd5aabaec5f3e240463fc00eaafa0128a7c10c,0x59522a47361c66ff84701ad6082ebad7bacabdd7fa8c6429b0deea1d003f326a,123,122,legacy,985777222453569625,112291333333333326512,1028355999206312733,0,376712598070238501,376712598070238501,0
1,666,2021-04-25T02:00:14.000Z,12306589,0x95362add08889c471ee1b05d3293089741f7d10711803fe083fa827b0731d5ae,0x02f63671285bb9396478459c77ce7e0c1466ea1d64f2d1a43c477e6595e7b546,99,98,legacy,1060011025981494630,112291333333333326512,1028355999206312733,0,376712598070238501,376712598070238501,0
1,667,2021-04-26T02:00:43.000Z,12313120,0x9f55943b2432a10d99a11ecd9e103ce7481f45eaeea30056c0988f77282f97a0,0x4466bb8473a0538f2505ef3646f9b328a3fed0c07df9f4d56529c2f9bd493538,355,354,legacy,1164833818912264397,112291333333333326512,1028355999206312733,4999524880495785,381712122950734286,376712598070238501,1.327145655894315959
1,668,2021-04-27T02:00:41.000Z,12319584,0xeea7df034c8854aa80fcfb311273e92fb4cf32b0d56f6bd97fa25e5a190526e6,0xb3ede6796d9a312c43361e11317e3411ba5c9fecf845ae1cbafeaf169950e049,216,215,legacy,1188361730109414000,112291333333333326512,1028355999206312733,5939200750950582,387651323701684868,381712122950734286,1.55593715626294781
1,669,2021-04-28T02:00:04.000Z,12326097,0x1ad580c778fb37ecf9814d927e00cd2e12a3ac75ece92632ee70cd1adf45e7a9,0x45fab5caf199a6ff915bab291dd2dd5c918fceb2eb130c94acbc4743ca5fd47f,2,1,legacy,1172295819542562959,112291333333333326512,1028355999206312733,5425986908210334,393077310609895202,387651323701684868,1.3997080820974766
1,670,2021-04-29T02:03:07.000Z,12332591,0x1b4f97bda8f8037220e2695cba34db28c86082cdf4e9c6211cc560b3be356daa,0xd0e6cfce832467e5f66033359fe6c7915456360edeb107ed5749b87b054136d5,385,384,legacy,1180389991110027917,112291333333333326512,1028355999206312733,5811325329450374,398888635939345576,393077310609895202,1.478417902176438052
1,671,2021-04-30T02:00:23.000Z,12339026,0xdf9d74f1b862551a66c0e8be3788d0b0f5c10940cce012514457c653b09287f4,0x299581b1b88341ae0b02ccd04d8a0ef6ee9b98af9e91752b9006deffccabc7fe,239,238,legacy,1114228404629589245,112291333333333326512,1028355999206312733,3330901622644120,402219537561989696,398888635939345576,0.835045504567999786
1,672,2021-05-01T02:00:23.000Z,12345489,0xda981024c5f2a7f4b21b7b42f24fdd3ef89e06a0c3300bfd77ac017ee8ebd035,0xfb958ffa495485dd63c4c00a9b041c52643193613c76dc999dab8f9ef51b41f4,312,311,legacy,1098192710242413291,112291333333333326512,1028355999206312733,2731514148745215,404951051710734911,402219537561989696,0.679110260357314595
1,673,2021-05-02T02:00:19.000Z,12351967,0x0f3fe9efd87086e7f3757a6fa156bc45a723742fc352815ed9023d8a4ade61f5,0x0efc1092a483d52206dddab9cf5391ec9e4c16f4a30b2e83b6b0c5b1043a8a2f,233,232,legacy,1141329138761497604,112473999999999996156,1030028847474701117,4375719196874861,409326770907609772,404951051710734911,1.08055508891492635
1,674,2021-05-03T02:00:17.000Z,12358408,0x80dda485bf2946d961a183e9c269121a45ebe4ce93aa338507e446f256436ecf,0x6fe2cef98e8941bd7e7a38da6ac6cb33fbf3c1f74d1e10bfd72922bcf9d2de7a,134,133,legacy,1099461986086349316,112808666666666668656,1033093700871529474,2629608123129553,411956379030739325,409326770907609772,0.642422707241664582
1,675,2021-05-04T02:04:13.000Z,12364950,0x081594cca9d6aae58445a4efcc80cc5d56b9de65616770a317366875024150d0,0xdebf339317d7bf764f679fb515b12fab5a999a8b383caba054ad77d0c44c4bfb,180,179,legacy,1148684833671691237,112808666666666668656,1033093700871529474,4609311282824051,416565690313563376,411956379030739325,1.118883337519605155
1,676,2021-05-05T02:01:26.000Z,12371392,0x47ff47a622992c5a42a76d3b0570cf440290b5fd814718f10732d56047f5bbe9,0x2d1dd2a7d58c928d39a417db2873b825a570e39d583ce7b1dba74e8c190ef263,368,367,legacy,1234237274516506647,112808666666666668656,1033093700871529474,8110543267940866,424676233581504242,416565690313563376,1.947002227148323253
1,677,2021-05-06T02:01:04.000Z,12377923,0xe67360aa6f2a2dbe230d2b9011bbf63f6ef0594060f59fe794dc2bcb5daff1af,0x7cbae1a7321710eded861d908d5125e0aa021cc72cf40f5583c6ac36fa6aaf2c,40,39,legacy,1309379201719403967,112808666666666668656,1033093700871529474,11357332427278603,436033566008782845,424676233581504242,2.674350841698065879
1,678,2021-05-07T02:01:08.000Z,12384359,0x7a0b2e05936dc804d740212b204e191f97cedcc59aab3b9711a0f00e9885c5be,0xe6eb70f62bd0efa6fcd20ef4767201cce96f91639a34dc7f892163d1cce17405,132,131,legacy,1390409950577838181,112808666666666668656,1033093700871529474,15081098492894717,451114664501677562,436033566008782845,3.458701271771115122
1,679,2021-05-08T02:00:37.000Z,12390818,0x053a8e8c4a3382f667949c4e514ab80d1a954d5f9e853e6b2746088ac88102b1,0x32b4f061de22d6139d9d319b6449ed39933ba372922f781712cb9ac922f27301,45,44,legacy,1389853243163265427,112808666666666668656,1033093700871529474,15578399238417403,466693063740094965,451114664501677562,3.453312531000523823
1,680,2021-05-09T02:00:24.000Z,12397328,0x701d60ee6f8fe00823da4267e5e121d120b2fe79a0c4bbaf68e5da463f0120ed,0x0f33b61fddf653d9cb37fe305dc2796ce1507cad4aac5c8bc44e35a5a2279695,237,236,legacy,1302447208827942478,112808666666666668656,1033093700871529474,12167861806850039,478860925546945004,466693063740094965,2.607251479020570331
1,681,2021-05-10T02:00:48.000Z,12403780,0x35f0d34172ac26ac2990b925951c6fc3c56d126cba39737a88334be678ac84df,0xa6283107f37302dc73bd8d6e173f09916f7de1795c8ae8f2c7212359e9c73100,217,216,legacy,1217488464083833842,112808666666666668656,1033093700871529474,8547089862552005,487408015409497009,478860925546945004,1.784879368219425393
1,682,2021-05-11T02:00:12.000Z,12410299,0xcdc1ad1374dc75999bb1fed0b2ec9ab462e611a128deebcc17210c914c3afaf9,0x1600bf1cfcbe6e47728c48c7cd83984ea26bfcd18e667d956594f5ef2d7befe1,102,101,legacy,1211887794135304586,112808666666666668656,1033093700871529474,8435408529847783,495843423939344792,487408015409497009,1.730666764427489844
1,683,2021-05-12T02:00:09.000Z,12416784,0x7c378a6c0b02ad502131eb99fdad2e18bf8f95c91e5ef78d62f2992bfc9e494c,0x78e650fbbd904c84f75f0b66b7f91a1386a0b41c1b99ddf59d2f4aced634b394,227,226,legacy,1098814722395475764,112808666666666668656,1033093700871529474,3154344693974405,498997768633319197,495843423939344792,0.636157412135058909
1,684,2021-05-13T02:00:40.000Z,12423198,0x39dfe752e296fc5890827b6b73847b7977a347c5b240a7dd24d219ebad151caf,0xc7065618d43f59b6406ef7348962e80b25354621272ad6a110b6712971bed80f,326,325,legacy,1022622100324369904,112808666666666668656,1033093700871529474,0,498997768633319197,498997768633319197,0
1,685,2021-05-14T02:00:37.000Z,12429732,0x7cfc403ede1c42fa7591fa708e5b5f7d49093acd36598b14d61804adc53f75df,0xf59c37995424ec596b09ef0591c2147d76bbc98b7afb55642a532ff00fac2031,304,303,legacy,915498466901357708,112808666666666668656,1033093700871529474,-5680003595368542,493317765037950655,498997768633319197,-1.138282363651690978
1,686,2021-05-15T02:01:42.000Z,12436199,0x6b82f0810f1ae0c11a5f5f84dded4840703d9a287fdea3a2f34150d234feb9ff,0x931719e9aad27377e998c401c3de509e01c36cb1de47c0ff3795ee446b52be30,235,234,legacy,971288194063246544,112808666666666668656,1033093700871529474,-2951305816691988,490366459221258667,493317765037950655,-0.598256544940145369
1,687,2021-05-16T02:00:39.000Z,12442719,0x20deec88280e4e6bafe1c082d629794c871a8bab3bfcd9c8bec36d1f37614a28,0x9cefd00cc20b175d59de68a6395d4a7e1a62050a3f8e6828ce7c9be7c807ef2f,346,345,legacy,951788364642174711,112808666666666668656,1033093700871529474,-3859224948225735,486507234273032932,490366459221258667,-0.787008343587466048
1,688,2021-05-17T02:02:00.000Z,12449141,0xd884e650d2ee4dc55b2f3fa1890e8b4e1c05184186e38d894075562736928c1c,0x873164ad64129afbffed9c4dd73dc8e2f145839b729a74ade6a6d75008b31a9d,189,188,legacy,873046048243279730,112808666666666668656,1033093700871529474,-7537006639995351,478970227633037581,486507234273032932,-1.549207516154940523
1,689,2021-05-18T02:01:23.000Z,12455561,0x8a0fc3aa2c842526e80ca76bc01b8b2f61511b27429579aa3be3208acb44eb29,0x90a9db5217e892c068a8a81e41b05ca392a40f717e936a8b8440be032c57eb97,179,178,legacy,814802593546040221,112808666666666668656,1033093700871529474,-10120567115814731,468849660517222850,478970227633037581,-2.11298459318197756
1,690,2021-05-19T02:04:50.000Z,12462074,0x7e30533ba0b61918221c5107913efa9c0f2cf6f07d3dc19cad32ba97f024b9b6,0x6e53798f27e087f1c4b4d7083a78ea2255980a8b13095155744864bbc2da8f77,300,299,legacy,825943033788624186,112808666666666668656,1033093700871529474,-9401133687660929,459448526829561921,468849660517222850,-2.005148873796739203
1,691,2021-05-20T02:00:15.000Z,12468417,0xb5619c5cf8e0b4fa7394c922f9d36c314917f4d898651ea04a5a6bc8a2da48cf,0xf4ee8cc2ad572a73fd65e70fce42b8c7b03d2c2c493891ae91a58ff099d36fd9,149,148,legacy,706078498343785432,112808666666666668656,1033093700871529474,-14543371324933359,444905155504628562,459448526829561921,-3.165397313446692446
1,692,2021-05-21T02:00:02.000Z,12474918,0xc5ad7f97109d46255485d1128acc37af4c9cb6cffe73ad15a4040c900e681705,0x673f75bd5d16d84165b7cded8895bef6ecfb5d09b28d05a668ac6371a3adbdc6,15,14,legacy,689531103337596975,112808666666666668656,1033093700871529474,-14795634776638366,430109520727990196,444905155504628562,-3.325570538704274445
1,693,2021-05-22T02:00:10.000Z,12481346,0xc4760aff7f4eb7b64907ce1ba6ab8a7985bbfa9f3030bce840f325d792ca1c81,0xccf441a635ef8e671df64c59ddab88930511434924e08b296c6f0e393d35cbb7,232,231,legacy,670664397936459544,112808666666666668656,1033093700871529474,-15089076010402227,415020444717587969,430109520727990196,-3.508193909510052063
1,694,2021-05-23T02:00:20.000Z,12487796,0x0ac1775f32e5e52dc603ddc6d17f7369e2d93df1d528b25dc36248690829dbef,0x1df677aeab41f739b4ee44752a635b04b1585a90056b0b40f64b1ec7b2ff3278,20,19,legacy,626071540849353820,112808666666666668656,1033093700871529474,-16351132304824979,398669312412762990,415020444717587969,-3.939837787015903496
1,695,2021-05-24T02:02:42.000Z,12494238,0x1294c7feea13ca3f58c15d0e611755e3f98388e3cb51eeeef636c9bde4f5ff87,0xafe9967d5ea89ecd37080450de58dea951ee1ccd446cc2762c1b0c5c26980827,214,213,legacy,556033129069293112,112808666666666668656,1033093700871529474,-18409696040077602,380259616372685388,398669312412762990,-4.617786086584234022
1,696,2021-05-25T02:00:15.000Z,12500699,0xf6b8d26740a71424a521f845f96f70ab68878c522ab10f37df7f50221fc4fb77,0x05a2d835ffce7554cf61fbe9c29f199740d880e1ecb3918b6f7bcb279df5a166,132,131,legacy,608564028340642860,112808666666666668656,1033093700871529474,-15626026010925366,364633590361760022,380259616372685388,-4.10930462718675551
1,697,2021-05-26T02:00:25.000Z,12507113,0x5b393ae07e185f19e0ab0916854e039ac490200666d494a2b3b35d8d70f346b1,0xabf46722f4501624e6054468d3f87f4cad31d56ec7311626ed535b06ae428cfe,261,260,legacy,671247458807853622,112808666666666668656,1033093700871529474,-12771474096810529,351862116264949493,364633590361760022,-3.502550076129767165
1,698,2021-05-27T02:00:09.000Z,12513576,0x4f034f9f510237c4d95a2236992e2501815be9d6f3e1fbd9c8c1512ace476bc6,0x1c39955a0cc174dc4b5ca4173e15c13a51c3754bafa0c5dee0cb50e7ef665f3e,88,87,legacy,717294588685749277,112808666666666668656,1033093700871529474,-10755824358868962,341106291906080531,351862116264949493,-3.056829326510930263
1,699,2021-05-28T02:02:39.000Z,12520029,0x157f047d5a5fffdb7da31f1a9d01a52f577b682a11052b27b6cb27abbf71e856,0x03f2eaae7cfec5a4c1618f2bc6e3a1d2ebb68900b174a8d146e994b744967f31,359,358,legacy,765082416115696222,112808666666666668656,1033093700871529474,-8849181391283646,332257110514796885,341106291906080531,-2.594259209302465893
1,700,2021-05-29T02:01:11.000Z,12526441,0xa620d3c1e2a0f8bdcb6361ea151de79c754208ec034dd7ff3969aab629bb14d7,0x58c1a5b9fd00bdd8176c41074f655bed7f81d3c985e4318b5f545eac0ab8b49a,58,57,legacy,781933276403651593,112808666666666668656,1033093700871529474,-8077663898150552,324179446616646333,332257110514796885,-2.431148542053795338
1,701,2021-05-30T02:00:34.000Z,12532930,0x4bc65641f9257cb89076149456c64188cbe36f090bbcef341c78ba1c870eace7,0xf4b70aea57694704329cff6f7f922a5d534c44b0725e3486db2d12ce923557d9,144,143,legacy,801127722999084856,113107500000000003048,1035830395164613722,-7345390011458177,316834056605188156,324179446616646333,-2.265840752126509923
1,702,2021-05-31T02:05:32.000Z,12539359,0x5e380eb08830a0f3e43eefc2e4c2ee46de93287f4a5c4f8dcfb6825efa07e5c9,0x6c16429aeadb590eba3bfc8e825aea67fc6c9fd053107fe4d1ecdd68b20975e7,139,138,legacy,789228512179546939,113107500000000003048,1035830395164613722,-7542921632476323,309291134972711833,316834056605188156,-2.380716805919533745
1,703,2021-06-01T02:00:14.000Z,12545810,0x2599a75686e5cb6f0e376d8f171c833f31409e55d5cda21239ded5e2f8eb949c,0x7dea2859f7baa8d7f1d9ba9d75eaf968b91079be04dcc6cb6d1baff4a930b230,211,210,legacy,831648638186279407,113107500000000003048,1035830395164613722,-6096713096212572,303194421876499261,309291134972711833,-1.971189085891670761
1,704,2021-06-02T02:00:30.000Z,12552223,0x4bf37609cca56c0b1efe201c8eb502adc9be2c8e2fc8d6f137d3c638dfb2ed7f,0x76b4ecd6b61b2b3921de3ab9909c413623b1ee8e2e96d9d9e86674a6fe7a6c38,100,99,legacy,867546638870932384,113107500000000003048,1035830395164613722,-4925777080770052,298268644795729209,303194421876499261,-1.624626551598128608
1,705,2021-06-03T02:00:17.000Z,12558731,0xeb64d5856e2ba5dde05a4ed4e5a75d65541e5a172fbe66401c2bfd38b61a62b1,0x06bd5978d2d3e7e402be7f8c62cf4684c7966cdb447661968e35370e427882fb,90,89,legacy,889096669029763545,113406333333333338048,1038567089457697974,-4292677881923560,293975966913805649,298268644795729209,-1.43919850672316635
1,706,2021-06-04T02:00:05.000Z,12565127,0xb7048e131d0cf0eafbeccca2d4deb18c118686d8725231e74a3212b6787fc6ab,0xea82617ad4e3147849cc38d6de1c4d98dfc79869dc13849cbaf0d8f79951f79c,24,23,legacy,920482366031100617,113406333333333338048,1038567089457697974,-3342496705264337,290633470208541312,293975966913805649,-1.136996585249556752
1,707,2021-06-05T02:01:13.000Z,12571706,0xc48dd64fcd87c74cfb77b186f3559a60e55df09e2ea34a5d36be1c099dd11c89,0x487c33134746cc700e5a6960cd8ff454e805df8d8477f46ed8337cf67d0d5e64,174,173,legacy,880086909896440649,113406333333333338048,1038567089457697974,-4434922405370232,286198547803171080,290633470208541312,-1.525950332626175215
1,708,2021-06-06T02:00:23.000Z,12578087,0xc262bd0b9faf1c38251d76232918657c4b063fddd619387a392d71cc0bb265e2,0x20ed8ac0755f772444d66d8861c171d8b7b03d30f963b687712ae48b01b1889f,126,125,legacy,872965272715792839,113406333333333338048,1038567089457697974,-4563499069650672,281635048733520408,286198547803171080,-1.594522091282291415
1,709,2021-06-07T02:00:03.000Z,12584644,0xc77b64367ad7539acc0609a1029a623355da0c363e24a0268528f17657f7eb1c,0x3218b280c56fbcb739126792bcb9d94cdddcac2582534d4c4c83411462401093,258,257,legacy,864031918194074262,113406333333333338048,1038567089457697974,-4732984702048576,276902064031471832,281635048733520408,-1.680538243848643801
1,710,2021-06-08T02:00:44.000Z,12591101,0xd87ded3c70f31c03ab90cc6988adc2f6a18572030259bdf244a5dcf58d5a2160,0xd9d60d14cf67a7ab3f92d23f2d88628f042fd7edbfada24274746cbc58f221a9,409,408,legacy,875574149395318060,113406333333333338048,1038567089457697974,-4345706886340662,272556357145131170,276902064031471832,-1.569402128344822449
1,711,2021-06-09T02:00:05.000Z,12597528,0x1e7003cb055f4cc26f42ed99002d78bb60dab709c6ce794390c4f4a7e7428d00,0x5f927a43791c2589b02bed3e735ab0aecf3c86950bf15cac8e88620e2f87e1b0,6,5,legacy,831757795360638017,113406333333333338048,1038567089457697974,-5427399769839003,267128957375292167,272556357145131170,-1.991294507560876293
1,712,2021-06-10T02:00:27.000Z,12603961,0xd9d4e310a6a8c54b5f2cd740435f74c11c736ef9bb7cd11f3aaf6fe488f1fe24,0xf731cd771592cf7e134ae491ee3ad6f704245b1fa73812bb3fa196961eb1b0b6,171,170,legacy,881335122576882018,113406333333333338048,1038567089457697974,-4044150041464374,263084807333827793,267128957375292167,-1.51393172840588256
1,713,2021-06-11T02:00:16.000Z,12610440,0x3bc12762de0fac0cdf56c930cc176123c7e99582b5e6d45d3b1e79934eb4412f,0x2381a72337c0c122ba70bdb5e20ee5dc2446cf6b386502b996372b78f7bd839a,150,149,legacy,869685122800472638,113406333333333338048,1038567089457697974,-4278036547776026,258806770786051767,263084807333827793,-1.626105509904125274
1,714,2021-06-12T02:01:04.000Z,12616934,0x76f6813d294b3c7111385db4bf1fe5f42eae3dc4c6619807a267bbe49283d4bb,0x1daf34988fdc7afc1ab8394820635c4dbfee150d7ddadc7be4fe9758175bb726,241,240,legacy,855397858929025087,113406333333333338048,1038567089457697974,-4564504069279252,254242266716772515,258806770786051767,-1.763672586855387309
1,715,2021-06-13T02:00:22.000Z,12623330,0x23668c88511ba10faa56ed3bfa3c3059fc4507ffef77bb07a5a812fa2852d803,0xc4e3078ae4e2e6564ef955d3e46e6de9bd66c3316ddb85dc9c3a68e6a317b47f,124,123,legacy,824160473737674299,113406333333333338048,1038567089457697974,-5248695489493566,248993571227278949,254242266716772515,-2.064446465677811865
1,716,2021-06-14T02:06:47.000Z,12629821,0x54b9c3413d0f482dd33d00ce041e2ec538a5a0839606e1384d17fe94de3bc9a8,0x07c0efc17d5bafc85bdfd774e4a67c3d7a8f18784435a454962a88ad69427be9,200,199,legacy,849271565122669531,113406333333333338048,1038567089457697974,-4538307548925929,244455263678353020,248993571227278949,-1.822660531577903792
1,717,2021-06-15T02:00:03.000Z,12636235,0xa13ab38cdc162ba5c25a653f85e769a14741a26b691946004e089556bb5b5e9e,0x7876db85bbe36525e3a80a3ff04ab23a460693212828aef8c6465849c81fc516,6,5,legacy,962035626319116113,113406333333333338048,1038567089457697974,-1801377993885892,242653885684467128,244455263678353020,-0.736894745803506892
1,718,2021-06-16T02:00:24.000Z,12642714,0xb981b230e2c10a9796ef8e258d47cf90872b9ea6537cfa34746c52f7ae25c27c,0x65c96c72fa373f5ab100c0938fe7bec51b701bcd6939b236b2bd636f597e252a,141,140,legacy,1022329464765996195,113406333333333338048,1038567089457697974,0,242653885684467128,242653885684467128,0
1,719,2021-06-17T02:00:52.000Z,12649140,0xb81549f376b2119b0585aa1e6ce57af5888cac630280fd54b2310261b8294e1b,0x2e1e1aabd486d51f6514f6962628817aeb46c6eccb2efe911fd24020f2d09b2c,228,227,legacy,973987769769849996,113406333333333338048,1038567089457697974,-1508850320425447,241145035364041681,242653885684467128,-0.621811728326274323
1,720,2021-06-18T02:00:49.000Z,12655617,0xc25c2c2c1c4bd3fb5f5ab34b78efea6e7a76527c62e5a3a84a3f18bb3a51fead,0x2f62a94fab5b638086d86c929860e2f1faa7bed1603e9314abf6f3bb7d43f321,323,322,legacy,930864930589315300,113406333333333338048,1038567089457697974,-2500737908290674,238644297455751007,241145035364041681,-1.0370264950781447
1,721,2021-06-19T02:02:03.000Z,12662029,0xe747684da8434230534bf9e3c99b0e490d6949843743adb5fa025bb076d84e7b,0x4afbe06b785d9f47f83a6ecdece8842d7334e30f7c50e5b2153e3ae734fe8da7,46,45,legacy,882802699623107526,113406333333333338048,1038567089457697974,-3579189419540491,235065108036210516,238644297455751007,-1.499800941275011112
1,722,2021-06-20T02:01:52.000Z,12668457,0x3b2d066ff61bc2c38e383da61e0969443a558a680f1bd8425a7077e79c2f3aad,0x5492339975687441e2e1a0c05d110805c896b53a920aa2294d23c5bf258e7df2,233,232,legacy,873381944940640824,113406333333333338048,1038567089457697974,-3738734284576099,231326373751634417,235065108036210516,-1.590510099865679378
1,723,2021-06-21T02:03:36.000Z,12674936,0x0443d400bffd4d405047192860ac0306a7dced7ed0fbdd6970838e90d759ff15,0xaaa300f7b59df523b76c6a92ecff001435f1eb87d2159c756ac921f625e66e72,321,320,legacy,854575186794424706,113406333333333338048,1038567089457697974,-4098163717568127,227228210034066290,231326373751634417,-1.771593809691650764
1,724,2021-06-22T02:00:02.000Z,12681222,0x5f70f97af0e37a3cc799c682dfc845fe8dad14b30ffe743f2fdb2270aab45ef7,0x27c6af43e802b2e20f018a2338db2606e9f9c6200a54a3aa14611d9b2ec7293e,1,0,legacy,804640874455035136,113406333333333338048,1038567089457697974,-5118074282794252,222110135751272038,227228210034066290,-2.252393873994318298
1,725,2021-06-23T02:06:01.000Z,12687672,0x6cac487a9e5af996981167f8b7e873eb2bceda1c49da225f5c38d48d6590ab10,0x2586a858fe237dbe60c63c494969644d2407d1b499b4f0b369953d5e00e50cda,106,105,legacy,793422683611151929,113406333333333338048,1038567089457697974,-5242709673158677,216867426078113361,222110135751272038,-2.360409918001075144
1,726,2021-06-24T02:00:33.000Z,12694076,0xd9cdaea77c2386c53dc425925273a3c63b6849cd95245ab385fce08799a1a043,0x7ca8aca7379ac5a486a0731541bc6971a9f33fc1565009ef0771aa5306ea477b,277,276,legacy,833606033604651510,113406333333333338048,1038567089457697974,-4279875328257558,212587550749855803,216867426078113361,-1.973498466623563844
1,727,2021-06-25T02:03:22.000Z,12700517,0x78f68ac51169624758124cb77a48afeae5121bec9ba38f2d2aac76bc6f77c37c,0xa01bfd12db5f087bd2dfeb7de64923705f868bbe6dc47175705eaf93082ed131,204,203,legacy,856481862511862659,113406333333333338048,1038567089457697974,-3727159546751980,208860391203103823,212587550749855803,-1.753235094719914172
1,728,2021-06-26T02:01:26.000Z,12706868,0x0470cd6b5fb7a93bedee801ebc893828d875ce68a99c17c732972cde0890da9b,0xd8d22e82a2db2246b1c5c967cdb6681dab7725c5f76af9d3cf4a1b1911da2887,280,279,legacy,842456652008668325,113406333333333338048,1038567089457697974,-3943866804599385,204916524398504438,208860391203103823,-1.888278951256113592
1,729,2021-06-27T02:00:22.000Z,12713297,0x438738be8409cad6a0625a03fffa9c865801567f74631c5af7157fcf2a30bcb2,0x145ab596f72189b7c6931148a01917ab5ec50b8d03483f7629165d534694f864,165,164,legacy,807606941161659582,113727000000000005816,1041503731855854188,-4601934294715739,200314590103788699,204916524398504438,-2.245760466718771724
1,730,2021-06-28T02:03:00.000Z,12719722,0xb1a1276741fa7d4644df4481e514d46037825104d1235f122c82a857d4698cce,0x05577a6e6fd303d66658a2ddc599d0a366333570e894cfba19f5cf94a145de80,64,63,legacy,825421259068909128,113727000000000005816,1041503731855854188,-4155959373069305,196158630730719394,200314590103788699,-2.074716260516013329
1,731,2021-06-29T02:00:15.000Z,12726202,0x23e3d4377920e344cbb3815454bc1eff1052997d82b08eac2459a8f6dc64aa5a,0x6e647fe50410b318f2a34ec5322b581db0dd7f05c4f16e5365ddd389c6b328f0,107,106,legacy,878267171365573549,113727000000000005816,1041503731855854188,-3074425872090620,193084204858628774,196158630730719394,-1.567316136250511653
1,732,2021-06-30T02:01:00.000Z,12732589,0x668c5ae52f94ca094b2269d3705e8d5749605acd019962957a237cf2cb0869c7,0xdc9d67202bedf0f493f33e614cd35c56f146529c2b5dc17160625f9111ec11ba,307,306,legacy,914036785017972977,113727000000000005816,1041503731855854188,-2363107622484805,190721097236143969,193084204858628774,-1.223874124874694361
1,733,2021-07-01T02:00:17.000Z,12739011,0x565b8aa75607a2bb92bdda212c1f28727ce0f95d301c1f141b204151e7ff03e2,0x1ebf0729d16a851003edf4361e9dbb60726f967638f64e3a1ccac390ee8925dd,48,47,legacy,899290532267167747,113727000000000005816,1041503731855854188,-2604220862337811,188116876373806158,190721097236143969,-1.365460297826075768
1,734,2021-07-02T02:00:49.000Z,12745391,0x45e861c2aefe08758bf02c6d10f028b99818d7d3d80dce8afb43870451069464,0x12558978c1799636fd8fdabb59f64e0c8e8aabe21f0cfe6248c9cb8cccde6b5c,197,196,legacy,899600765024693949,113727000000000005816,1041503731855854188,-2563057822259270,185553818551546888,188116876373806158,-1.362481597433198862
1,735,2021-07-03T02:00:41.000Z,12751861,0x1942a5e15ece4a8428c4f9da916375a0e8bdb58f4eee7dfc87f8a5e2ec0cbe7d,0xce0be529273d509f7cf03497e37dbe6d7d6b2d56c3db4007293b93de36c29aba,180,179,legacy,909638753625958852,113727000000000005816,1041503731855854188,-2349300294889399,183204518256657489,185553818551546888,-1.266101831386866828
1,736,2021-07-04T02:00:21.000Z,12758264,0x9aa7ca4e16637d67550bc4a14e58e79640a20a767e5a7cdefa033daaaeded050,0x3a2a9db03aad5ddc29539ec1b1d578977a696d11fa32fe9ce4bb366cd8cac1b8,60,59,legacy,980389344533042409,113727000000000005816,1041503731855854188,-1075025613981776,182129492642675713,183204518256657489,-0.586789902460667356
1,737,2021-07-05T02:00:08.000Z,12764668,0xfd5e101a2f6e85850e6ff8c05fe08514a029a07cd610f137382f1dd195dc285e,0xa23300fa2549a49372481f0ecc3a5e5f7865ccf2e66d0ac8ffb01091e5847777,177,176,legacy,1057503412642538545,113727000000000005816,1041503731855854188,0,182129492642675713,182129492642675713,0
1,738,2021-07-06T02:00:14.000Z,12771107,0xfdbc9eb2d3e91aff52d07d3fda9a0c0d16f9bb510ada89a475c5c90bf4779722,0x4a1358111278c724c1b41fcdb5323bd882ae06528296ed631645db9a1a5a01d4,156,155,legacy,1029566833993428845,113727000000000005816,1041503731855854188,0,182129492642675713,182129492642675713,0
1,739,2021-07-07T02:00:08.000Z,12777521,0xd9b2193240227c99e6b05d2cb2b93d9c6fa287f9043ebbd2b2291e70f81a9637,0xb28aba55848d326897505423beda89bd98bacc78461401a26d28b39fd30c9c09,230,229,legacy,986816320540160153,113727000000000005816,1041503731855854188,-956327872116274,181173164770559439,182129492642675713,-0.525081280488996332
1,740,2021-07-08T02:00:16.000Z,12783945,0x2518ed121c07ffe12ffff2b571ab21dc0d6e69ce2fe1fc71fc84e1a883d7fb3f,0xd5c280d3c00f5c331a6d2624875f95bbb37d683a84e6be58dfb220f74645dd8f,175,174,legacy,970675357234874316,113727000000000005816,1041503731855854188,-1232083994818915,179941080775740524,181173164770559439,-0.680058769398462325
1,741,2021-07-09T02:00:12.000Z,12790400,0xf09bb5c2e331a4236c58621df3e5f8889b31bdc7f458dde6663a0f45166f873c,0x4e63667cd18e436e7c01d34022cfbbe04d7e68c1ef4fbc13f99a9cd5374dc355,180,179,legacy,935574571967570582,113727000000000005816,1041503731855854188,-1830142987773955,178110937787966569,179941080775740524,-1.017079023802714116
1,742,2021-07-10T02:00:38.000Z,12796837,0x78454b3c470927d867999a7a03d4da3da807e4beaa0f52ca7d9238b179a0faa2,0xe51b2ba801aa32763409e88f66d2b092f6398efde58a65c525af8538e1bcf187,290,289,legacy,943553947120341169,113727000000000005816,1041503731855854188,-1675071099772710,176435866688193859,178110937787966569,-0.94046503857433522
1,743,2021-07-11T02:00:04.000Z,12803241,0x5e7d890b2c131976af41515a98d79d877d6f7489a4b33561956f3a9192ecdf4c,0xe793ca251b66e6a60c246c8d2c342df0874f164e1684967b50aab0c6896e40fe,35,34,legacy,980579938798893433,113727000000000005816,1041503731855854188,-1032079089220655,175403787598973204,176435866688193859,-0.584959911265998951
1,744,2021-07-12T02:00:35.000Z,12809643,0x213f42d2db013e1b20fc6290d76f1dfb4a75367b95a9c68eb78f56794ceafba8,0x5f4d66c65495534e7540e47c42b7cb676cb0b495f912c826171e8fca9962b1ce,208,207,legacy,1010363880537846910,113727000000000005816,1041503731855854188,0,175403787598973204,175403787598973204,0
1,745,2021-07-13T02:00:36.000Z,12816042,0xaaf023b9a62c48a089d7f3285650bcd76e5460a4856b721b3b4eb7adaed36c27,0xbdae104f894f40ab8b39e00f6ee8b9e38531ad86e679a9078422e72cc0f2191f,251,250,legacy,1004576829097554220,113727000000000005816,1041503731855854188,0,175403787598973204,175403787598973204,0
1,746,2021-07-14T02:00:13.000Z,12822375,0xa67114caa6da49e7dbb0b396f4a4beb54564be9ebcac6e0c46e40162f61b0ff7,0xae99905c98c1f8741396c25133684fd696ba284de4d233a9c447e72bbfc64ab5,150,149,legacy,971755547070230667,113727000000000005816,1041503731855854188,-1174656932601818,174229130666371386,175403787598973204,-0.669687324704437752
1,747,2021-07-15T02:00:15.000Z,12828722,0x673870ab18f1a055f745ecd16e2721179e0516021e058a8b1ad869b3cab3f053,0x727a58056447526a92a5e8d898022bbc21848b99d41aab2d89cc45f649722bb1,245,244,legacy,970207398097735992,113727000000000005816,1041503731855854188,-1192688789337493,173036441877033893,174229130666371386,-0.684551879915738057
1,748,2021-07-16T02:00:58.000Z,12835149,0xa5c2c1c3401798dd3e8ae7b5833a5fedbd41b2212fbcaf835b9524c24ae5b325,0x93ecc894d1acb33664c2badc8512873107cf140c08bf8bf20c2b2da057e650c2,285,284,legacy,968760323867872069,113727000000000005816,1041503731855854188,-1208566047653099,171827875829380794,173036441877033893,-0.698445965799476397
1,749,2021-07-17T02:00:27.000Z,12841521,0xabdc5cea39e47f6c84308769a7c76133cf67fb23b6ab95f0f58ca270c85f7704,0x2db7dcab9d19e747651498055ee1302259f5a4f2b5f8237c6dc857d92dc24adc,198,197,legacy,953597351777358830,113727000000000005816,1041503731855854188,-1450284439578808,170377591389801986,171827875829380794,-0.844033270258715683
1,750,2021-07-18T02:00:51.000Z,12847844,0x6e8337ce9e88e6202573f0ea8ad35f138309a0b0ba5824c5f1e76feea9383f23,0xdab1e45dd45c21df2a86c2f5989feddc5e0929305f5092a42985b0214d915e1e,116,115,legacy,933931520787581418,113727000000000005816,1041503731855854188,-1759753101376723,168617838288425263,170377591389801986,-1.032854782734094734
1,751,2021-07-19T02:02:00.000Z,12854252,0x6d26404e389de721413495ba1cfab2aad4df0db28ba8419ff9f7437ceaa817d7,0xc98e772240c321dddce9cd60b0873ce456627521b590d2a51ed450f29d1c30da,398,397,legacy,952161135177954753,113727000000000005816,1041503731855854188,-1446442778659868,167171395509765395,168617838288425263,-0.857823106583592566
1,752,2021-07-20T02:00:10.000Z,12860648,0xf9ee464daff20f34eab7b5887f862b61d7b11e408b38570ff41cddbfe2225322,0x7543854fc674fce224954c894d8c0787e140b0e2768c0bfa47e3af0b279ef000,268,267,legacy,934025279512786407,113727000000000005816,1041503731855854188,-1725132835904918,165446262673860477,167171395509765395,-1.031954558161323455
1,753,2021-07-21T02:01:09.000Z,12867037,0x8d455ca3daac93f2297e1896173e273b3838d75f4d35c3786796a5c61dcab41d,0xef15a9b597c0b7ec8d4b69a8f9877aae11ad39991ecb422ebe90dd52d8632d03,201,200,legacy,946460403403030427,113727000000000005816,1041503731855854188,-1509794252641255,163936468421219222,165446262673860477,-0.912558693222021925
1,754,2021-07-22T02:00:18.000Z,12873406,0x71e65244936ccfb137296efe2593047311a6fdf016ea4aa93fbc6ecbf4cffccc,0xe234cd2f793a52dc633372d92849b89acd5b7e2540f74e9504b56647c847a8b9,138,137,legacy,1053488394571248338,113727000000000005816,1041503731855854188,0,163936468421219222,163936468421219222,0
1,755,2021-07-23T02:00:12.000Z,12879841,0x743bfe23d7f6a21972c481e991fc3d32269d7c1b3be469b9d51cdd1b33df371c,0x45b206cb83b364c8c362784d7de15d4f1d7b47080fccd8af7e46cc717609f4ff,275,274,legacy,1046482219038344808,113727000000000005816,1041503731855854188,0,163936468421219222,163936468421219222,0
1,756,2021-07-24T02:00:58.000Z,12886207,0x029edd6e079df32d2d45636ba13ef4392f3b8f13c2390bdd11590f3568e14318,0x7150ce96fea957dfa3e3cef2b1c3989e6ec74a9a82ceccfa9850ab1cdf5d7316,176,175,legacy,1343963962963256040,113727000000000005816,1041503731855854188,4760833841397679,168697302262616901,163936468421219222,2.904072466149000814
1,757,2021-07-25T02:00:20.000Z,12892652,0x8de8b478c278bf92c01fa92b3b4c87c8065feff5d1c2a09c1f6339d0fc738e25,0x33c90c4da3510b6dd5957b013557be498c0422c4c5dc21811677a98befd430ad,16,15,legacy,1509669351666298601,113727000000000005816,1041503731855854188,7583100728155494,176280402990772395,168697302262616901,4.495093061032250477
1,758,2021-07-26T02:02:32.000Z,12899042,0x4cc3813aa8664983e013bd7020598921fa6812c28e7a8a5548eda310bb6e36dc,0xc9261badbe97fe49266b0db1701f0fadbe16b35e78e044e7c1eb1393ffa21805,155,154,legacy,1769829550821509874,113727000000000005816,1041503731855854188,12327326820718435,188607729811490830,176280402990772395,6.993021692470105947
1,759,2021-07-27T02:00:32.000Z,12905351,0x5a332c0d3a7a928b336be9cc2a17f499f6e31119beadd1fdbc22023ffbf3d501,0xafbdcaaaf07697ae4908275e867ed0bf09db29e6ca9d18a49c374b3b52c6a3dc,68,67,legacy,1584610922718373787,113727000000000005816,1041503731855854188,9835222974222903,198442952785713733,188607729811490830,5.214644693540920316
1,760,2021-07-28T02:00:09.000Z,12911628,0x6c9abbc3558dac327b2410ecb06631a6a450783ee78c73286b03aa30271a71d3,0xa1631e78725993b0fe51003b48d7e0d4e4b3b9c78cee6464fd6983d3e46f7d90,198,197,legacy,1136762526628403086,113727000000000005816,1041503731855854188,1815013805067112,200257966590780845,198442952785713733,0.914627493487779892
1,761,2021-07-29T02:00:20.000Z,12917974,0xdfb925bb0ba1177b9b9cd6f341c83caf6d78629ecbaa0dfbdb7efb4d7e3d28a3,0x373f184fd8366d4c2305de51722cadeed1e6689fad7516416b6739254590e877,38,37,legacy,971220231961501308,113727000000000005816,1041503731855854188,-1351395136016127,198906571454764718,200257966590780845,-0.67482715370702279
1,762,2021-07-30T02:03:24.000Z,12924285,0x172eae19a9d8a7686bc117faf252bef9a95dd2ea2be54007e4bb8f8987fa5d1c,0x2e2c6f94aa6002d253a7768109f5d4d6af5fdfd3c408c835bc384965f149422b,107,106,legacy,868627315179511875,113727000000000005816,1041503731855854188,-3301596938611418,195604974516153300,198906571454764718,-1.659873233178857712
1,763,2021-07-31T02:00:11.000Z,12930573,0xd1f7457487b1b6d5aee1f7e46775f10cf59b20b6f8ec1b4f700e09847c6fa6fd,0x0fc4318f7887cc99cc8846bcd340d1908e0738bf723606e87b19a346700ac715,216,215,legacy,863484252962040213,113727000000000005816,1041503731855854188,-3343386544602676,192261587971550624,195604974516153300,-1.709254354534104661
1,764,2021-08-01T02:00:15.000Z,12936871,0xf1cbb97641e1e8c5b024cd78f325fd9542c26d2ac284f72789e85610514711da,0x1525bf48ddc4d073eae1b8da38789fbad3f6b249e2bcfb327748057cf3f87089,54,53,legacy,935497177339717646,114082333333333332876,1044757849107865059,-2010669771461423,190250918200089201,192261587971550624,-1.045799003677711374
1,765,2021-08-02T02:00:17.000Z,12943218,0x0d7fef369bc27611a1ec0cfa8d36fbe8658df99aeb0a98084415717b9d46df4d,0xcb50254de6f2badb6ba2a92f3fdf6e3a404cccf10aa00a6b7c633fbec6e74aec,122,121,legacy,1056639454846106288,114082333333333332876,1044757849107865059,0,190250918200089201,190250918200089201,0
1,766,2021-08-03T02:05:31.000Z,12949590,0x1f00128397c6beddf6089b203fdcba039476a10ac806aecc3479372ac6903e81,0x574dc849d686dec640bbfe0bb5bb168e2423c48856729db907b7ff4898dec8d2,104,103,legacy,966015387127339655,114758333333333325752,1050948608758032125,-1537527455317393,188713390744771808,190250918200089201,-0.808157705551968324
1,767,2021-08-04T02:01:25.000Z,12955925,0xede2aafdf59c486ec11af83e1abe752937623e7d299edfff91a60b059293c20e,0xd077ce9b406a46a22f4b0f1d9a13b9b13796e931568466372bfe3c9dbfff0784,196,195,legacy,937225288673230319,114758333333333325752,1050948608758032125,-2042070674161491,186671320070610317,188713390744771808,-1.082101628348843258
1,768,2021-08-05T02:00:16.000Z,12962230,0xb18f3ed47aa7b3bb93844f53dedf012177cd0ac99a6e07b513669b9b112912d4,0xb4c53f468b68769cf27cb462689c770a05a57bd00ee649c463750141380488f9,126,125,legacy,996684220168776456,114758333333333325752,1050948608758032125,-963853509711732,185707466560898585,186671320070610317,-0.516337222743774807
1,769,2021-08-06T02:00:37.000Z,12968591,0x84e269d72da77c022e579bdfb3237df890847eea94511ddf574f5662f904484f,0x58c5dc104b8260faa9842446486f9216ae78e10efe2d6870c1620c1e37bed752,100,99,legacy,1034119747556948909,114758333333333325752,1050948608758032125,0,185707466560898585,185707466560898585,0
1,770,2021-08-07T02:00:03.000Z,12975102,0xd3a1dc6287ff5a9765279bc2b72c77c10a0d59b9cd7aac92010255e88c86c9af,0x720dc03b115d7dd29b2c752ead31cfa047665a1281a2745dbfaa84547ec50300,348,347,legacy,1041559676211090449,114758333333333325752,1050948608758032125,0,185707466560898585,185707466560898585,0
1,771,2021-08-08T02:00:56.000Z,12981572,0x87028b4f6fb0cec0e4b35df9950486035213a30d1e6ef827a077983edae29a3d,0x7d88efc10b9f54f2651bcf2e44efcdabbac819b794fedd384d8456930b8173ba,152,151,legacy,1159808472218999975,114758333333333325752,1050948608758032125,1923603997857917,187631070558756502,185707466560898585,1.035824802029225008
1,772,2021-08-09T02:00:19.000Z,12988116,0x62a25d5e01fffc3d336ce829baea56c2919223adfce4fe890f90f28f7f6057e3,0x1d7f52c1fcf3d5050d0388fc2d0ff89b9f82d7d2ed9e1b143a8cdc36f3b1e384,11,10,legacy,1131279554816638412,114758333333333325752,1050948608758032125,1434188245016678,189065258803773180,187631070558756502,0.764366072604997066
1,773,2021-08-10T02:00:10.000Z,12994596,0x41bb8ff83b023ef04f0de26b330ffda2dbe393803f3a3b7a5c2988ed12816f84,0x443eb591f61402799bbfb42d09c17c4393d4baf3e412b5f4b9643f7c9a420c0c,84,83,legacy,1062535695781450013,114758333333333325752,1050948608758032125,0,189065258803773180,189065258803773180,0
1,774,2021-08-11T02:00:01.000Z,13001078,0x3cb548441d507506cff7094518d84934182a7f5326e3b05902ea713a88175a90,0x51510cd06323a6d9bbfc1efd1ab13d280a67a0926f2e4969c2aabc9bd9b7049e,2,1,legacy,1039474224235507543,114758333333333325752,1050948608758032125,0,189065258803773180,189065258803773180,0
1,775,2021-08-12T02:00:01.000Z,13007506,0x6553cccc82e5df8e89c8f567de8e55430b45eaf1824f21cafad50fdb1b0614a8,0xc3b2e19bb65ea5ca7e50e92bff7ec56253c0245e5624e780cc6e2efe80cb0de4,28,27,legacy,1042934076595768549,114758333333333327876,1050948608758032145,0,189065258803773180,189065258803773180,0
1,776,2021-08-13T02:00:36.000Z,13013979,0x48f434899d72d26b94d4697160fd4673fde2f2ecd1af79dceabc201014e385db,0x6f87988462c2438b969cc5f4883a6a6b1913ff1a7d2fd69414ea43f15331819c,71,70,legacy,1030334147148139362,114758333333333327876,1050948608758032145,0,189065258803773180,189065258803773180,0
1,777,2021-08-14T02:00:18.000Z,13020502,0x6f83978074b6fdb49160fa369f034399f6afb0ace0e5296bdee3c87e97ed0e02,0xbe0d2a02443ab06ef5c93c41fcb5ff6f37fb031ffd8da441116dd9529a8d76ea,7,6,legacy,1042445155062407782,114758333333333327876,1050948608758032145,0,189065258803773180,189065258803773180,0
1,778,2021-08-15T02:00:36.000Z,13026973,0xb9de12fd7ad49c22eaedc9c5d558c79a4f2a4edcfdbb790382eb09085d78db1a,0x2f6172e2c82f6da8af13d1df30b1887b0ba2bbf1bd1adef5b8f2cc0d26d47ff3,334,333,legacy,1022615754452272459,114758333333333327876,1050948608758032145,0,189065258803773180,189065258803773180,0
1,779,2021-08-16T02:00:07.000Z,13033451,0x955eb6bae37fa2c37d363df170b9b9a7099323bcfa6de4dc4fb6124a5dce97c0,0x05263064e68c94a2945913f397f4173216793e4403e1dca2712cbee6505f5723,165,164,legacy,1013964895898044779,114758333333333327876,1050948608758032145,0,189065258803773180,189065258803773180,0
1,780,2021-08-17T02:00:39.000Z,13039920,0x0796c028b5cbc50e460f0a0154d4e79fcd23b34a3e733db8b9fa8d9478eae1ff,0x538aef1a6a50a6c84dcd1ab8862fafdf75595b17cc4450013f4f689152e11995,72,71,legacy,995677264810637290,114758333333333327876,1050948608758032145,-994329395439784,188070929408333396,189065258803773180,-0.525918617587897192
1,781,2021-08-18T02:00:39.000Z,13046423,0x4f13c00e9b9a1b2f5f5cab9f02696fba4be5f1fbfe04348fb38cd574445cd88e,0xf0bc2cc82439431d23c6f4fa7ac47cbf550164ef202c9662257f7460e64213f7,229,228,legacy,953519259909896772,114758333333333327876,1050948608758032145,-1743532275205318,186327397133128078,188070929408333396,-0.927061019313526258
1,782,2021-08-19T02:00:16.000Z,13052828,0x154eb39c66919dbe789b1c86f87275a70696df1bacc8d9b04b789f71be56b443,0xf4c801611614143ea058b5e4882f1a3d7d72de24b4543114246573b70bfd7709,205,204,legacy,934639415756885108,114758333333333327876,1050948608758032145,-2062097900312076,184265299232816002,186327397133128078,-1.106706760272478105
1,783,2021-08-20T02:00:19.000Z,13059348,0x9798093660c9b4c968d2a0defff4d71befc6d03cb915a45e5ca0001774c8f03d,0x528440d93246dc31486cddc1059950bb81cd017048968c26b7cb78f876e3195a,397,396,legacy,919194134681139751,114758333333333327876,1050948608758032145,-2310082280781679,181955216952034323,184265299232816002,-1.253671901546112706
1,784,2021-08-21T02:00:05.000Z,13065875,0xcb9d203fabc23431427a9a30404fc09c018933bdc62bfde13f11e22f04d11f17,0xb655e039581b4f4cab7d57ed0c6a8a55376e6940a757c08c967fbd1b767562ec,1,0,legacy,948862993275103134,114758333333333327876,1050948608758032145,-1767451820011397,180187765132022926,181955216952034323,-0.971366388729222017
1,785,2021-08-22T02:00:15.000Z,13072284,0x27700431da8e70b76b814198d5197c44cc3397bc0ef6ca8bfbbd8549b36ed5b4,0x1c62a0b59a4a5bca92ca7d5f09d8832e755b86f98dd0fe2d2b0a3d5e7b3944d6,126,125,legacy,934050078570912776,114758333333333327876,1050948608758032145,-2004254511219873,178183510620803053,180187765132022926,-1.112314429201873359
1,786,2021-08-23T02:00:19.000Z,13078786,0xbc929c8cad1b158cdf0e6c62b96a14707391a77c1b06a35f6fc1e05bbc48531c,0xeade56f7f7a287bfc8900232f94af7eab7c7ca97efedb60effd41848a583119f,73,72,legacy,905354982146842937,114758333333333327876,1050948608758032145,-2468473082071416,175715037538731637,178183510620803053,-1.385354387435231053
1,787,2021-08-24T02:00:16.000Z,13085202,0x801cbc475b43df66f22aff6188f1fd22a5def623b81d2d3fb3e788d63b96e1dd,0x064e3b405c5e745c4c9f9f6a65d251fb8123d88947d72b92289dbe8bb7946d22,190,189,legacy,930012617091973868,114758333333333327876,1050948608758032145,-2022008701310130,173693028837421507,175715037538731637,-1.150731735674263371
1,788,2021-08-25T02:00:14.000Z,13091711,0x07eccb5636d80bbb5db24727441065cffe4284276856d733080c5740bc037bc4,0x50ddbc1f958439462753f29b34decd06ad346ecf61399d48c2a427aa5e8f2fc4,149,148,legacy,945941080304194636,114758333333333327876,1050948608758032145,-1735486922565409,171957541914856098,173693028837421507,-0.999169013391920826
1,789,2021-08-26T02:00:16.000Z,13098146,0xd422d938dbdf923bfb3029638ae660cac6134085629001aa8528ec29b8992cec,0x127da85754bc14b6e082e2f2d703b36aba9d584006989d65e3a1a2d266c84a36,143,142,legacy,924644947583452490,114758333333333327876,1050948608758032145,-2066596494769999,169890945420086099,171957541914856098,-1.201806255054089886
1,790,2021-08-27T02:01:13.000Z,13104667,0x10e1ae6c59ff534a79954bd10c62d5263aa0127f839e77d523ee03b989d010ab,0xbacb8dd21799422ee9f2d05ecaafa8f63279581383670ad93a70e7ebd3d4ba33,528,527,legacy,926371961491964756,114758333333333327876,1050948608758032145,-2013841990457368,167877103429628731,169890945420086099,-1.185373349637780481
1,791,2021-08-28T02:00:12.000Z,13111073,0xeead51732d8592b4bb33b04ae72f469b892458a91457b9eac728b600ff6ebbac,0x706d0cec2a96ca2bd478b49128b5c0df3da19981c92eceabc18b5bbf0e0c1462,14,13,legacy,935137392576541159,114758333333333327876,1050948608758032145,-1849952638520267,166027150791108464,167877103429628731,-1.101968404700130027
1,792,2021-08-29T02:00:16.000Z,13117577,0xd520052b1f7a7c9972ddf588af9abf6c7f2f01021ca39c36b7db807cb05560f7,0x865e097f69a560b2fa7216c29d43441b011c6dd9652d5e35ebfdb2f4b9e7c085,192,191,legacy,983239141043982134,115049000000000001612,1053610513301891055,-1108906781560690,164918244009547774,166027150791108464,-0.667906891298695455
1,793,2021-08-30T02:01:06.000Z,13124039,0x014ab474493f78aea2bcc84f7028041b206fa67343b7ffb70f0cfaff963d48f6,0xd5e27bfeb567ad39b3c7f01441b7b2fcbe8715b417d030da69215cd0252b8a22,126,125,legacy,939119427545974216,115049000000000001612,1053610513301891055,-1792091914348826,163126152095198948,164918244009547774,-1.086654739208279868
1,794,2021-08-31T02:05:24.000Z,13130532,0xb8c6be1d9befbf0cc0cc7b46355638b8d5d005d11e05517a6fec61d2a523496a,0x8ca9df6482c4aff3bfc59b3613dbd62a775aab7744f934317a76af70ab8bc0b8,190,189,legacy,971590027371459581,115049000000000001612,1053610513301891055,-1269889213698080,161856262881500868,163126152095198948,-0.778470648260607613
1,795,2021-09-01T02:00:15.000Z,13136983,0xfa8f287286a7977470e9a17155ad343523c94d7e9f9556dd88f221b48e019ed7,0x4200e7021e578f12b5068a7a062bd05b4a8041ca79e868274d57839bd8c4010d,72,71,legacy,986231861336475177,115049000000000001612,1053610513301891055,-1035074789728366,160821188091772502,161856262881500868,-0.639502464285963941
1,796,2021-09-02T02:00:17.000Z,13143450,0x9e7c5e1c775d75384a5cc6145b3b023556f3d08cadcf465706bf783f71cfb1dd,0x39038bd252218f2e8ef3bc1f12a5c6269b9312a7e48e1142f549ff5f8558e096,21,20,legacy,1003528066686302331,115049000000000001612,1053610513301891055,0,160821188091772502,160821188091772502,0
1,797,2021-09-03T02:00:17.000Z,13149941,0x54aa5a47bff935bda57242ebae5036278b074a4e728edc0576a12682ceb486ed,0xbc0f33f3b86f67e5a01f40cf694c5bd388f63f7acd1c4d7f860aed34b8d70883,167,166,legacy,990824108944252205,115339666666666671612,1056272417845749931,-996473506105813,159824714585666689,160821188091772502,-0.619615809290736037
1,798,2021-09-04T02:00:11.000Z,13156421,0xfc27af65150e7ccf3d64d84e9873bcc718923e2b7085d801afeeed8d4279f605,0xc77723cf1af68fe4e9002423e31bf5106e8f4b62eaf94bc739bfed5e6249ee4a,22,21,legacy,986118212266929502,115339666666666671612,1056272417845749931,-1061504181514709,158763210404151980,159824714585666689,-0.6641677316718989
1,799,2021-09-05T02:00:14.000Z,13162895,0xff2a2ea13fc850c544468a9cf82652c0321021933c7f563d2b82964a70b56dc0,0xd4a0d0f895aed72ce7d19adf0b2e13ee74deb641af80785c536f8a6af25bd546,188,187,legacy,968009191949785749,115339666666666671612,1056272417845749931,-1326641959699122,157436568444452858,158763210404151980,-0.835610439170375721
1,800,2021-09-06T02:00:05.000Z,13169388,0xb45050a290aace944616a577aceb75e955fe376f0dbaf49e29b69b4bf12cc9d8,0xbf96d421f4d4066ac054fe6196fc7a76649ae445dce3c8e5bf168738384781b1,135,134,legacy,938813152529256312,115339666666666671612,1056272417845749931,-1750721059359876,155685847385092982,157436568444452858,-1.112016780254944098
1,801,2021-09-07T02:00:17.000Z,13175841,0x6922ee976154ac4a5b33578f3c79b8f3202bc8b371ed29db615caf92543736a8,0xcc303bbd241865049a7982e625bd87d642cac042a61990586b2f7483eb183fbe,1,0,legacy,936973879019723712,115339666666666671612,1056272417845749931,-1758362122795256,153927485262297726,155685847385092982,-1.129429651011181303
1,802,2021-09-08T02:00:48.000Z,13182270,0x92ff682387761dbf5d8c8d2d39210a326cc41691267907f6ad1029a3d910f4ca,0xdd6a1ed71955090df61afcbd7facb92d7099dd0a3919c472e826f24fe519138c,322,321,legacy,897288727624879634,115339666666666671612,1056272417845749931,-2316822745720168,151610662516577558,153927485262297726,-1.505139086610959961
1,803,2021-09-09T02:17:32.000Z,13188820,0x960f59dc5fbc6527d624aa84ff898c865281e9144c57d11fdd49aa7aa49a6ca8,0x9c7a0851644417911c07af18db212c51ecc84432e4f2a438d1569b0eb1c39df3,139,138,legacy,936001228166735427,115339666666666671612,1056272417845749931,-1726296591752447,149884365924825111,151610662516577558,-1.138637984359238999
1,804,2021-09-10T02:00:02.000Z,13195194,0xaaa482f2570dc477f089a754b458d1b134d112d3d9f9694aec8d7958c6638bfb,0xcb5ee160b93ba4b3227e246f38acc80aaee3d6bf5359bf6b8c0d9d4033e4cc4c,114,113,legacy,950534318125638048,115339666666666671612,1056272417845749931,-1500416726110071,148383949198715040,149884365924825111,-1.001049520309949381
1,805,2021-09-11T02:05:11.000Z,13201713,0xfb18799f255414a8ccb83bc91357b8197958bfea0b1b51405ee8f470bce4b247,0x52705a4e8b3bd120d47638316c134272521bdfcd96b6b221169bd75bd8c80947,92,91,legacy,921398229986955505,115339666666666671612,1056272417845749931,-1894697267611495,146489251931103545,148383949198715040,-1.27688828734038203
1,806,2021-09-12T02:04:55.000Z,13208135,0xc724f0b997587ec440224bedd097d94fe868f7949d1e6fc6d4c566b62b7d1126,0xd4924b7967f855b2f5dea6f0e92c068010e2690a8ea7ec61b41ccb2bb8d3eff8,268,267,legacy,922201135867841248,115339666666666671612,1056272417845749931,-1859368991423949,144629882939679596,146489251931103545,-1.269286972875281476
1,807,2021-09-13T02:00:01.000Z,13214602,0x4b7c89b9111cac0dcc45d7d3206acb3401bd289f1da4e3807ed1b47ed29867bf,0xe9c0330c22346663c2d2d1ae5b6e796d4789a34786b08225f22211e3baff2ef7,98,97,legacy,943948119565571769,115339666666666671612,1056272417845749931,-1537998137324852,143091884802354744,144629882939679596,-1.063402739505984962
1,808,2021-09-14T02:01:21.000Z,13221023,0xd6ef22150e0d8cec0669ae1a8d04a67913727ec85b3cb7995c8cbdc7016d52e0,0xbb9a380936d6330dd9ca28704a3494ffcbddc93c89fc39676bca23b2d18056c6,8,7,legacy,937947905533756724,115339666666666671612,1056272417845749931,-1602927161496235,141488957640858509,143091884802354744,-1.120208293929647757
1,809,2021-09-15T02:05:01.000Z,13227534,0x04578b84e9037b61179100c7835790f1a3701dffaa8711daef8ebcc2404164ca,0xfb359dcb323b6dc233305af1055f516b6c3f0cbf0644137451000ab2aad95808,246,245,legacy,989757833039297789,115339666666666671612,1056272417845749931,-890970843617514,140597986797240995,141488957640858509,-0.629710514850965071
1,810,2021-09-16T02:05:01.000Z,13233938,0x0c5983194812ae6f038e74f42531a794cbf1d36a69fa7a25d7647e07d942ddc3,0xda802772155c1e3aae38a6406796cdc71fc17c9a16c141b20abf899a80d05fff,83,82,legacy,1000533718711522912,115339666666666671612,1056272417845749931,-741924976224633,139856061821016362,140597986797240995,-0.527692460699723234
1,811,2021-09-17T02:00:37.000Z,13240437,0xec0ffe96001775e1edbce3930eec47b989cf49a38bb921dd02bdd84798d1064d,0x7d1e8dda395f833683adf8223ad9c76bc9a6b614c987d77d02edd725e12800e0,10,9,legacy,976729572920300845,115339666666666671612,1056272417845749931,-1053189390290192,138802872430726170,139856061821016362,-0.753052371543274635
1,812,2021-09-18T02:06:58.000Z,13246948,0xcbf4e0cc6f2da73d5164aca4900a34374cb4bd0c151f9f25ad7a0a0fa41d449b,0xb059a2745b9a0fac6259dfd2508c6f705e6a17e3a695598bd17348b1acffd2e1,1,0,legacy,903386730307574460,115339666666666671612,1056272417845749931,-2009043521852540,136793828908873630,138802872430726170,-1.447407742123791262
1,813,2021-09-19T02:04:57.000Z,13253384,0x7e39bd1f1e4b3ae88e07165fa09a4b3b5a529e62da44c6e520f8db61ff9590be,0x1072b1845188452496f5308d4b0d9f8cce9fffbf1a10f6a8a518ffd4705df685,60,59,legacy,931056284336323008,115339666666666671612,1056272417845749931,-1621626585578473,135172202323295157,136793828908873630,-1.185453027021221338
1,814,2021-09-20T02:01:44.000Z,13259865,0xb2e7b9408fd016add2166dd8af2916564de2ff072557de3d37433d5ef58043a9,0x92e1a6499ad53a76c572f7464853a48e2673692a164e13266c2afdf684bd6e0f,42,41,legacy,948516843985779573,115339666666666671612,1056272417845749931,-1378958494530123,133793243828765034,135172202323295157,-1.020149461819101826
1,815,2021-09-21T02:00:07.000Z,13266289,0xe8f3a3d9b432ab29692b4c7cf6e22db8ae0558d22802e5112becc5ba0cfe03cc,0x79d0ac01f996f1cc8bf3848b6df8094aa4703af6562851744f697a342e48426f,226,225,legacy,901543498479465753,115339666666666671612,1056272417845749931,-1959881152473461,131833362676291573,133793243828765034,-1.464858087290125238
1,816,2021-09-22T02:04:35.000Z,13272801,0xb4ba365eb0801924c01f23633246bd9c6e5ac544f64b593501badfc94602c37c,0x3888f3e5b64ca345fbeeef57a73e975d6288b1c28f9b8ba0ddf26adbdc6fbd42,413,412,legacy,886655052538197642,115339666666666671612,1056272417845749931,-2116994371811102,129716368304480471,131833362676291573,-1.605810796929489594
1,817,2021-09-23T02:04:45.000Z,13279223,0x9e9916c9ec8ee04de83bf0219b1a45d0dbb5bac52d996aacbda33593a448ba22,0x2d3ad6192c7300791077e00a0fbc27236b333faf9cf07946997b9c08bc1839e8,121,120,legacy,931047757871010654,115339666666666671612,1056272417845749931,-1537831324537977,128178536979942494,129716368304480471,-1.185533749239924954
1,818,2021-09-24T02:00:23.000Z,13285662,0xe61332d15f010a03630a5033a7de2a6c27a02a679aac6f15a61bc14793047d1a,0x876a14e3c81608d74d2ad46753bec4c4b146102a80ddf3fc750703123b5d5790,31,30,legacy,953252130778663023,115339666666666671612,1056272417845749931,-1250150004148006,126928386975794488,128178536979942494,-0.97531929572860605
1,819,2021-09-25T02:04:22.000Z,13292132,0x9cbfc69d3492307dcd1119c9b213f3d9a2ad20a1684a7aa4d8ef5fcede1289ef,0x2ed924505c15483dcd0eadd460796b2894df199fb90eec5a6f4ae1e0daf5c116,216,215,legacy,924674607889085657,115339666666666671612,1056272417845749931,-1581362673600154,125347024302194334,126928386975794488,-1.245869983285711499
1,820,2021-09-26T02:05:07.000Z,13298671,0x48a1022237f7bdb952f40589f3e8db294d7934592686daf6d9f46f55d5c9974c,0xe035992dbf5594aae151b3a46dea6879b0455317918acaa3054a19c3c955db6c,319,318,legacy,934873402335731351,115339666666666671612,1056272417845749931,-1440632652174293,123906391650020041,125347024302194334,-1.149315398745427721
1,821,2021-09-27T02:04:55.000Z,13305098,0x7062f4b4a58036e659bb4b69d3f373c9692da8f72020e8143f83f43056e95186,0xbf58fa71039d9ebf0ff6ff628636d95951a6f386d5fb160597250e279cd3d049,171,170,legacy,924787664099762894,115339666666666671612,1056272417845749931,-1542386331253784,122364005318766257,123906391650020041,-1.244799651345132629
1,822,2021-09-28T02:05:02.000Z,13311516,0x89c1587edadb16791860690f8f780de951d89616809e40a29a852294c9c3c9c0,0x830b6760414c60518dd18b9542eae9ba9c3ae29ab8cd0d17baa08000a8deb513,229,228,legacy,953626247915690355,115339666666666671612,1056272417845749931,-1189105790425646,121174899528340611,122364005318766257,-0.97177743350910053
1,823,2021-09-29T02:00:36.000Z,13317901,0x980feb80ac4946a4e5ca883eb5588ae19cdee59f062ecf5175698d29d6b52b72,0xc68a9a184ec7739a91c254546294aaf29e55c68268db0da4a642cbf26548e088,3,2,legacy,932336257076095435,115339666666666671612,1056272417845749931,-1421787748639694,119753111779700917,121174899528340611,-1.17333519909968123
1,824,2021-09-30T02:01:19.000Z,13324301,0xc3273995211e71becfae80872a6cb64e503e25318a00b164a2dd3a9d557e1020,0x0b2f2b84bfeb9fb68ad2c78b787916ebc3f0cea25e7d84d388ee8782fa9c5aaa,39,38,legacy,941342962011883166,115339666666666671612,1056272417845749931,-1302993407640330,118450118372060587,119753111779700917,-1.088066429569972567
1,825,2021-10-01T02:00:01.000Z,13330647,0x126886dcfa66474a57bde38f3ce0efe0ee0a0187e58489c82d4b54ffe0c7c21d,0x3acc3f19d7032e6cd6cc41fa4cbc57506f2f4767655bc1203457b06c27dcd479,79,78,legacy,941888566642375191,115339666666666671612,1056272417845749931,-1282697577441661,117167420794618926,118450118372060587,-1.082901051573973941
1,826,2021-10-02T02:00:05.000Z,13337058,0xbd8a5831c84cb1d663e8e1c8ba31e17b0d421e92e946b1143526f776ff5e1e44,0xaecc552bac01075e1df4773d9f60d28c26a8811d07a0a459e42ae8606ac2a3fa,246,245,legacy,1015736303156643094,115339666666666671612,1056272417845749931,0,117167420794618926,117167420794618926,0
1,827,2021-10-03T02:04:59.000Z,13343508,0xb90c759451dd29b39369dcf5aa6c3bb33581a2e7ad3f6e0ebee3da97024f53fe,0xff3c8c095805f3892ad3c4a0644ad850d8128e86356e6c3f1336529a2e847d46,159,158,legacy,1204702267327542486,115850333333333351464,1060949066654456189,1587558939747152,118754979734366078,117167420794618926,1.354949122358817695
1,828,2021-10-04T02:00:04.000Z,13349854,0xdf2ebee6650ea6b7c61cb83021b0b2ac74fdd23204fa25ae11d7ec58d7eca5ec,0xa0d2cc937f8f68c3cadd284e994baef431c6e535f5eb39bcced04a915e1c226f,81,80,legacy,1180619340261377825,115850333333333351464,1060949066654456189,1339502655090660,120094482389456738,118754979734366078,1.127954935520927992
1,829,2021-10-05T02:04:52.000Z,13356256,0xfc7eeec468b6265821a202eac763fa0eae031a7430803a7564caea1dca1230de,0x3876d9ddf14f5408dfbf5e8a0b8b0f948ea79a58e78160528d0f3c453b36df18,206,205,legacy,1021168457425146947,115850333333333351464,1060949066654456189,0,120094482389456738,120094482389456738,0
1,830,2021-10-06T02:00:01.000Z,13362601,0x93fa06c1a12a70d4cfc46d91e1ce14c19749909a229da35b11c913090b106fe2,0x2f73888097c1f800ab9851c37235e3c914270f6c907d938d3a5953b75d6a1abd,104,103,legacy,1014502180384599050,115850333333333351464,1060949066654456189,0,120094482389456738,120094482389456738,0
1,831,2021-10-07T02:04:53.000Z,13369071,0xbb1dd889ea6ce8564e65671909d579e24cfc5df305acf7dd2955412fe7a56ca2,0x8f1fdbc513cdc1e8919f38260407e834af54ca8ce79f1a45280b134a795efe11,115,114,legacy,1003257765581687985,115850333333333351464,1060949066654456189,-653038600859143,119441443788597595,120094482389456738,-0.543770694428234755
1,832,2021-10-08T02:00:02.000Z,13375434,0xe6e7f65be6d02d7a2d28418fe9e17caed3b85e53fad41b972a0c3e8d14f57373,0xcd59cf60de34b5de24bd1026f6c9873b2c2f4ed5238a1fe5857edc13aeb5244c,114,113,legacy,1021974804300107327,115850333333333351464,1060949066654456189,0,119441443788597595,119441443788597595,0
1,833,2021-10-09T02:05:00.000Z,13381813,0x09e09916170116200b3674b513008865372afcdaab446c19e2822dab74b745ab,0xa1fc7c0e101489fa40aad885da98eac028ee6ecb6a4e3a0033d7acb6373c0712,266,265,legacy,1103634408834297315,115850333333333351464,1060949066654456189,0,119441443788597595,119441443788597595,0
1,834,2021-10-10T02:05:04.000Z,13388156,0xba1df04ce456d18d917e69c99ddcf3c8c7d5ce20ec345e90f94c6953dc389c4e,0x378f1dc3c8a5a29bc003af13fddf87c83aa6af59b844dfa557265cda58ad7785,135,134,legacy,1112108584252155756,115850333333333351464,1060949066654456189,0,119441443788597595,119441443788597595,0
1,835,2021-10-11T02:00:01.000Z,13394535,0xfaf35ec8161f2211d455aa5aa11988811e99a65b0b7ca414fc992fb38a17cf54,0x2423341aa57c0f4c8381ef10ed6ae4af9ffaa4f63c94e27ee435ea7a0186198e,50,49,legacy,1130693783471116725,115850333333333351464,1060949066654456189,785184693123630,120226628481721225,119441443788597595,0.657380443686990311
1,836,2021-10-12T02:04:28.000Z,13400954,0x73ffb6957c7047070e12a118c6607b2438a501566ca4aa21ecf883baf1254616,0x3e8daf6cefd963c2143717a859d1d0f4c51973824629eda9e6be86355aa5df9e,313,312,legacy,1036049716138173815,115850333333333351464,1060949066654456189,0,120226628481721225,120226628481721225,0
1,837,2021-10-13T02:04:53.000Z,13407319,0x8fa2d237ed1d2dda922548f90af590f57ca03d0f57f03d1c8302311cfdf69576,0x0b866800785b2b68cce787980bfce824e607519d8b3c46019ba09341c00dd141,182,181,legacy,981264986847761364,115850333333333351464,1060949066654456189,-902979092958428,119323649388762797,120226628481721225,-0.751064139751463898
1,838,2021-10-14T02:00:15.000Z,13413571,0xeacd98b186774242bc578420e1ae2237d1f9fc5af697f51a7bf5fff4bd9e5592,0xbec6ca64bf608cdc585846869b853fe62994a00a7d4765e261e1b9d47417fc95,64,63,legacy,1016026377616975335,115850333333333351464,1060949066654456189,0,119323649388762797,119323649388762797,0
1,839,2021-10-15T02:05:00.000Z,13419907,0xc0525635a260a8d9d4bbb8dd42092c9e805d74180b45de617489e156b36ffe58,0x8442a4234470afe5ac64aed5d0b13f07c221c045bb05161c9fd3e7c92309e8d6,98,97,legacy,1077121863706173221,115850333333333351464,1060949066654456189,0,119323649388762797,119323649388762797,0
1,840,2021-10-16T02:05:03.000Z,13426244,0xde2014584d9713547f58d406b3705dae00471994069b9ee48e483eead624460f,0xf0b6ca9156a35721b0772bdf82d6a0c7c52631be8725eb646d465b7ed6f0a87f,79,78,legacy,1107333367428084399,115850333333333351464,1060949066654456189,0,119323649388762797,119323649388762797,0
1,841,2021-10-17T02:06:35.000Z,13432693,0x8db409596609e75b0deec8d8f2f6714f85d8e3b52024626f97c32ad3ff303e3a,0xfca3476f6854d4923f288da2e2dbef524dacaee1de020a1401d53ed86007508a,188,187,legacy,1120425845875928209,115850333333333351464,1060949066654456189,668928092182131,119992577480944928,119323649388762797,0.560599760071641534
1,842,2021-10-18T02:00:49.000Z,13439051,0x149f4df78c853441ef236e1ecf26ef4aa1239688235e7ef3a3c759ce09b192d4,0x908c899499a693f6bc927f661930a34c5ebe756a639b578a044b7c914cdd772f,88,87,legacy,1116039497179612364,115850333333333351464,1060949066654456189,623068812727594,120615646293672522,119992577480944928,0.51925612884391839
1,843,2021-10-19T02:00:30.000Z,13445399,0xa5eedd0d9ce328473ebea232fac92b3f6b25546e5bb5d13f5a064d3cce780c1d,0xb85dd8edb2997dcb87c198e858ed775d9eea82645bad6a170a2359450bb52684,502,501,legacy,1093326444535930883,115850333333333351464,1060949066654456189,0,120615646293672522,120615646293672522,0
1,844,2021-10-20T02:05:01.000Z,13451860,0x7a076e19d87cfcdff009b693343311209d7e8329e194f99c0ede2a6cab5cccc4,0x7591741f24583004cef39239a5741b694b78dc568f0b437d5d1bac1e7c9636ba,308,307,legacy,1144086457175816920,115850333333333351464,1060949066654456189,945160366701120,121560806660373642,120615646293672522,0.783613399873398485
1,845,2021-10-21T02:01:12.000Z,13458203,0x0f1f2fd7a7d7e2160416ac7925603e7abfb389182020f191dc680ed469868f97,0x8b854b622c758814580b915ac9f432f719e035287f4a4b0c3c9abc64394e5f77,95,94,legacy,1280401712998912168,115850333333333351464,1060949066654456189,2514431799964458,124075238460338100,121560806660373642,2.068456000781139748
1,846,2021-10-22T02:04:10.000Z,13464700,0x180091099911905a31f41eccb9b668ff9b2e77bc516f4ff59e863e4ae4370472,0x5715f7593655d196576c5b4003003bc2642b456ed773521f7b16a69340e7775c,68,67,legacy,1419900466495435110,115850333333333351464,1060949066654456189,4197843414989026,128273081875327126,124075238460338100,3.383304732741584808
1,847,2021-10-23T02:01:24.000Z,13471100,0x216a220f84ecfc4e1c27c39dd94d5d18a42f8169290f1ccafe673c4d4a01f985,0xe2bcfdf515e1693fa67f3da2eb242231c2d1cd5e3a7435bc1804c3f9be421a31,54,53,legacy,1552177026820009256,115850333333333351464,1060949066654456189,5939146970783685,134212228846110811,128273081875327126,4.630080515689285026
1,848,2021-10-24T02:04:33.000Z,13477438,0xb4405050c87ae5a5d11c43a5ff5760ae657a2574b3fb085db690bd1ce29b965b,0xf93630e0d26361ab10970df3d1000cd3170d45da4b43720350bb82ef00c18650,662,661,legacy,1658351559472613682,115850333333333351464,1060949066654456189,7557263830975335,141769492677086146,134212228846110811,5.630831032275438335
1,849,2021-10-25T02:05:00.000Z,13483780,0xb71a8b2937e0f0860d5e2b2ec5e9559e2f41605310a33bf69d59cfdf28800491,0x56994608846c7a807234fa84ffcd928d8040d719a9ccbe15bd24f42c45c24b66,56,55,legacy,1678271760752902841,115850333333333351464,1060949066654456189,8248984603602340,150018477280688486,141769492677086146,5.818589350807208657
1,850,2021-10-26T02:05:00.000Z,13490240,0xb9feda05f35c1c26a1bec7940379236e4c8105d6ec9287c2a2fc528707dfc950,0x7717cad79860eed55bb995684372e8eb6b5f36bcf98f8a1b93c58a04ca9b05ef,200,199,legacy,1894681818011707161,115850333333333351464,1060949066654456189,11789003049134103,161807480329822589,150018477280688486,7.85836735769325977
1,851,2021-10-27T02:00:11.000Z,13496602,0xbf72572cd93321f97a785fc2675c2fc0e26db16f02eb2327b022a63125964d0a,0x2ececc2280af8756936f22a9332672461ea6c8844187f521a3e7f596234e9bf6,147,146,legacy,1798256792907926504,115850333333333351464,1060949066654456189,11244828725754506,173052309055577095,161807480329822589,6.949511050313278923
1,852,2021-10-28T02:05:03.000Z,13502945,0x11036a52b09052d6f63f78549e72c8eeb563427e0125690fa78f322bc875d46b,0x4c69aed70610d6b4354bb47281ad881c88c2e09c13a43ee505e991b5088e62d1,276,275,legacy,1410885434456512710,115850333333333351464,1060949066654456189,5707842004293941,178760151059871036,173052309055577095,3.29833333946490315
1,853,2021-10-29T02:00:40.000Z,13509352,0x4c11e45e18570c6631ff4d41673d2d4e17ed8ab314979f1f903e8fab44ae0acc,0x3508c01279addba271e37273240dab2fc13aee2097bcfb0b49ed59d5f3273832,32,31,legacy,1340380726412055509,115850333333333351464,1060949066654456189,4708166233341691,183468317293212727,178760151059871036,2.633789580858439693
1,854,2021-10-30T02:06:22.000Z,13515761,0xf00d2d8c0d049c313b13df68fe4e30309f491a624005bd28478d2a796e9a4b67,0x3a4cbaeec633c91facd730f8cded97c6f800ba7cb41d7d7107622c06fa4b7fa9,14,13,legacy,1469115001278809195,115850333333333351464,1060949066654456189,7058351767826307,190526669061039034,183468317293212727,3.84717747018189142
1,855,2021-10-31T02:05:10.000Z,13522062,0xa85dce7188073aa2e64289a058bb7cbfcfb2ca1ff894253079cdb36f359590a5,0xd9fcd8a3276d857d581999c192fa03866b8a4ada9ce400333bab85dcb4d7ad76,198,197,legacy,1723108287200848216,116051000000000007576,1062786757635422864,11837639172066935,202364308233105969,190526669061039034,6.213114012020285845
1,856,2021-11-01T02:06:24.000Z,13528424,0x78d6cbed4fe742e7d0ea446115e11be3d29ac4c6265f9196faf57a3fe71b6289,0x10027b94a549a9cd61c744d3f86d9e2415ae96a101ca57fcc231af064226ee00,130,129,legacy,1808344617636236228,116051000000000007576,1062786757635422864,14196102793235518,216560411026341487,202364308233105969,7.015121844946516085
1,857,2021-11-02T02:02:58.000Z,13534862,0xd7bb3040c5d6dc6d1eb471c20f0b134df8e193240a0141f8067d427bf41ff2de,0xed9809272b24d9b6e19ff970fbe33514d7b473aa03518b7a4a961ecc5ea3a42d,44,43,legacy,1837328664251000601,116051000000000007576,1062786757635422864,15782574674432985,232342985700774472,216560411026341487,7.287839268329269917
1,858,2021-11-03T02:00:04.000Z,13541126,0xa3c4e8be5446bce7abf93eccca050ffe1aeace1e30cc51859362ba5961ed7ba3,0x8e9382dd325f982320b0eea3a3f33ce6e72b5c40878fd2a4e532f7dbed63693c,129,128,legacy,1796302899435794075,116251666666666667576,1064624448616389575,15968105565980012,248311091266754484,232342985700774472,6.872643698632984081
1,859,2021-11-04T02:04:52.000Z,13547490,0x0af013fee91b3e398b3f9d182d8e7c9f4a69a9a281bf9cf733b7327a5b7df43e,0x475c9b7f795b936cc604dc60cd933f06be4141de1d92fb2cd0cd15f63c6b96a0,199,198,legacy,1775572065141816700,116251666666666667576,1064624448616389575,16582014317100962,264893105583855446,248311091266754484,6.677919311822971611
1,860,2021-11-05T02:00:38.000Z,13553798,0x6abc165b257183980f8b66e981f1d0a2c4a5258e6529f292bc85cd8388e419a0,0xa3b64e40bb30c502fde4d94c703fb5bef9c8c0b1361c41cfffcd0b35d5e3947b,67,66,legacy,1550249552745524462,116251666666666667576,1064624448616389575,12083015954539799,276976121538395245,264893105583855446,4.561468645213478054
1,861,2021-11-06T02:00:03.000Z,13560234,0xc4d660dd4c699d043a76ec462d7538b53d462d3dc0f5dcd3a68835e606280881,0x9d9f715efd90d99d08399aa37343e7d6b9cbd3e7645da73092f3b1339c7d0d3d,30,29,legacy,1537177367749783036,116251666666666667576,1064624448616389575,12294088768421253,289270210306816498,276976121538395245,4.438681825760568402
1,862,2021-11-07T02:06:00.000Z,13566626,0x1d5f77560ac44c95e4a78b685b13b2b09e8cc7b1773c3a7230be373fcb37cc58,0x3896d7e0d6195549a515a014a7f2707c686816b92e0737efca9f7db188dba3f6,448,447,legacy,1488058443202763983,116251666666666667576,1064624448616389575,11505168871919355,300775379178735853,289270210306816498,3.977308572395448575
1,863,2021-11-08T02:06:12.000Z,13573079,0xeef0a1afa799e57b7b4770c84fb4383aa3247b781f365263f73b2cb31bf7b8e6,0x40a5093256c8427eb6344d003bbacb81cbabb9c4cee38d4e8a496316dc0136f5,28,27,legacy,1565461158255502249,116251666666666667576,1064624448616389575,14149529577693703,314924908756429556,300775379178735853,4.704351006498221751
1,864,2021-11-09T02:00:51.000Z,13579424,0xa4654bcb9023971e7ea8a43e27d8f759340030f1752ca21fb99bfbc81d900e32,0xf44c65c8cc7b2d73d8d9462c1fa2340548a875fceec017a0ba43eb2cd8a3f871,135,134,legacy,1672071939031766917,116251666666666667576,1064624448616389575,17968810104070327,332893718860499883,314924908756429556,5.705744323313540683
1,865,2021-11-10T02:00:01.000Z,13585713,0xeaff8d3456dc5c9bb79defec9101eedcde8f67acdb93d1537124a32fbda42587,0xa07ab5aa16fc09e0758b637d2ef05b7213e95d194c00161f4ecad39742d56798,31,30,legacy,1512065446748568186,116251666666666667576,1064624448616389575,13990877067726009,346884595928225892,332893718860499883,4.202805963301737223
1,866,2021-11-11T02:00:34.000Z,13592146,0x4ac510f61052df0939c76a6101f6332976d2efbeecdf727a73a4f18742ac9014,0x16350a7c16454a5321cc154f279c79742a766428b1b41e7c5a74c4933e6540a8,16,15,legacy,1304474892102079564,116251666666666667576,1064624448616389575,7815002208512920,354699598136738812,346884595928225892,2.252911285265006976
1,867,2021-11-12T02:05:33.000Z,13598539,0x72fda0ed283b33eca4c7d7e5c8850017f3d53fc9425156b4e24e44107a8c0ff1,0xa019b93fbda1558f708cc57cd56e66117dbc4f2067ee886e8a06eaf46b058a2d,291,290,legacy,1033484562792608596,116251666666666667576,1064624448616389575,0,354699598136738812,354699598136738812,0
1,868,2021-11-13T02:01:33.000Z,13604913,0xafaea282598f54aba9488e9b46c0beccd957f4c7d1072b87e0ba18d1ab2c0f36,0xb6bdb4f29ea226a053ad83dae2ed9a29fee8666c7a817c982e88aa3cf8fb0846,77,76,legacy,1034452881373469071,116251666666666667576,1064624448616389575,0,354699598136738812,354699598136738812,0
1,869,2021-11-14T02:00:34.000Z,13611219,0x0fde009d8a71c50768dbf67b87192d83e24753856ac5333f550e7e332bf3d26f,0xde9acbb2038488659720b391162b791784abfd736916a813ad3bae01562d28a2,98,97,legacy,957763743582181614,116251666666666667576,1064624448616389575,-3560264765805664,351139333370933148,354699598136738812,-1.003740851274706176
1,870,2021-11-15T02:00:15.000Z,13617585,0x5bddecacd493972f61d1b2450d9e8d29d0bb10e0a45217a6d039e9690954425d,0x524f513b7db7b46c9e9ba651b984d0101e85371bc5c0ed578a618dec88a86cf0,117,116,legacy,924516093838260333,116251666666666667576,1064624448616389575,-4621118213134102,346518215157799046,351139333370933148,-1.3160354804947158
1,871,2021-11-16T02:00:38.000Z,13623901,0xb0cceb35b1064f0008809aa498065b985c75fcda9bf12fe6dcc5e3c84de30a73,0x2b444a0780a66bdb3b225423ebd90b790e37cb256e90624a5731fe2fb0aec711,51,50,legacy,900676853274398943,116251666666666667576,1064624448616389575,-5336231775547925,341181983382251121,346518215157799046,-1.539957076460724416
1,872,2021-11-17T02:05:04.000Z,13630190,0xdfa98235fbdaa666d312678bb5eeff43e9d4af12446e9a43ed914aa818fe500c,0x76299d28878d113a0851927a089f6ac1ff1240bd8bc6c1e43b5954898929436e,81,80,legacy,843203286924301612,116251666666666667576,1064624448616389575,-7095921121019585,334086062261231536,341181983382251121,-2.079805343375797707
1,873,2021-11-18T02:06:52.000Z,13636586,0x34511dab68db04efb335afc49f99153a210ca9898f37baec92cb7fad9f495e1e,0x1bf9881f9f56388bfea258d0c2428582593303cb968e2c034483f82c358e4e11,489,488,legacy,829971969186023169,116251666666666667576,1064624448616389575,-7363547113219929,326722515148011607,334086062261231536,-2.204086894071671553
1,874,2021-11-19T02:00:45.000Z,13642939,0x4fba5b9db88bd29c83f6ab739108c2e519ce15ced42fc2da954d1232edd61f30,0xd7d28fcb4787182f6098a9749d758a0a743d150bec66d15e51655f56da923266,215,214,legacy,811598926979547934,116251666666666667576,1064624448616389575,-7765098287312980,318957416860698627,326722515148011607,-2.376664578440589123
1,875,2021-11-20T02:00:01.000Z,13649149,0xae7405abb41476c6ab3e832a62efbaabd4472b53af0e4553125af80bbffce326,0x13d99d461fe74e39465522218c613cc8869e95dd4bca32f71f42e5ae426fd46f,141,140,legacy,813178570652859088,116251666666666667576,1064624448616389575,-7533222425968950,311424194434729677,318957416860698627,-2.361827011302580072
1,876,2021-11-21T02:00:10.000Z,13655434,0xf8c2ab05de0f7997a55f27bd637b4a99ca30993dd077ebe3da0090b97f5792a1,0x0ffe747f0c44723ca3c4f351365597607cca6377335a1760c05fdfc4379437fb,41,40,legacy,841036347507268658,116251666666666667576,1064624448616389575,-6540404399278317,304883790035451360,311424194434729677,-2.100159369810651562
1,877,2021-11-22T02:04:57.000Z,13661752,0xb9300e8ed93dea69eb59586f1ea3bef07cf278b75cfab0f567f5618d4d859463,0xc37db8faf878c84be9258f673b7b295c4ea9c10e3f94b830f2f1352de9180852,133,132,legacy,834658449722227417,116251666666666667576,1064624448616389575,-6585693707603739,298298096327847621,304883790035451360,-2.160066859191814009
1,878,2021-11-23T02:01:02.000Z,13668113,0xbb8b545d416b3a5489b19e75f8b5f3ac369b579aa5f3609893e39fbc1f469426,0x6b068e8028fcae4d3728153031ce2a4fb2d7494251da81ad865767fe48e087d1,196,195,legacy,792702637859668580,116251666666666667576,1064624448616389575,-7619002043788156,290679094284059465,298298096327847621,-2.55415711249273702
1,879,2021-11-24T02:01:41.000Z,13674436,0x127bb7c0cd88bb95288afa85554e2f1177145bcf516c2a9e67b08478582b6006,0x28b73091b14a5f9020f7ea884cc0bc2ea4b4877a1a0fa265f8612d842497819f,111,110,legacy,792751879057791317,116251666666666667576,1064624448616389575,-7423056307102422,283256037976957043,290679094284059465,-2.553694590725678678
1,880,2021-11-25T02:00:02.000Z,13680761,0xae463edb1ca6df02a36594ecce1c801b6f2fcf2078dcbe6969a8cea951856a1e,0xb828750b28d64b8a7eb18f889971d068857c82fe096b536a7cb470fc96fe0fbe,7,6,legacy,967202162024058432,116251666666666667576,1064624448616389575,-2592036182022968,280664001794934075,283256037976957043,-0.915085941516216102
1,881,2021-11-26T02:05:09.000Z,13687050,0x770db5991f69255378a6924dc9f38524f15076c2c6e30c74cd145fc0af6abb24,0xc8f6aaebdd0c500bf5308bd336e06eb5e36ba4f69a0be2fec6ea44afe3957712,65,64,legacy,1129530441042412766,116519833333333340456,1067080299769525459,1642566783970543,282306568578904618,280664001794934075,0.585243128247945824
1,882,2021-11-27T02:05:02.000Z,13693306,0x1248ea5bea407bd0b909b4fed3c510dbf6ad8d2640de83e43dc5307a83742112,0xe64c930ea5c3d11cc189eed75acfecc0e1c51b56c20c48597462722c880f1f54,16,15,legacy,1187589607679931385,116519833333333340456,1067080299769525459,3188192041906622,285494760620811240,282306568578904618,1.129336826257913687
1,883,2021-11-28T02:05:36.000Z,13699639,0xfd92561e537e243d714bdd5d32d1731fbfd8351b789cf51cdb0cdf83d03c18e1,0xcee9e6821893230e7b05ebc7264ab945fa0710fd64407f239e3f5e2c6ddd4534,22,21,legacy,1122227068030073294,116519833333333340456,1067080299769525459,1475438484522389,286970199105333629,285494760620811240,0.516800546992187567
1,884,2021-11-29T02:05:02.000Z,13705931,0x198b9c664c1dafa635164a4ec17719101bad321fdd527df634fa972acaafe8c0,0x4d1288863efad554ce6a1269e9f042f0c2f39cf3b97b0870d4ec5631fb6275f1,65,64,legacy,1139962677491875738,116519833333333340456,1067080299769525459,1960027792732220,288930226898065849,286970199105333629,0.683007433818165726
1,885,2021-11-30T02:00:40.000Z,13712107,0xd5ab20c551233b507e66017f7ab47d85470b2b06ce39f194e7c3d5ae0f78201f,0xe4ad0f31a22daf0c4abbebf47612712e42e32d145370b5cfe3f282abdadadb52,95,94,legacy,1152698231280799107,116519833333333340456,1067080299769525459,2318251811362119,291248478709427968,288930226898065849,0.802356969103130481
1,886,2021-12-01T02:04:27.000Z,13718372,0xddfc9027965e5ae1e0d19ebc04f1f4c5019c3402837b78d31a06d72e003e5bf7,0xf01d17aacb9ca9ec9186c3a322f0a69cd1be4d103ce60d2afaa1c36548fc1ffd,218,217,legacy,1263613981121403269,116519833333333340456,1067080299769525459,5364182594436516,296612661303864484,291248478709427968,1.841789051811061946
1,887,2021-12-02T02:00:04.000Z,13724633,0x3759532de53408045d11bd9b9815691acdc2b474e3dd4c7be06add5bdca0936a,0x0936d03ce06f4bb14559e6f6774451a879c23bc59423d55d9a7c8b88f19e239c,6,5,legacy,1322129003588243778,116519833333333340456,1067080299769525459,7089501588410041,303702162892274525,296612661303864484,2.390154741623524164
1,888,2021-12-03T02:06:32.000Z,13730859,0x3ca6209f4d026f947e0cb74822e3e8d458e073ad3a2d52246fa23d72a3400dc6,0x174046bcb7106234ead1901fd2ee1075db14af890b558003bc0325470eb5cc77,105,104,legacy,1259557000000000000,116788000000000010456,1069536150922661317,5395773000251512,309097935892526037,303702162892274525,1.776665977240812033
1,889,2021-12-04T02:05:16.000Z,13737159,0x3dc241dd257c00b5bae58732d7f00439dc010944226834f9d289aa9b723f80bc,0x67d6666cc6eb6083ec070f35b10ce166dfb910a836a76f88e90f95595a3b5e70,288,287,legacy,1202550305255891950,116788000000000010000,1069536150922661313,3844133787663292,312942069680189329,309097935892526037,1.243662069940158032
1,890,2021-12-05T02:04:54.000Z,13743321,0x32eb5a7db1afd37690742439e39249ecf30f7075cad9c38390dce1a21e9844f6,0xf3ef887ab507b8f82f76b21e8496ede7a5a1192f53c0fba5b3314f8ed76690b4,236,235,legacy,928373079480195095,116788000000000010000,1069536150922661313,-4130375929930786,308811693750258543,312942069680189329,-1.319853202911266415
1,891,2021-12-06T02:06:10.000Z,13749557,0xc37cad3b4e240cabdbb4b2bb71c6db535d1280bd3b030f129c85360abdbb8370,0xdb5e834d92504d6ade821130f9df5fe9b9825a8b85a9bec49fbcb8abaa450f44,539,538,legacy,956776000961273243,116788000000000010000,1069536150922661313,-3255771473182057,305555922277076486,308811693750258543,-1.054290216035360612
1,892,2021-12-07T02:05:07.000Z,13755863,0x938543f603489e4ea73b2831b2e93510700e4f8ca4951f99a523385852c43092,0x932cad19bdb8d29e8a27bca1693ba701a9698e6f5d3c02e41ddceedd648ccdb3,30,29,legacy,877653483485684172,116788000000000010000,1069536150922661313,-5481898425510137,300074023851566349,305555922277076486,-1.79407369513826037
1,893,2021-12-08T02:01:13.000Z,13762085,0x130bebf9eacb9a59fa34d07f30bae3d8cdef7f19812fbe3c4a30ba5c3326f325,0x532ca4323ee2b0a187d37b7cb819cb56b3d2f634d9ebfb8c1cdf4122b729f301,425,424,legacy,869667835490123053,116788000000000010000,1069536150922661313,-5607598172398074,294466425679168275,300074023851566349,-1.868738286780834607
1,894,2021-12-09T02:05:10.000Z,13768339,0x42349bf0b63245a3b0eb2870f973b7be0ec449294fcf23019837fb7891b8e84a,0xde4a10faf2d5adfaacb7e869f5364b8bb6920d3c3ca9a56f6ebf92c077863d73,391,390,legacy,928848750087108654,116788000000000010000,1069536150922661313,-3873428310618486,290592997368549789,294466425679168275,-1.31540575523497031
1,895,2021-12-10T02:00:07.000Z,13774585,0xa2b775845e0ddb6d7c2322ebf1089bb739b6884171d9bc9292425001205476a7,0x2bd19a1b389636d99cfaac5f38ed6c71b9055bfda25b8f7bc34f2440fa79da09,164,163,legacy,949639044993684678,116788000000000010000,1069536150922661313,-3257604650170934,287335392718378855,290592997368549789,-1.121019666568020696
1,896,2021-12-11T02:04:57.000Z,13781045,0xeb90073ae658122a855b1b38b86dc5594db83c44aa6e723eece058f00d072933,0x8b9a96d0d160a89d70b7528ebc150b13ccd569ce2e203e5620c83450b832e8fb,59,58,legacy,905751711369869206,116788000000000010000,1069536150922661313,-4400137968170849,282935254750208006,287335392718378855,-1.531359546954064684
1,897,2021-12-12T02:04:50.000Z,13787546,0x76fdbb5068ff7631c48d2618307f6bc269a9944da14f8c05988ef0fc5c1cd30d,0x22e5ab0138507bfc1febc069179a691adff78caa3b27e831528ec2857648f30e,448,447,legacy,877581565322084200,116788000000000010000,1069536150922661313,-5077969503930973,277857285246277033,282935254750208006,-1.794746119006662891
1,898,2021-12-13T02:04:38.000Z,13794039,0x0db4e539fb8fa8d71d69fc84cfc43d926a8277757294053b01a4f5239a73da4d,0x5a5a5fb1bd18dafa3a2cc8d1cc73e9669f007b91d090d4301818d5cb393d9247,184,183,legacy,929687265967602500,116788000000000010000,1069536150922661313,-3633166722303844,274224118523973189,277857285246277033,-1.307565759553005724
1,899,2021-12-14T02:04:53.000Z,13800564,0x5d592f0fc941eda05c22f65b2c2c56e2ed5dd8afbe8669e984ec307813838b2b,0x942ae3f8900d3b65b7ea6b958af241a595577413e826c5ee2e8eb8c724ca95b3,149,148,legacy,892675076587305550,116788000000000010000,1069536150922661313,-4534636082097505,269689482441875684,274224118523973189,-1.653624089122955306
1,900,2021-12-15T02:07:54.000Z,13806968,0x413274631043e9621101690a9f7fc1bbdd44c6dadd7a9293aa9078ad9679c22a,0x3449a010ac0a1abc93d9fb188a1846ad00050d24105ab30320edb0d54cd5c4f1,129,128,legacy,872922879078793315,116788000000000010000,1069536150922661313,-4957712881330254,264731769560545430,269689482441875684,-1.838304125337463131
1,901,2021-12-16T02:00:47.000Z,13813394,0x341050bc07776d529e95d96f6b62c783c57724856e6ee3710c6243bd1257b9ea,0x0aa54099f06ac31b3fd9351129416c1a2902be7471176107e4dcdcc7884f7921,2,1,legacy,926352375651069648,116788000000000010000,1069536150922661313,-3544087235135344,261187682325410086,264731769560545430,-1.338746475732220038
1,902,2021-12-17T02:00:02.000Z,13819820,0x6f1aa45c634b65fefd00859f44555505ca24c3eb8cdbaa5771da158b3023879b,0x42c8d69063a8c48aad41b9abe643121dcf47d3a8809218610fbba500375ea49f,139,138,legacy,939342371183120800,116788000000000010000,1069536150922661313,-3179416755012934,258008265570397152,261187682325410086,-1.217291997350680214
1,903,2021-12-18T02:02:24.000Z,13826278,0x2f5c6f09cdfe0861ee21f0aa22e9b0e63bf20c57edfb107d2d1420582f373d6e,0xc19105542038863ed01318dbb5c0351c0115a555f6c5775d5396978379d09a79,184,183,legacy,902763331813675407,116788000000000010000,1069536150922661313,-4023124021144608,253985141549252544,258008265570397152,-1.559300440336825138
1,904,2021-12-19T02:04:03.000Z,13832777,0xe5f2d89183617c918982bb319bbceae3f1932ea471e3ef08aea34bdb4cd361c5,0xbf059045be880585c8f7d77a0f39872820a8255f753fb8742b75b114892466d3,110,109,legacy,908871617795177777,116788000000000010000,1069536150922661313,-3815336597376895,250169804951875649,253985141549252544,-1.502188897391475458
1,905,2021-12-20T02:00:01.000Z,13839247,0xbe8962f89538e3d0c230fa2cb43fc406414391370282be63ac4056727955fd08,0x6f86b3e01935c4b991c256987d423c504cc8d806f2e05109ab03a3ff5e18cc0a,147,146,legacy,907239924542942400,116788000000000010000,1069536150922661313,-3796189148240923,246373615803634726,250169804951875649,-1.517444980608744348
1,906,2021-12-21T02:00:49.000Z,13845766,0x3dd8f274f9157aa4d01bf23f75503df980d81e2cf2fb8538e544bba9096c8340,0xde139625711b99c82a2dcdc543771a8ca998923138d6228169b11fbaa99e91fb,6,5,legacy,898416398060623600,116788000000000010000,1069536150922661313,-3941838918831755,242431776884802971,246373615803634726,-1.599943608398997013
1,907,2021-12-22T02:05:15.000Z,13852210,0x583fdd197c6ae464ad2077acb811424429be0671c2f97f0882f072a9a12f5412,0x5ea8d946cdad040e4f7b84cb573a4d61ba1e8680fe2c2d17853aced477e54c52,68,67,legacy,939273841413985200,116788000000000010000,1069536150922661313,-2952655983443243,239479120901359728,242431776884802971,-1.217932740247275971
1,908,2021-12-23T02:02:37.000Z,13858661,0x2822e435385f08f0750652ef4ea471149d66b506cdf5692b8b5987aa753b416d,0xe561f5824ccf5174e2eb2358559844482b1c0115ccdc563bc338a22c24d14898,58,57,legacy,987022227847326637,116788000000000010000,1069536150922661313,-1847563707234843,237631557194124885,239479120901359728,-0.771492604566493879
1,909,2021-12-24T02:01:48.000Z,13865047,0xc2d09e74caf73d1a96a3893c23f443481997768ab1dbb409f5e6f20b3a01f699,0x1305c51f4579cf3946b8302def10a7b7955fdb3e354419784aa9623c3ee9a52d,12,11,legacy,968848445117505008,116788000000000010000,1069536150922661313,-2237098418799811,235394458775325074,237631557194124885,-0.941414703171048443
1,910,2021-12-25T02:04:47.000Z,13871532,0x34d5eb98aad25ef0149bcd73385fec03c6285558431c02f58c7c2aaaddf75e6e,0xc64dca6ca102c3425e9fe97ac6fa4e0a70fe2b07c6400baab7d4ae2c30991836,79,78,legacy,951896300910498000,116788000000000010000,1069536150922661313,-2589138179212981,232805320596112093,235394458775325074,-1.099914667780779608
1,911,2021-12-26T02:05:02.000Z,13878020,0x5a5a627c2da0813711b7e0a96701275c1b0a2f1242f6ef99e437e579fd90296e,0x678e4d0fad2968abeee8789ad5c465b3ace75cf1b5175769facb2b651628b6ff,117,116,legacy,949103281908972950,116788000000000010000,1069536150922661313,-2621455353038243,230183865243073850,232805320596112093,-1.12602896975285966
1,912,2021-12-27T02:04:55.000Z,13884481,0x44683ca4d31ee2b33a919dcf5f98480b15bdcf77beda4210aaa305c643883306,0x404a16dd82863ebaa3ca0da6fc09276cfce11c5aa3676ee052cc2c0e5e9b70da,475,474,legacy,940035529944308650,116788000000000010000,1069536150922661313,-2787091718448235,227396773524625615,230183865243073850,-1.210811068579924105
1,913,2021-12-28T02:00:35.000Z,13890936,0x970ef562cb10ce7c2aa95bc73fe94604c8e8a466a548ac48f53915bd06ab0c80,0xc5c3540a9f3cde19cfcef04df6a841aee4094a9437f203eb2c7b788c382effd0,202,201,legacy,946036141285528487,116788000000000010000,1069536150922661313,-2625764795095262,224771008729530353,227396773524625615,-1.15470626711020967
1,914,2021-12-29T02:05:17.000Z,13897397,0xf8ec5896f0fa26d424d7273b13dc6d714999f92a29ca965df126389a27957c26,0x67f6259923060580b4618b99f60016b84f4560f27a23587c7703cd42afbf3123,23,22,legacy,912465067924190500,116788000000000010000,1069536150922661313,-3300966099869493,221470042629660860,224771008729530353,-1.468590686373430412
1,915,2021-12-30T02:06:46.000Z,13903931,0x075f647f3aa326218392007f0bde3393bad89d434b6249f75debaab39c16db58,0x01d47447157f1b30c0b289185080e1a38f6c6a49cd303fbbbc058edae0cb88cc,237,236,legacy,903785147644031284,116788000000000010000,1069536150922661313,-3432224495671272,218037818133989588,221470042629660860,-1.549746618060931291
1,916,2021-12-31T02:05:31.000Z,13910317,0x90c7467718c59d44f529964dcc1b921cccb4afb177dbed9d0ee4688bbe3fea80,0xa505aa801754d5b200c1c509cc6304d1e5e52aeeb3541e327e0a2d11bfcd7029,98,97,legacy,892472338967134404,117459666666666649352,1075687226216096354,-3713697931131089,214324120202858499,218037818133989588,-1.703235687695668702
1,917,2022-01-01T02:05:04.000Z,13916734,0xa3b1d94ad51248c54b9fea223fe83c827772b505f72c2cdb8af0eb0e690dd3a8,0xae5d3010a8843bff810b825199bddd7d9420d8ab04bce726e08b38b08c8d3ae6,282,281,legacy,908932223783945536,117459666666666649352,1075687226216096354,-3322491735020052,211001628467838447,214324120202858499,-1.55021830108309901
1,918,2022-01-02T02:05:00.000Z,13923239,0x6782b5e5af1d96d6bce319f16661edef8f028e7a1b92d8df6636dcf00c85a34b,0x45fc0ab1394cc55062dc484f153079d6bf3bea50b81437b961d8407f53e16297,91,90,legacy,900959812760308676,117459666666666649352,1075687226216096354,-3427368837206781,207574259630631666,211001628467838447,-1.624332884108139327
1,919,2022-01-03T02:04:55.000Z,13929763,0x9b412173859bbfc2259bb404a1857c7e83ef56f77549c1fe43a8a38ac71b26f8,0xa25396ee7ac81037c217dd03ea4024cebe2acb7b3de06e92a43cecff79bc784a,60,59,legacy,900259132328372200,117459666666666650000,1075687226216096360,-3385217916480301,204189041714151365,207574259630631666,-1.630846677475392277
1,920,2022-01-04T02:01:47.000Z,13936189,0x8ee4ffc7c2907801edfcc91a7ada2bfadb8adad2dd5fb4ea624466e82c0ea8d4,0xd7441097895bec60b7cc156f4287931910dc9738c7ff52f82f83a03c8b21eb72,77,76,legacy,862992909650909392,117459666666666650000,1075687226216096360,-4037404890477633,200151636823673732,204189041714151365,-1.977287741097136357
1,921,2022-01-05T02:00:48.000Z,13942682,0x2acc5a24c1b23ae1aa2ef0c217e0c0579a3c2c15f907c8e00f9bea02824f84f3,0x656c1bec9208f86dc42280e343514faf635d944dd8c56a3af66b2e134a85aacf,12,11,legacy,857898565078398456,117459666666666650000,1075687226216096360,-4052363544529964,196099273279143768,200151636823673732,-2.024646717278634097
1,922,2022-01-06T02:06:16.000Z,13949130,0x3f59d899b24917ac04b7d6d6aa402cc08c5177b3d68de5c4e0d2fba95d0e9c66,0x2cee8c1216f096776fff4ccd7d91e37eb95025fb1d45b6e7ba74b11d57b05a62,323,322,legacy,808130863791728300,117459666666666650000,1075687226216096360,-4877589596112717,191221683683031051,196099273279143768,-2.487306308968089059
1,923,2022-01-07T02:04:58.000Z,13955555,0x0bbe46450c1a69ccae935132c7b1d8d4c05764c4ec9702759c389a45a779690e,0x88bb621b51534d0e77230966558dbbaddd01fb612536c7de9ae15e79c8acf347,80,79,legacy,755335955386966761,117459666666666650000,1075687226216096360,-5694788213989500,185526895469041551,191221683683031051,-2.978107976200637137
1,924,2022-01-08T02:05:01.000Z,13962000,0x6c2c5e26a1f6628e0ce5079dcadbb94dfecf73c7734e04fc7d28e424f48cbeec,0xa8ac4ba9dfc5bf8de6ea4a845ac844997900235648637b2ee8ed0419edc02b2c,126,125,legacy,767831386996672194,117459666666666650000,1075687226216096360,-5309678939231183,180217216529810368,185526895469041551,-2.861945663353805749
1,925,2022-01-09T02:00:04.000Z,13968480,0x868e564dcdebe871f760392eb88702b257ba63ebac8a5d3811fce6274b7cd289,0x819da56145bb52bc0539e4daee49bcdfe1fd5bdfa0b86e690fff24c25d301d28,111,110,legacy,747709879286291956,117459666666666650000,1075687226216096360,-5494828153388071,174722388376422297,180217216529810368,-3.049002897278214268
1,926,2022-01-10T02:01:44.000Z,13975001,0xc4745a64f13570a513726e243fa1732480054d84764077f7b7c43d7cd20ceaf1,0x7898db6f9211281809136a7e7332859f08a8ab48b81a53879a2f402761e62de2,43,42,legacy,734091909696657718,117459666666666650000,1075687226216096360,-5548485480340377,169173902896081920,174722388376422297,-3.175600752656097914
1,927,2022-01-11T02:04:43.000Z,13981426,0x4235b3b2d2e49d15d053af842846d8b21536192b247b191ee0851509e9f51817,0x02256bc19cd336a83729d9bee2b9efe7c29aa143349bd2b5553cfab083be4b14,9,8,legacy,704190757363931385,117459666666666650000,1075687226216096360,-5842544748710063,163331358147371857,169173902896081920,-3.453573304565155105
1,928,2022-01-12T02:01:35.000Z,13987952,0x25014708f29ce1627f71d28fa86e474483154d809327040b0ac993cc95ddbf7e,0x78a75a212c405e3b5dae46e845548941e9623720b83efd28a035e2a17e5a0a76,303,302,legacy,767556083913727149,117459666666666650000,1075687226216096360,-4678634898062525,158652723249309332,163331358147371857,-2.864504986140536961
1,929,2022-01-13T02:05:04.000Z,13994390,0xa628e6a8ed4a3b1c84833d489d2fcdcc30809274f66ce5fcc0c1356f6315303e,0x59b9b25f2ac94ef7886e7cb8466fa551fee78943ee2d579e130ebdfa4ca7230c,26,25,legacy,874514921616347751,117459666666666650000,1075687226216096360,-2967083106430596,155685640142878736,158652723249309332,-1.870174709682150191
1,930,2022-01-14T02:04:55.000Z,14000816,0x387bf6b455672fc72120c7e62987b812b0f4b251fecda66a580eca54e7eee2b6,0x5978a709f024313eea034828fac35d952374ea324f706bf7ca2fd9b5c680b088,46,45,legacy,949039679289294335,117459666666666650000,1075687226216096360,-1832986758166023,153852653384712713,155685640142878736,-1.177364050071554529
1,931,2022-01-15T02:04:56.000Z,14007280,0xb330403321e8231a48174d96a1aacd063ed9a58a886d1991df910a22d1503be1,0xf7365132da1038915fe434fbb453a7b1b950ca32151674f4b778a986a58f4221,22,21,legacy,937784169152109492,117459666666666650000,1075687226216096360,-1972390367950280,151880263016762433,153852653384712713,-1.281999578530676777
1,932,2022-01-16T02:10:53.000Z,14013751,0x98df87d1790e104f08c1959f70a0f5215578e4cec0a9d3af41a1d478dfb8c9a4,0x7503c06983fa0d4e0f55f6920a2c821ed6449d3bd782931039a0de727adaecd9,67,66,legacy,953163681351543501,117459666666666650000,1075687226216096360,-1729955303572230,150150307713190203,151880263016762433,-1.139025749106914288
1,933,2022-01-17T02:03:01.000Z,14020227,0xe9530cbd6f5986482251df5366349a4b4a1a69b4d042459c3f700dfe52dc79fb,0x438bd97c3c9a55bd5f814784a9b754e893900e9d4e76a3d12bf5408e0b0a0c27,225,224,legacy,1003734926646385972,117459666666666650000,1075687226216096360,-1004349559775593,149145958153414610,150150307713190203,-0.668896104891141855
1,934,2022-01-18T02:02:44.000Z,14026744,0xbddad4fe977f1f3d3464dbd0779583dc9f750f183744926f88ae724a8e05ce18,0x6b0ac7f3ad4bb090681069b4bdbabe27cea8e01b2c247f57979e52d796273165,71,70,legacy,1187032144360688157,117459666666666650000,1075687226216096360,1543817207963435,150689775361378045,149145958153414610,1.035104958308982644
1,935,2022-01-19T02:05:00.000Z,14033213,0xb8ada6493263b4c6f3b2d3bf442e74a38adb85f0c643673f01aceeae248ec6ae,0xc4944e44a1975f3b445262bbd5ffba2f320241108d195367dbc28b7e8b81c9c8,125,124,legacy,1172597381040277220,117459666666666650000,1075687226216096360,1357585095814690,152047360457192735,150689775361378045,0.900913875914264951
1,936,2022-01-20T02:04:58.000Z,14039672,0x0c776128cc21436628d35000351c4854305aff46332c64b969ff9d308abb8b72,0xe49c4045a22a6907de0ce31c931b1a624bcbe4d80ffd3e9b32fca40b1ceb3ec9,78,77,legacy,1050350028254250500,117459666666666650000,1075687226216096360,0,152047360457192735,152047360457192735,0
1,937,2022-01-21T02:01:03.000Z,14046129,0xed0b082e002c706a0c0cd5e05e2322e3948592ff26236db0337dbcb700803cad,0x205bc2debb042f6b00fc817c802ff246a399121f59bd34b7b8f1875a54cc9c67,63,62,legacy,1111967949182716353,117459666666666650000,1075687226216096360,0,152047360457192735,152047360457192735,0
1,938,2022-01-22T02:00:55.000Z,14052534,0x8342087b29e2149eef2630b7e74b978906a3935a129177a332623c9b51131af4,0xcccbba04fef94513fa5ba849735e6b42c367bb4d3d2015d2e5e22751641ae3b5,99,98,legacy,946458486349801300,117459666666666650000,1075687226216096360,-1826635876396664,150220724580796071,152047360457192735,-1.201359807170696183
1,939,2022-01-23T02:04:50.000Z,14059082,0x1f018d63d45b8dfd579ab920bcb19d111d16b804d944ac327d42f404c8558826,0x376009e1e768ab5434152c0c5491bcf0a3aa878f49eb0af4b9aa52355e5d8394,78,77,legacy,815575731736658538,117459666666666650000,1075687226216096360,-3632481284540718,146588243296255353,150220724580796071,-2.418095968234390631
1,940,2022-01-24T02:04:58.000Z,14065561,0x15e9b563d86b54d6c80aeb5a6fee3cb754285e106112a314f7b268d311eddb75,0x3b5c4decc2cb1e6128ca5902b7df6c284eb0db6de6be53074e557887eba2331d,92,91,legacy,870907813524221450,117459666666666650000,1075687226216096360,-2790611772469856,143797631523785497,146588243296255353,-1.903707766543064327
1,941,2022-01-25T02:00:06.000Z,14071979,0xa1fc78e3dad792eb02b1147e573f75e5a552f2541fb45946243b58b52697688d,0xfb9405ca394b65978a2d6c859b3a8be3b1263b1da16377519f02067c98b6f551,156,155,legacy,834731163171399350,117459666666666650000,1075687226216096360,-3221095344694806,140576536179090691,143797631523785497,-2.240019748977580461
1,942,2022-01-26T02:05:01.000Z,14078491,0x52e26b9df10f7f0de3ebd3a41b0883ad43fdd1a5ce15015928845307c163996f,0x1140fa0160752a5782b212f61db99130544a888b60e35e267b18079c5bf8b6eb,3,2,legacy,845286239017752905,117459666666666650000,1075687226216096360,-3011002819706206,137565533359384485,140576536179090691,-2.14189572566382639
1,943,2022-01-27T02:02:22.000Z,14084889,0xb9cd9d051f6f849dad505673ed6f99aa86b7c688e8ca44a448f3e6638813e5a4,0x77c8596f9c6869b022c988d58965fb0a466d3f063a9debd268fa6bb29911491b,80,79,legacy,886303367691952100,117459666666666650000,1075687226216096360,-2421957877028685,135143575482355800,137565533359384485,-1.760584804844550972
1,944,2022-01-28T02:05:58.000Z,14091409,0x97a43642cc276d97c7707d54615dec318010b270352904117cb4d05be305b0c4,0x4f003f588d75a242681ac2d15357c94dcd74974e576c34e7918f658e44c8610d,206,205,legacy,880146621465641800,117459666666666650000,1075687226216096360,-2456667313129345,132686908169226455,135143575482355800,-1.817820273261961198
1,945,2022-01-29T02:04:51.000Z,14097873,0xb6233f23ddc78a469e7ddb5e132b6659ff2bb69465593bb25ddaa9254e325bd1,0x719a63366659a4f9351ec63d0b1c2b4859dc2c8dc04873f8491f946c37ddde07,19,18,legacy,879338081907681812,117459666666666650000,1075687226216096360,-2421982918919869,130264925250306586,132686908169226455,-1.825336766330342326
1,946,2022-01-30T02:05:01.000Z,14104334,0xdf95fdd221c4a43e71ee6fba7f472a87bd0d311fbd6ff646d1d81b8c72a3aa6d,0x768f97a020295623b3043414abc3b2148ab235e9406997465c3b3c9ac27edb49,138,137,legacy,918575592246599100,118117000000000004432,1081707037868034218,-1964515790868246,128300409459438340,130264925250306586,-1.508092671218588365
1,947,2022-01-31T02:00:02.000Z,14110829,0x24ee2413c114fb34ea4ffaad3786209f3dd435e38687fe67fad93ebefdcd86a6,0xb71b2e68a56f367c6ab51bf1d9ca7bac800178e009761b74e666178e2ab367e5,39,38,legacy,941991906239210364,118117000000000004432,1081707037868034218,-1657150038608170,126643259420830170,128300409459438340,-1.291617108308661586
1,948,2022-02-01T02:08:46.000Z,14117357,0xea0f42daa2ad8aa3f4a5b7773e82ae7da10a540008aab28024350af9abe71ab0,0x0db3ee57c2c3dfc76fc43f0e93f6affba4078ef4b7c267bb908d671943576bad,108,107,legacy,937416246897414397,118117000000000004432,1081707037868034218,-1689316555519934,124953942865310236,126643259420830170,-1.333917464889628957
1,949,2022-02-02T02:04:47.000Z,14123830,0xb792c9c09076f69d5282d28dc6ab6bc9b72211c9c620567303657969cb9b7b9c,0xe1b58f973298ea2625acff7df11e23a4b14920fc3e3475da851507e5e2f24f70,61,60,legacy,962308975029633640,118117000000000004432,1081707037868034218,-1379232842151327,123574710023158909,124953942865310236,-1.103792974054466734
1,950,2022-02-03T02:04:57.000Z,14130269,0x3dc3af8a13ef3c0826395f522dbd28042042c7c200e9900e7f17f6a6bca0cf91,0x1b4ff63b8b9af4086c6d26b2af18eabf576513588c6a6c0f23c0e75797f3684e,62,61,legacy,988314590896722250,118117000000000004432,1081707037868034218,-1066919613981571,122507790409177338,123574710023158909,-0.863380228674314961
1,951,2022-02-04T02:06:12.000Z,14136728,0xfdec1599a095085597bfe45b39805473eefb69b189af26ddbaf01dfeeb221ef5,0x2610c3e84ad97b61ce1b9145ccde1e7dbf1567bea8252299843968611cb752f4,88,87,legacy,971937776832880961,118117000000000004432,1081707037868034218,-1243182225269519,121264608183907819,122507790409177338,-1.01477809788036907
1,952,2022-02-05T02:10:41.000Z,14143241,0xb326491caca1292613909644e7e91583dac003dbcb6dccb3cb7ccba17cc302fa,0xd640b38accc97f8732d5d591bc5f362d780827ca548a666699ceab8a8e428a2e,92,91,legacy,1126113875664141000,118117000000000004432,1081707037868034218,0,121264608183907819,121264608183907819,0
1,953,2022-02-06T02:04:59.000Z,14149646,0x23c5294f1c0e6e83972dc32e049f4e184c8543b6e541c9ddd4508021438a6c9c,0x7af755b164789f59c1874b908dcd3a1852159d99c2246ea90f46d08e0922d608,35,34,legacy,1199454408321776189,118117000000000004432,1081707037868034218,1320005162479160,122584613346386979,121264608183907819,1.088532905229251122
1,954,2022-02-07T02:00:43.000Z,14156147,0x698a2ca22e19fc965117a44d3d9ac475bc1510cfba52b8ca10169cb829832a67,0xcb8f1a34a91162f27439ec5be4a33211d382a85f5969915714312ff5b7d160ca,2,1,legacy,1119714179809698340,118117000000000004432,1081707037868034218,0,122584613346386979,122584613346386979,0
1,955,2022-02-08T02:04:57.000Z,14162669,0x6f7b10f8e0051265641a88edf27dcb7c45a46b31353221c9581ce3fbf6329beb,0x7da7abd585cc6324b95a1362969f8eecca9b3ee87f786be4d3cc686696241f33,107,106,legacy,1095942094150954559,118117000000000004432,1081707037868034218,0,122584613346386979,122584613346386979,0
1,956,2022-02-09T02:00:29.000Z,14169036,0x4cf39ef86b0c66ea6df80de0a8359ce9dfd05b409aad30b2e8e9528c69275ca4,0xe64bb219a9901f7dc840929eedff65ecd5ebf9d24a0b1a630a5bd6098aee6a9e,102,101,legacy,1087590592484538377,118117000000000004432,1081707037868034218,0,122584613346386979,122584613346386979,0
1,957,2022-02-10T02:10:03.000Z,14175602,0x600063b4bc0706dc86ce0c20458f925085f20aeef769fbfafe1ed3a706e2aa7d,0x347dd412088dedbf8e2e8f47081d8e446d39ae04c40d76d9bdfc87a6de627bc9,41,40,legacy,1093369854653665400,118117000000000004432,1081707037868034218,0,122584613346386979,122584613346386979,0
1,958,2022-02-11T02:01:44.000Z,14181954,0x684338db6cb70c93608cd7f5464b687868622a53ce1bf233d8f7169d6c895f2a,0xc2e80fc00d9bb2cc03797989be37590bd235b3159e19454bda8bde3c5d3d5533,66,65,legacy,1071834859660366179,118117000000000004432,1081707037868034218,0,122584613346386979,122584613346386979,0
1,959,2022-02-12T02:02:07.000Z,14188477,0xe8629851e6cf1080d33c6582a6b82d5849edd368375a64cb2a9c43746e585b60,0x49f6061bedfd1c5224cfb07766ed36c0e61cb05abe0f9cd32d3e03a9087967c9,38,37,legacy,988822186129334700,118117000000000004432,1081707037868034218,-1052618984394003,121531994361992976,122584613346386979,-0.858687689799714628
1,960,2022-02-13T02:00:02.000Z,14194946,0xe4691304cd3967aba003807616a918617930333e9fcc167e458026126058f97f,0x7de37e0e991d7e20ac1c2a4a7c253b14e834d7e35e14ab2bf0ad80577ac48a80,25,24,legacy,925895041754930250,118117000000000004432,1081707037868034218,-1750579590428696,119781414771564280,121531994361992976,-1.440426942402057226
1,961,2022-02-14T02:04:59.000Z,14201439,0x47321bf50f81700ea4cdddff397a4c5109f2d74be83be0dfe3398d74dd46e21b,0xf6f8a9ee1d24210ac4bcaeeba6ab0c1c8684e8d9979569e882e246df0a31fdfb,63,62,legacy,937756530009559200,118117000000000004432,1081707037868034218,-1594017130771120,118187397640793160,119781414771564280,-1.33077166755049424
1,962,2022-02-15T02:05:15.000Z,14207891,0x1f227dcef637a7d37087d0391dbb39da17e4c65712e1b7e1ea94ed26cdd06df6,0x09cd93a5e3a202c0ad4ae75b0ba3d88490d21aadd2f8d6c695463859622e7f43,209,208,legacy,921598617908399900,118117000000000004432,1081707037868034218,-1749345879518715,116438051761274445,118187397640793160,-1.480145865327790861
1,963,2022-02-16T02:00:26.000Z,14214369,0xd166ea0bfbdbe39ed4015b77c71d4b68f569f2f627f4f74e377437431d1b5f57,0x91a28478644546964bb9519e61a38f122a1ff5f25f336569cc6646d7603def53,8,7,legacy,983616810124046650,118117000000000004432,1081707037868034218,-1055871378801458,115382180382472987,116438051761274445,-0.9068095548062279
1,964,2022-02-17T02:03:58.000Z,14220814,0x94f8c221717ce8f7569ad0a5a3535881191258bb75cf110c1bea7ce34c5aa5b3,0x078bfa3758b8f03f2d07426118dc6111aacff10b536ab3e092ad4584ae504f9a,80,79,legacy,1016017495547623168,118117000000000004432,1081707037868034218,-700689036487569,114681491345985418,115382180382472987,-0.607276647195346688
1,965,2022-02-18T02:00:49.000Z,14227283,0xd5532934ec90603fb8210a4da0acb06b31dd7ecbd2ace94d0eb08dded9d061e2,0x683f4f9bbd9fdeb3e0f66e6960efae80a943aa3069707fd0c50ed33c2cbad123,12,11,legacy,1000337141232248250,118117000000000004432,1081707037868034218,-862675453721052,113818815892264366,114681491345985418,-0.752235991698455646
1,966,2022-02-19T02:05:12.000Z,14233745,0x2734bd10f324c97db2a10cfbc8d620f5f1ddb1fa0973e2516aebdd84dd08f909,0xbe12029b33b47ba938a59903da76a458781f93deb4b91d72a203c6e8fdcc3ae0,87,86,legacy,968930241107974784,118117000000000004432,1081707037868034218,-1186654151076947,112632161741187419,113818815892264366,-1.042581704768549876
1,967,2022-02-20T02:08:53.000Z,14240151,0x6c2738dc1de88341506bede9a76899a8d4c83af63e01d0a55a78f24fbbd6a3e7,0xd5dc655447942a7c19e0bdbcc6a87844604ed0de83721c09ea48c9c4cc248dea,148,147,legacy,965506115634757120,118117000000000004432,1081707037868034218,-1209935833758558,111422225907428861,112632161741187419,-1.074236536930559236
1,968,2022-02-21T02:01:01.000Z,14246630,0x8e430f81b926516b1f052d80c5d76d7a7b25515610035135551b5a520694175e,0x840a67da96038e48ca2ee456fd090f992de5a3112d8079cea7e06dd0b471b926,98,97,legacy,942959163507469200,118117000000000004432,1081707037868034218,-1429185210040619,109993040697388242,111422225907428861,-1.282675156057289684
1,969,2022-02-22T02:01:00.000Z,14253067,0x2ea8c03413bbc7c17892c1de72f1ffdd85798617c1e5fbd7e8520995f530f53a,0xd89005a1c8b133f7494d2c8c6cc89931d8d3150d59ffa945a451cb65ae368d4d,53,52,legacy,925543498844307050,118117000000000004432,1081707037868034218,-1587944046027418,108405096651360824,109993040697388242,-1.443676832606304468
1,970,2022-02-23T02:00:52.000Z,14259534,0x7ac9601e5e08dc49bc52919843aa5348105f0c8d4caa0c6e938b0a5bca0f0da9,0x56514afc13d6f05455727dc684e747d16a203a6f737c00cc4251eb2335ef9084,71,70,legacy,915925422647001856,118117000000000004432,1081707037868034218,-1661408439800427,106743688211560397,108405096651360824,-1.532592554336854707
1,971,2022-02-24T02:05:55.000Z,14266019,0x2354582e7441450fda6e4057509d4a792ab754d47a1ee6f17676d83049f8595c,0x8b11f9a49529e4c7e986f3435d4ddb9e2844b892e0018fe95fd5bf9aef58fc47,23,22,legacy,969386573736218200,118117000000000004432,1081707037868034218,-1108387038573286,105635301172987111,106743688211560397,-1.038363070588793002
1,972,2022-02-25T02:04:24.000Z,14272491,0x29dbb55d8bc15f12a9aed58c8603e80f5640b33e8147407b36eeca58e8886c66,0x9e0153a87586790a47cecb35e1f27fb4d8b006dfebe3b9c7b081605eb1e19a41,209,208,legacy,876550525665930500,118117000000000004432,1081707037868034218,-2003478686501135,103631822486485976,105635301172987111,-1.896599587689215905
1,973,2022-02-26T02:01:40.000Z,14278922,0xdca4b6fc1a39689d3e7dbc23b080c48c342b20ce2008764386f173789fee1f50,0xde9581772cab54a98f043c3add21868fccb7d152ecf33da7021eab4585dfd2c8,41,40,legacy,945972020850845640,118117000000000004432,1081707037868034218,-1300395273053730,102331427213432246,103631822486485976,-1.254822352683517646
1,974,2022-02-27T02:00:30.000Z,14285412,0x8036c3910a1d05bcca0f427d97dbcf9fa1cc96c108a4ab5cd29fe9b577e2b7c2,0x4381e92e5719c8cc20058f6b9d5d28253584aea2dcd2ef2d33549f2e84cbdf60,10,9,legacy,960470953086721750,118734666666666669240,1087363585023734247,-1194182360695830,101137244852736416,102331427213432246,-1.166975183689296793
1,975,2022-02-28T02:04:39.000Z,14291847,0xcf5c6f0c57bd3fd6605b96126e73873604fe682b904abffc92e25c0eade62064,0x5258f4e0c4794ec9720dde7936422384b3e3fe48db9fe7a4175241e64348682c,85,84,legacy,949526390670236672,118734666666666669240,1087363585023734247,-1282043491905204,99855201360831212,101137244852736416,-1.267627463821026205
1,976,2022-03-01T02:05:01.000Z,14298331,0xe571d42303bdb8b6a32a7bc6fa66deda93fc1aedd4e5984d4bc14baab6db8dc6,0xd375c359292f72ce102a2d91705179057f256bfde62bc3e610aa1209eb793f72,23,22,legacy,987546760405108200,118734666666666669240,1087363585023734247,-916641798453653,98938559562377559,99855201360831212,-0.917971007981173745
1,977,2022-03-02T02:00:01.000Z,14304789,0xa1efbc148d343279e718211cb41b2aae08b00c0acc898b28b2a3c126d81c5580,0x34e5348e2d4bb6cab438ba4eabb3bb4cca7885d588c0b34424235f4bc6c5cec4,56,55,legacy,1066115265322389300,118734666666666669240,1087363585023734247,0,98938559562377559,98938559562377559,0
1,978,2022-03-03T02:00:04.000Z,14311194,0x909943cc419648e3d18d378528a765f65d5097d75ff2685f1541974de9c8becf,0xadb2db9e2a229fd110b65bd074b2790272be0c5e1254042bfd46c3c224fd850c,732,731,legacy,1049571198875934208,118734666666666669244,1087363585023734247,0,98938559562377559,98938559562377559,0
1,979,2022-03-04T02:04:23.000Z,14317670,0x03a63670914a17b25da07d024489aa6d6f50247da7f5b28c274eaa69055efc69,0x0686a085eb54d0f7c48a6f356457760bd70235b656a0d5924f32956ffa02cef6,303,302,legacy,1004303093800120505,118734666666666669244,1087363585023734247,-755762421272225,98182797141105334,98938559562377559,-0.763870451131584605
1,980,2022-03-05T02:05:02.000Z,14324130,0x2b9f3f5a9b2b8be4a7fa4eeb45013da126bfac578af7719c9e0c35bb0a6a3603,0xab5ff5a2032cb22cd9da4cd00ab802b1b0518d093b1f60c7e9244fad8c70f7ba,128,127,legacy,937883451110349541,118734666666666669244,1087363585023734247,-1349721276928982,96833075864176352,98182797141105334,-1.374702408395641422
1,981,2022-03-06T02:10:07.000Z,14330570,0xe1eb0680fddcbddecf00f23f00e8096b45cd0e1fc995c18f606ffdb57c685879,0x635b3e34f3c6302668010e26a63766176632f9459cbe57e4a9d30806e07b3e39,33,32,legacy,915069524349462656,118734666666666669244,1087363585023734247,-1534331669554170,95298744194622182,96833075864176352,-1.584511961291317389
1,982,2022-03-07T02:05:03.000Z,14336944,0xc777143f0ab2a5a4ea69bc5f4f6a3aa50fdedf246adab26feb709ab99dc39726,0xc441426cfeaa1536d919e709337384afe42a59b7d0510b256a1c28acd270e2b5,28,27,legacy,933976974875434600,118734666666666669244,1087363585023734247,-1344311279569288,93954432915052894,95298744194622182,-1.410628535486146558
1,983,2022-03-08T02:00:04.000Z,14343357,0x651f01638d1ee6b082f5242e60bd0129d246c6e7c5c9438674610e39c1ea445f,0x1ded6091e6a950d27e041b63c2061943e6d528f840301c15a409047c213d9107,87,86,legacy,916808719537666816,118734666666666669244,1087363585023734247,-1473691586544791,92480741328508103,93954432915052894,-1.568517355511262678
1,984,2022-03-09T02:05:50.000Z,14349830,0x42c2f549ffe7fa4d07e19be245b47a9232d7fb69d153361eec39bb2f519df143,0x94b223f1f69f92c297fef2d25a492661c669e13bbe6e6d92cb058aaf20215a88,99,98,legacy,920260931056989600,118734666666666669244,1087363585023734247,-1421215270554457,91059526057953646,92480741328508103,-1.536768899273900326
1,985,2022-03-10T02:04:36.000Z,14356278,0x4b9a9b42a5afd405855f68226a864b87d074a89715ad8ecbcd5415bb523686fb,0x7f6aa2679bc16662ad8b44cccbe7f12c71cbeb69baad3feed7f22d92e4b1d4b3,135,134,legacy,953248819367139400,118734666666666669244,1087363585023734247,-1123122676376593,89936403381577053,91059526057953646,-1.233393940203242703
1,986,2022-03-11T02:04:51.000Z,14362775,0xa140201afbe7c0c84f431dec72e92e3032780dac34bd6fcb452a70b26e51774f,0xe03c44903a61213bdac1f283d872944da59c14f1a2273c38b748bcc7302dd5b8,208,207,legacy,959201453081927700,118734666666666669244,1087363585023734247,-1060035608633116,88876367772943937,89936403381577053,-1.178650211456263442
1,987,2022-03-12T02:00:19.000Z,14369138,0x15b6e373fc1bdb542852da230a3423c4de5ffda950547678efc853aa5862abec,0xb4f54b3eb8a9571478860b9a62023df40495dc06514a60892532da81ea9a6f06,4,3,legacy,928296398790240384,118734666666666669244,1087363585023734247,-1300145962124231,87576221810819706,88876367772943937,-1.462870271032865164
1,988,2022-03-13T02:00:14.000Z,14375602,0x7a35c489eeaa053b408b765f14ee8084014288dc0a5143166084f19a0ddca508,0x4f83059139e6e090e663983fbf82d35d24a41c4a49e444991b00bf2c5f10b3f6,79,78,legacy,944364727570132500,118734666666666669244,1087363585023734247,-1151712254441283,86424509556378423,87576221810819706,-1.315096987089928755
1,989,2022-03-14T02:05:13.000Z,14381944,0xbf79247204c577a05285e3f20742df92652dd9e01f69d03bdcc74712aa17df81,0x2e0ad1529ef8a0cd368da1db70a60ae2fd0c902520ba27984dd0781918d95f1d,55,54,legacy,940359008514973056,118734666666666669244,1087363585023734247,-1168403890133536,85256105666244887,86424509556378423,-1.351935806325097989
1,990,2022-03-15T02:04:35.000Z,14388404,0xe6138b625ceeb954b234bcd9f3250c5ab7a0d59c6820b4e7dbb624cfc2c2bfe1,0x229c67f40e9e8e60fc3de2815ee86d8de9b5b6a996f1f77472700d66d7bab628,147,146,legacy,946809440559168800,118734666666666669244,1087363585023734247,-1102032398118066,84154073268126821,85256105666244887,-1.292614047411726116
1,991,2022-03-16T02:06:35.000Z,14394795,0x7cf78d95417c4b02973af817472b06a7fca72d84ed0c9e8e3e2824a0b5d5ac85,0x1759626962c5efaacf0dd4f24143440393b86881d59a0072c35a14db59fa5921,46,45,legacy,942915573185907350,118734666666666669244,1087363585023734247,-1117923088381739,83036150179745082,84154073268126821,-1.328424216401121047
1,992,2022-03-17T02:00:05.000Z,14401199,0x8d4f0678d5c32c079c509e3a56e3b87a6648918ae6be845b752a045bddcaa41d,0x04f2f4ecf063146dec1b1a110f816464d708a4bc1ae021f65c1e3211ed6dcb69,52,51,legacy,1037885322367950350,118734666666666669244,1087363585023734247,0,83036150179745082,83036150179745082,0
1,993,2022-03-18T02:07:12.000Z,14407607,0xff507388ea7e9a45b22fdbbbde80131dda102d04edf6f78c322d29d5136bcaad,0x4c87665a90308e01db1322e205e0129e9948604264aae9b44bd317ecc7e47678,41,40,legacy,1088392289394990000,118734666666666669244,1087363585023734247,0,83036150179745082,83036150179745082,0
1,994,2022-03-19T02:00:20.000Z,14414044,0x0c37d0ee7137ac738f0a46a652d4b2e5b476ab57331946a6b06946b24e7bf653,0x376e2f839f8f0e2920797a4ba5e9cde6e6e7ae2a4897184b8e5e01da09003c71,9,8,legacy,1035550106902706200,118734666666666669244,1087363585023734247,0,83036150179745082,83036150179745082,0
1,995,2022-03-20T02:05:03.000Z,14420494,0xd8a841973dd89e2150b86834cb23761700b384c12b5910a31b2c509bd5408ca8,0x1c7bd05b2e2f89a13246be5dbcb0418aa71b351132a1bdff65133d3c3abb2f75,107,106,legacy,1067569859575574000,118734666666666669244,1087363585023734247,0,83036150179745082,83036150179745082,0
1,996,2022-03-21T02:04:58.000Z,14426953,0xaef686626b3f3c2404a9212341f3020d99e8804a8d89e4464da5a6413f8e7480,0x9022b339ce03b860f05d8163c37b4f517c6c696fbbe18ed4e606a666a024a103,104,103,legacy,1048958809686906880,118734666666666669244,1087363585023734247,0,83036150179745082,83036150179745082,0
1,997,2022-03-22T02:00:46.000Z,14433316,0x811a99c368bff8d875e07037dcc429ad5097a5fee36e57d03e866258dfb9c69d,0xf07f71f3d9fd18c2fb290ad1588d5571daea4d9ba64bb3998b6573e958aa0888,115,114,legacy,1066767108070445600,118734666666666669244,1087363585023734247,0,83036150179745082,83036150179745082,0
1,998,2022-03-23T02:05:05.000Z,14439798,0x22e3335e140c7f5b68bf9bc8f9584b55083db8ecbf56b79a6669153154a17fee,0x67b49ce32d2fbe5620312ebc72a70a43de0058bdc592ef4f704b5cf7b4e5a728,20,19,legacy,1094556377832885400,118734666666666669244,1087363585023734247,0,83036150179745082,83036150179745082,0
1,999,2022-03-24T02:01:23.000Z,14446179,0x3421649d6e9f8d31073fa1a097b6e5cf0b5efd6f17ffaf0fdd8c5fa4c6260b16,0xc28f70e1452190b95f96f4880b6eeebfb889b8759d97b8bab166f9941a967b48,51,50,legacy,1043595205552733500,118734666666666669244,1087363585023734247,0,83036150179745082,83036150179745082,0
1,1000,2022-03-25T02:00:01.000Z,14452631,0xf46d70ac371c759bd585dca297e47d6facb098fbb96b9e40a4489d67597420d1,0x19fa5cb2ef2c0efd81567a1a3fd59909e93bc5dade4bd18fbb76c69d7c3766a8,37,36,legacy,1059942868532763500,118734666666666669244,1087363585023734247,0,83036150179745082,83036150179745082,0
1,1001,2022-03-26T02:05:00.000Z,14459054,0x0da19b3c9ec191c3c1dede2691c7a5a83e0b2282269cc94f442d6a3b35a5ec88,0xb8733006c9b57600357ce374f164a8a8e42860e7637763a3ebc73d7fb235ef0d,29,28,legacy,1090871621575501184,118734666666666669244,1087363585023734247,0,83036150179745082,83036150179745082,0
1,1002,2022-03-27T02:05:05.000Z,14465461,0x0bc6467b197179a3ff7d4ae901b050dded0e0ffab0aec7de759f37b1ce14252f,0x86fa159f4a2a48cd6d280f62a830b1eed1a9c9788be6cf9bf7c08dc24d5f5061,67,66,legacy,1074840166655277373,118734666666666669244,1087363585023734247,0,83036150179745082,83036150179745082,0
1,1003,2022-03-28T02:05:04.000Z,14471912,0x2e9dac5adcd5eebdae14f63db798a99dd9bf06d73439dd924bc5da36f0716bcb,0x3c2a3346611f273db1e2e1e4d01b20bdcae3b759670f4e9cc0d5f50444b33b5a,423,422,legacy,1069810831451572800,118734666666666669244,1087363585023734247,0,83036150179745082,83036150179745082,0
1,1004,2022-03-29T02:10:10.000Z,14478335,0x07eea1dfddda5d5f6f83edc153c5446443650c6ee39666e9d97add30c44eb475,0xda5825d64335ed1dcba9e1618ebfbf1c0b90b69cfc4fb418fee93ae46bc82cc3,56,55,legacy,1122644554955529100,118734666666666669244,1087363585023734247,0,83036150179745082,83036150179745082,0
1,1005,2022-03-30T02:04:42.000Z,14484779,0xf312116b78c9500f5c26265f6b56e54ed80015b3a8de4d4275240863997cced0,0x2d96f5220d197fe395756907f02839642241ef6aa9b5813abcb6997d11becaff,94,93,legacy,1143823611572668800,118734666666666669244,1087363585023734247,359501836065389,83395652015810471,83036150179745082,0.432946174993890664
1,1006,2022-03-31T02:00:57.000Z,14491175,0x8d260056e4f7469beda54c07b75cf8d0acea30ccf7b312e953845e52bc684253,0xcb3feb8c3478742c5ef30a4c4cb9ebd732c55ea33115db967a2532c4eae6d89b,30,29,legacy,1115416756106017700,118734666666666669244,1087363585023734247,0,83395652015810471,83395652015810471,0
1,1007,2022-04-01T02:01:39.000Z,14497570,0x0d46ec8b0bc8899b2049aa3fe027df6c4abaffda256801675e8e0159df9aece3,0x601460035b4bc118996750da2376a1f3cfbc60e95356ce6c53cd1d4255ba4bdb,14,13,legacy,1124276143060495100,118734666666666669244,1087363585023734247,0,83395652015810471,83395652015810471,0
1,1008,2022-04-02T02:04:31.000Z,14504025,0xa0fb78a54ec56232ff8fc9bd57663891eabdfb59418c4778651554edb9823d3f,0x3a9fd479f94e1f9bff9db89c269dfe6586ac1ee1e9230e9fd7781f9b6359c718,294,293,legacy,1082265824545017216,119370666666666650712,1093188027534838066,0,83395652015810471,83395652015810471,0
1,1009,2022-04-03T02:01:03.000Z,14510373,0x2b639fc47d6730f7b519fb945725fabc642f2edec7afff53d48827ad3274c41c,0x895f609c460dcc3f4d81c4bd3ff170c5bd820553571ea5612779c2ee1f0d838a,66,65,legacy,1123697954303973500,119370666666666650712,1093188027534838066,0,83395652015810471,83395652015810471,0
1,1010,2022-04-04T02:09:57.000Z,14516807,0x61d31afe342f6352064624b639e2ed3c383e32b6cdfe18a7e064f1db1e862076,0x8ae5676e67a7fe44eb1849a05c74ec0cfd625bc36bf525eea1d62ef0bbd2164c,104,103,legacy,1076712911056674688,119370666666666650712,1093188027534838066,0,83395652015810471,83395652015810471,0
1,1011,2022-04-05T02:04:30.000Z,14523154,0x7845ca661c89f90a4fb34dda22399adf3a7ac08d2573ae6e8bb6525680751c3c,0xce064d1b59b1980f950cf899ab2a275e3a041c748cc01c80015cf01f678e8f32,94,93,legacy,1066748645849600896,119370666666666650712,1093188027534838066,0,83395652015810471,83395652015810471,0
1,1012,2022-04-06T02:05:42.000Z,14529585,0xe931622f996c2c23f2b0d04dfe8c296ea3e830dffba32d9550208a0a924ffd8b,0x744d9a52dd868aaf21b8a8f6ad7a1e42ed6895af192841c38264e626d1e02dd2,144,143,legacy,1086842232466623000,119370666666666650712,1093188027534838066,0,83395652015810471,83395652015810471,0
1,1013,2022-04-07T02:05:27.000Z,14535971,0x5b25802762d7d35aaa14ec936e0cb2cbe50b2d2872a776241603841275bc5d72,0x7293cf4f7ac55665d344ec532443f90b0ceaadf477cbad6ff4e89f38bfc6cba1,72,71,legacy,1054567774717004416,119370666666666650712,1093188027534838066,0,83395652015810471,83395652015810471,0
1,1014,2022-04-08T02:00:03.000Z,14542359,0xb9e353f36e86179fd94502aec3d3dfefc25ab092ec9b7f3afb5bc9814a63f132,0xf8e1897d43b3d09b9d69a3dd003dbccd8f1250235e9a3937ebe864adcc3b887d,34,33,legacy,996046493206073472,119370666666666650712,1093188027534838066,-720765550849342,82674886464961129,83395652015810471,-0.864272337258897469
1,1015,2022-04-09T02:04:43.000Z,14548700,0x92c6f673dfa1e1d8b19b75afc79f274c7e7f239a59dfcac2c59bc04041dad130,0xde9d4a99f8cd9d6f64efed6fb0c14d7f9ab0c6af8c0fccdbab6100b7f91c35cd,52,51,legacy,1025532288943635968,119370666666666650712,1093188027534838066,-447264957100593,82227621507860536,82674886464961129,-0.540992526539665311
1,1016,2022-04-10T02:05:58.000Z,14555202,0x7a680d1349b1fec5c697f7d94352c8e1b405a5c52f2a216ba1c7a08a85cf6afd,0x3adf60b90b32c15f8f4a5857980379e16413cc9730ca7fcf944de478927126b6,380,379,legacy,1026119555708778000,119370666666666650712,1093188027534838066,-444845287108848,81782776220751688,82227621507860536,-0.540992526539665369
1,1017,2022-04-11T02:06:33.000Z,14561615,0x7e8724d905b087c8dbe8edf7708d945e3e900cbca2cf55c5ca80b1471dc3dba8,0x658f3157ae817c95b62fe8d081b7defb141a5523eaefd680b93fac3caafc78f6,38,37,legacy,1079969538472874000,119370666666666650712,1093188027534838066,0,81782776220751688,81782776220751688,0
1,1018,2022-04-12T02:00:53.000Z,14567942,0x7b146cf11cbbe093eab71af13762b1021bd2c70a5710dc0cefa9172898a7d30c,0x24528e1a1ab15a97478ba1d0dea92ce64c74eb3396ea3d37cb6f8848f8b4362f,4,3,legacy,1055879827727664000,119370666666666650712,1093188027534838066,0,81782776220751688,81782776220751688,0
1,1019,2022-04-13T02:07:24.000Z,14574422,0x5c074624341c6cf018b6b0cc1b265827650e2f3c3a925a1b95dbbc0748ec1e7d,0x341adc804bd5d145b5f0c9b1a751e82d32b54e8ab36699a01d6c9cf3f7697e3c,135,134,legacy,1073304994359148700,119370666666666650712,1093188027534838066,0,81782776220751688,81782776220751688,0
1,1020,2022-04-14T02:05:29.000Z,14580761,0xd4610d5ef0debc046bef302c048a5b86b330f0b932a4f825dd558de17c2525aa,0xd0c5148dbda6451cb19d5605121b91c7325d7d5a7b7fc17e028589f4db0ab35a,47,46,legacy,1068417987909928320,119370666666666650712,1093188027534838066,0,81782776220751688,81782776220751688,0
1,1021,2022-04-15T02:00:05.000Z,14587171,0xec7b608c225445fbabaa05a1b041e0158e2ea659add8fb0af8ca28074fda39de,0x7a663c204122f33eff481436074d2eadafe0b5a33e546173fda19a7a7577e3c1,61,60,legacy,1079306429047003520,119370666666666650712,1093188027534838066,0,81782776220751688,81782776220751688,0
1,1022,2022-04-16T02:19:04.000Z,14593664,0x82a1e9645a5d6cd5bd23b91a4470fa7bbfe1eca7cccf97a84147db444e51a105,0x79d4d08d7a815813715b94144031857ffcb1ab5c3262d50baa06b93902331256,648,647,legacy,1085336873129823360,119370666666666650712,1093188027534838066,0,81782776220751688,81782776220751688,0
1,1023,2022-04-17T02:00:02.000Z,14600033,0x384359a35b21064e216c3877c7b204e49b5d503e77732d8d7f0d51fc76bc0081,0xb4c7ff119e8b3bf02759ece15263ef7e916dc5c48350255fa301a11a7ce4cf85,88,87,legacy,1068964661955911168,119370666666666650712,1093188027534838066,0,81782776220751688,81782776220751688,0
1,1024,2022-04-18T02:00:04.000Z,14606383,0x9c863d34a79b349f60a6f4a3211adf64b5ad792b3123296537f28c853d5fc141,0xcb9f17ba7d256d1909c587c5999fcbf1275e14a0deb3f7af7efabe64c1a8007c,166,165,legacy,1078203839286384000,119370666666666650712,1093188027534838066,0,81782776220751688,81782776220751688,0
1,1025,2022-04-19T02:09:44.000Z,14612838,0x3ae0fa218bb0d70cad333bc6a501ded059d966bc7af9b805101bb72f326a0249,0x17a788b4a776ae39b45119591f83fe476c04b9212d34da5bf3af9da2ff809609,212,211,legacy,1074068039490959000,119370666666666650712,1093188027534838066,0,81782776220751688,81782776220751688,0
1,1026,2022-04-20T02:00:10.000Z,14619140,0x058e192b4ceaba543018913d6cdc68b4d44015c1ed91dd92faaed66ea0d84163,0xb06549d316b93329b1cec3d084665dc53c3c432c6169d9ea4352270147076729,52,51,legacy,1103501370376299850,119370666666666650712,1093188027534838066,0,81782776220751688,81782776220751688,0
1,1027,2022-04-21T02:05:02.000Z,14625595,0x6bc2f1a709cd2757d927b976448a89eedb815a642d2d8f5a91b9da81c2e03844,0xb568dc8c6dfd631cafe633a8e6ad389e85368d66d4d60e057a6c28c898e01f2c,48,47,legacy,1132952775755309696,119370666666666650712,1093188027534838066,0,81782776220751688,81782776220751688,0
1,1028,2022-04-22T02:04:49.000Z,14631911,0x5d22ef5a9e469f637d780efbed564c6b59b08658fb55f387bd787bd2526af3cc,0xfb2c1d74670fcb10da73abae8f7a7fb09330480ae3d6cbb5cbe45cbeb25e8eda,26,25,legacy,1165078675717607936,119370666666666650712,1093188027534838066,530698530646595,82313474751398283,81782776220751688,0.648912344592105855
1,1029,2022-04-23T02:00:23.000Z,14638331,0xc60b371cdcd8d55abafe8804b5cdaf5f4ddfe0d02424130c52924e0aef52f426,0x38c2d4b5e6b2fa107b288e5ec95263d9f662838a773eb8161a9a02eeca9946d6,1,0,legacy,1175967390641393920,119370666666666650712,1093188027534838066,622850080706575,82936324832104858,82313474751398283,0.756680583085206792
1,1030,2022-04-24T02:00:15.000Z,14644686,0x63436790a5f55dfc0e2fcadaa54437e42713ad05fb58ba63b210a1e2a9acf661,0xa58598606a570b23974d03dc5b411a59f4d7d1b4b1b57789c85a658819f7318c,286,285,legacy,1183562586176661760,119370666666666650712,1093188027534838066,627563066329012,83563887898433870,82936324832104858,0.756680583085206559
1,1031,2022-04-25T02:09:16.000Z,14651084,0x8d7bdbd1d36c20da24950b1cdfb8ccd4b70727ec50b3a9009118082e01d128ed,0x29ff48206c8dac5757a873cd236d40b03a4eb2455e7c3fd2f8e80f273db4ec14,375,374,legacy,1215318722265356100,119370666666666650712,1093188027534838066,901510300368979,84465398198802849,83563887898433870,1.078827616858495693
1,1032,2022-04-26T02:10:09.000Z,14657438,0x8ffec440cddc97a91757bc0ed51219a50e2792b7b9a6de7910029f9b059583ca,0xd9c7a7fb5a3cf713f2d139c94ee0dd290aab5e74f8cc20455c2d903761ad2f61,77,76,legacy,1172659342590371522,119370666666666650712,1093188027534838066,548106395820910,85013504594623759,84465398198802849,0.648912344592105954
1,1033,2022-04-27T02:08:23.000Z,14663753,0x74e5e2b518171e0a0856662bcf98eeb1a57628db37222d1b375e73efcf44607d,0xc71095c73d8f6e9b13fbe77c590cca71530cc0de53497137a3d9a3c559fb34ca,66,65,legacy,1170546885763678000,119370666666666650712,1093188027534838066,551663125884891,85565167720508650,85013504594623759,0.648912344592106242
1,1034,2022-04-28T02:00:05.000Z,14670089,0x3907815e3d27b115bda0b82f1e918539e17a5655c4778426c263c20f55922871,0x2ba470a0ae95c3b2a4452823e4f71f4788eb75a9c0fe15a37e43418af79ec4ef,6,5,legacy,1164754718811446750,119370666666666650712,1093188027534838066,555242936009321,86120410656517971,85565167720508650,0.648912344592106535
1,1035,2022-04-29T02:03:05.000Z,14676452,0x11a7d192a10e8a62f4a2c6e3833970391aea2681257e1523e4d1822159d586cd,0xf75bcbd8fc784ba54b004da391e4ae7a89a4579439fb06cfa6b36b1c742b8ee6,19,18,legacy,1200340592546179328,119370666666666650712,1093188027534838066,836800050826503,86957210707344474,86120410656517971,0.971662866499778233
1,1036,2022-04-30T02:00:50.000Z,14682811,0x48ab2a10ff916d9da641cae4585b28a29d91f1befc2044524cc56c474b349994,0x169fbe32cf280c4fd8ab1791eb052fc90a761b64bc7ecee39a5ba86f51f49dc6,17,16,legacy,1173395744050001920,119370666666666650712,1093188027534838066,657988329014966,87615199036359440,86957210707344474,0.756680583085206746
1,1037,2022-05-02T02:02:56.000Z,14695588,0x677c1cd9fe9f45dbc03bd4c0c9872a42a959952733043e6df48563335ae56678,0xff6791bb4708a3d963885eb96e83cad18219c46b8bcfab2452e88dfd52e4f22f,13,12,legacy,1041440925942050688,120100666666666668904,1099873315322740608,-473991678899557,87141207357459883,87615199036359440,-0.540992526539664821
1,1038,2022-05-03T02:01:21.000Z,14701904,0x94d98fd266b503ea700ac17f0ca76d42e614f9f0698d15d56e630d428952017f,0x5e8c2ee9414f30dfa367cf3da836317fa598ec0eeb3bb38f8da4d957002ff754,25,24,legacy,1041120027481929856,120100666666666670000,1099873315322740618,-471427419340291,86669779938119592,87141207357459883,-0.540992526539665381
1,1039,2022-05-04T02:00:01.000Z,14708194,0x6ebe8a788054729f313a72b983792baf7ee091bc13541e8629cb362e7455c0bb,0x4681f5d18fb492ad53081b71ca2b45511f16e829f5a4684c43776938a51fc984,41,40,legacy,1046232929963650304,120100666666666670000,1099873315322740618,0,86669779938119592,86669779938119592,0
1,1040,2022-05-05T02:08:11.000Z,14714532,0x1cfe3ca6e3c0a211f6901a56b138d64e4c80c8590ed10250ba2ff469eb4ab3f0,0x1e936d4e90ff10c012959ca8b9ebbe24a1c0e9c1b1d851a346c8176a5aebb187,94,93,legacy,1049746636486540928,120100666666666670000,1099873315322740618,0,86669779938119592,86669779938119592,0
1,1041,2022-05-06T02:00:12.000Z,14720779,0xa6404b3da153c93780a942081b18ad24f942c20ed3a47a9e3964ac92d9d40df6,0x978c0014ef4244b2964ed138c362808350f3b8ec3b69e65f02768e1f78ff13f5,103,102,legacy,1052270747089340200,120100666666666670000,1099873315322740618,0,86669779938119592,86669779938119592,0
1,1042,2022-05-07T02:11:00.000Z,14727132,0x416d892f4ca8d84442df585ebd6b457ac29516a5d77c27da4c783c8652b16667,0x719e46f164ff5f90c7192087117eb8dd0d391da3bc5773e691c962b9fd24f0db,27,26,legacy,1049452226437727744,120100666666666670000,1099873315322740618,0,86669779938119592,86669779938119592,0
1,1043,2022-05-08T02:00:02.000Z,14733328,0x4b783170fc70925683f7c44609dd7dc2f8f00449435ba677f50dd2546e28370b,0x5f297d386b74e19833da34bca0ea0629f8b64bf9b9de27597b2ad30555eebda5,224,223,legacy,1059656630227744128,120100666666666670000,1099873315322740618,0,86669779938119592,86669779938119592,0
1,1044,2022-05-09T02:04:56.000Z,14739687,0x319f89036616867302e4947184483f129c5a7dcad89b4785ff2ea62417749cdf,0x15ea764bac279c5d2ac277e3729d642990b73b9fba312bcf91edca3de65bd6e0,347,346,legacy,1050509578499732864,120100666666666670000,1099873315322740618,0,86669779938119592,86669779938119592,0
1,1045,2022-05-10T02:00:11.000Z,14745895,0x91b2553833fb7d8e0a1bc8ca807de61543acd54db39d122a62bb9c3255712e29,0xc800eb48ec63db1677e9465e991dfe80a2fe5c3434f87c1182ea630e1a69a877,349,348,legacy,1035315596084467328,120100666666666670000,1099873315322740618,-468877032233601,86200902905885991,86669779938119592,-0.540992526539665132
1,1046,2022-05-11T02:00:02.000Z,14752094,0xf6518236b43cdeb1b910b51830d523d77a33d197768296367f3964439d859104,0x6ffd17ff8c9d1bedb9eb3834f2e5c0f43b02b6708a6115a8fbd74387b7e9819e,244,243,legacy,1099258873434686000,120100666666666670000,1099873315322740618,0,86200902905885991,86200902905885991,0
1,1047,2022-05-12T02:05:04.000Z,14758438,0xa6e18ab62040f5678f1dc5ead5fcaea576b373f9e7dfe8a3a3b017926e95ae9d,0xc78cc6753afcf733921050d934a95a8e580168ea9ac6124c746835d423229765,31,30,legacy,1045334720918236672,120100666666666670000,1099873315322740618,0,86200902905885991,86200902905885991,0
1,1048,2022-05-13T02:05:04.000Z,14764657,0x1de383629e02e94ccde80608a714f61ac9d4e55972ba3ea97c27c7c03cd4b889,0x6e9c582e1f9b74c9204cf0e7a6df15f7963450cf4e6d93eefa153b2925697b8b,55,54,legacy,881663569896411520,120100666666666670000,1099873315322740618,-1749205149867664,84451697756018327,86200902905885991,-2.029219057922680237
1,1049,2022-05-14T02:00:01.000Z,14770948,0x14fc9223eb2ea20b298f576dd3b99d1885b3c9566becd0997570c95874eff5b4,0x94135470e2b6ad609a4a2e5cfe596c10878704f6a374297dd2a6c05ad15d22db,163,162,legacy,912058918037611520,120100666666666670000,1099873315322740618,-1448962060406579,83002735695611748,84451697756018327,-1.715728752538099014
1,1050,2022-05-15T02:00:02.000Z,14777238,0x131dcd8ec60ca996fdb9f182843283346fbffd0ad0a35a86ed4f059bbc2d10cf,0x092b3a2a0848fe8ffdc382b6163821f29ebd395eed5bc602c430c864c602f788,125,124,legacy,886050610048459950,120100666666666670000,1099873315322740618,-1597927033718426,81404808661893322,83002735695611748,-1.925149840335812481
1,1051,2022-05-16T02:00:02.000Z,14783517,0x6aecee5bdae05aacc61dc70dc88dc9809b20c18612e4072ce917ce196b4064bb,0x943a50aa2029076450f43f3794f00d199c89bf51006afec2a3590124ed4123f4,19,18,legacy,917869444977140224,120100666666666670000,1099873315322740618,-1310960230549098,80093848431344224,81404808661893322,-1.610421118971041805
1,1052,2022-05-17T02:10:02.000Z,14789853,0x3c1752543aca4686e559dc949638f19912b16dac68699639e3feeab21d510d22,0xb76f2de0887e5502d36814f023159465ce6a0bbf33898af8a50a4ad64b98ae55,92,91,legacy,919183933917844224,120100666666666670000,1099873315322740618,-1289848250135024,78804000181209200,80093848431344224,-1.610421118971041972
1,1053,2022-05-18T02:00:09.000Z,14796080,0xcfd501a93650bd93722ac3716e07090864064ad2c6425df9dd9958a0f6361a08,0x6ee4ed2b327423b3e5bc41e7868a2404f682ee4649cd1b9bf3647a1392ea493c,94,93,legacy,914106084217472100,120100666666666670000,1099873315322740618,-1352062889259181,77451937291950019,78804000181209200,-1.71572875253809788
1,1054,2022-05-19T02:05:00.000Z,14802319,0x3d134b4375853e3e406df87e149959f622218c8546b39daf4df58aa547b386ac,0xb62fa76b80af2e5417b2193e4701ec38b0ff7bf95db1910f521a4d0c13aacd1f,77,76,legacy,908661713307753450,120100666666666670000,1099873315322740618,-1328865157515764,76123072134434255,77451937291950019,-1.715728752538098021
1,1055,2022-05-20T02:07:44.000Z,14808434,0x9984e7a3345742b655a6d22e51d110931a63bf92a6b02541b2b9e61f39bbb43d,0xa0474b2dca9abd4fde74827c2f4f7fc9f0b68764fb4c4e03905423c923d5695d,85,84,legacy,900180757299587200,120100666666666670000,1099873315322740618,-1385931485544230,74737140648890025,76123072134434255,-1.820645760455724166
1,1056,2022-05-21T02:08:59.000Z,14814623,0xb5e1a04ffcca6ef7e260a8a4873d194d6bbf8803dae4509847403acc93ef3eb5,0x06a5ba15562bcb0b761ee57c2b082cbc729112616c778e133874cd16fe7eb965,277,276,legacy,908561420056129750,120100666666666670000,1099873315322740618,-1282286610937845,73454854037952180,74737140648890025,-1.715728752538098552
1,1057,2022-05-22T02:00:01.000Z,14820754,0xfbefdf05dfdfb2394f11faf0d23e822baf3d73f1619eb3ee6021c6c1ffa5f5dc,0x170b67a39ea156d5799dc69e8aef9c790cfe7dc5bb1ffdd6c395c62ba6a0c0cc,118,117,legacy,902960588924749800,120100666666666670000,1099873315322740618,-1337352685890916,72117501352061264,73454854037952180,-1.820645760455723244
1,1058,2022-05-23T02:00:22.000Z,14826856,0xe4d53c37bdb170bae6f8b7775ce8a3c15cc57630d2cee607a9d8031094a5bce9,0x335a9b0df5008db821fe7de6d01abd31f63468b28d3bb087629436df53790892,569,568,legacy,905142319969923456,120100666666666670000,1099873315322740618,-1237340706309367,70880160645751897,72117501352061264,-1.715728752538098438
1,1059,2022-05-24T02:05:09.000Z,14833092,0x27ebef2e4df777757c149b0cec5fb3147b28c97eb989439c0d2665372531afaf,0x05b59bfae5fad1886e9de0ace914f8fdbc8427674ec890dea6d85dcd06ba170b,42,41,legacy,913748289222054600,120100666666666670000,1099873315322740618,-1216111296044359,69664049349707538,70880160645751897,-1.715728752538098154
1,1060,2022-05-25T02:10:13.000Z,14839201,0x9fc96c9e45d52367f66363238a81f414a22d78620a12e70c3085a6343d74396c,0x72538db808b94b504a207f9d21ed87cf19701db62e42796c5b574c8191be3c4c,30,29,legacy,896287513599796992,120100666666666670000,1099873315322740618,-1268335561047233,68395713788660305,69664049349707538,-1.820645760455723059
1,1061,2022-05-26T02:06:11.000Z,14845305,0x3edfdfb2e2ded5802d054cf240107f06cf797876975112572d76abf4b018d762,0x1b6f0c977050c8a5134469770664b9366fe21c964baa39d2709713738c32f2b5,19,18,legacy,913314178051639724,120100666666666670000,1099873315322740618,-1173484926975710,67222228861684595,68395713788660305,-1.71572875253809897
1,1062,2022-05-27T02:04:54.000Z,14851458,0xc9e0cd8f059fbe2357b1f02f762bc6ff570cf1c1f69763619bcb75611e177d07,0x072345ae65c8d22a0855550a01c11fc9a424a64625e03a3cae3df1b0f385d04d,151,150,legacy,913274379006803712,120100666666666670000,1099873315322740618,-1153351108676887,66068877753007708,67222228861684595,-1.715728752538098926
1,1063,2022-05-28T02:07:02.000Z,14857599,0xe8fb2ffad3c9bb45eba563f445a6e81f9be2bdbdc217c6c1ea164717c4a92e1b,0xe7097432042115cf7873b77eb7c5722a6d7ae8e226efbe3b003d73c64758d107,336,335,legacy,914643524133890560,120100666666666670000,1099873315322740618,-1133562732087600,64935315020920108,66068877753007708,-1.715728752538097847
1,1064,2022-05-29T02:05:00.000Z,14863800,0x2f50e9220d7f1ff0ab8f592afb0513a59c2d577c9ccb141f0822f477109ef4de,0xcee2c2a3b296ca20168a22a8e589b3dbe2b4ab7a867b5d42a6e0ccb37d24683d,41,40,legacy,892957091233841024,120763999999999995792,1105948074545537685,-1250102113446800,63685212907473308,64935315020920108,-1.925149840335811991
1,1065,2022-05-30T02:00:01.000Z,14869916,0x5c380c5cde3123c8ad88be154c46b1cab5dee14aee10d7f046389935aa9fdc26,0xdae35d60b608a70a524cdbc4ef5caf7fa8668ec45dd4493de80329199823d575,104,103,legacy,910831424638426880,120763999999999995792,1105948074545537685,-1092665508968624,62592547398504684,63685212907473308,-1.715728752538098692
1,1066,2022-05-31T02:00:13.000Z,14876088,0xf61a06ac109c30684965608e328bfd890ca244aa21a36e06d54e9f4a5af32a82,0x43d0ec859042902f330c829c6eb837fc0ac974e951d3865b0e5d040aee81148f,312,311,legacy,930989735378129152,120763999999999995792,1105948074545537685,-1008003602207479,61584543796297205,62592547398504684,-1.610421118971042045
1,1067,2022-06-01T02:04:56.000Z,14882224,0xb6bc93c6ec5b1f28fdaaf0dd57d62eca99ce503fe4fc00345b0bd86c86db7d9e,0x4e8d1455b5870b2472aae8388b3a2c412a8cc94635af659c304870dcd8a2caf3,19,18,legacy,954559672507768192,120763999999999995792,1105948074545537685,-861398359334893,60723145436962312,61584543796297205,-1.398724917382086568
1,1068,2022-06-02T02:04:54.000Z,14888295,0x04e20b036cedab0cd8bcfabf385e3d4aaea2980c0f0c945119a9c59cd76b2197,0xd7cd251c788813bcf44b3c80e60a5092ba6f52a0b094542bfa93124bb2935f0d,44,43,legacy,977100835058717568,120763999999999995792,1105948074545537685,-720019986846290,60003125450116022,60723145436962312,-1.185742243200748709
1,1069,2022-06-03T02:04:57.000Z,14894484,0x9dcfded012319b6dbd031593a0bab506bd9376e2542901fa974b9df3f673ba91,0xfd43a31ccf2077b16cce8364c244bf42e60ab523690e61a1d35d0419aa9bf40d,9,8,legacy,972945960267918200,120763999999999995794,1105948074545537685,-711482405702765,59291643044413257,60003125450116022,-1.1857422432007486
1,1070,2022-06-04T02:00:01.000Z,14900608,0x7ae3de48061cc4c7ddbd0f4633a994fd246c14ce4bb6ece8e1b6f40545bcd24f,0x953ca9ba197964f8e337057fbe8ad2e99c02b9eca0678a64af95119660ba8228,384,383,legacy,974595394706776800,120763999999999995794,1105948074545537685,-703046058265406,58588596986147851,59291643044413257,-1.185742243200747953
1,1071,2022-06-05T02:06:34.000Z,14906513,0xbebdb98e17a5b2ad0ae48aefd27aee205bd59759a61308479b640c60e9634464,0xdb04449895de2a9122cd6a9dc9689c394ff97694c480dba2dae57cfb6c68ab34,276,275,legacy,978460574409692700,120763999999999995794,1105948074545537685,-694709744163395,57893887241984456,58588596986147851,-1.185742243200747377
1,1072,2022-06-06T02:00:06.000Z,14912391,0xa27056f68157294c29f7141381a4a258d25482f8c26a1462e8a3efd5e7561681,0x692fef43c14184d8728738c8952743496331f42174b0eb3ba432f7b1b329bf7e,100,99,legacy,1028835208254113280,120763999999999995794,1105948074545537685,-375680581077472,57518206660906984,57893887241984456,-0.648912344592106923
1,1073,2022-06-07T02:00:03.000Z,14918218,0x10734d4bae65f407f62dfea212dbf59e91f0ec9847a8963a6c2b5d77a6d6c9ef,0x7a2f05800fc682c6b17b30514d1a08e7322538bd56b7ca72279e10c8060373ff,180,179,legacy,1039362760148875520,120763999999999995794,1105948074545537685,-311169199435146,57207037461471838,57518206660906984,-0.540992526539663996
1,1074,2022-06-08T02:05:01.000Z,14924184,0xb0ed2fadcff519051edef48521cf5e41235191d86781708706f5720204b7bd2c,0xb47a241244b8cfa7689e7e873b27380b69a94aa542e3c3abdc5def881ea99284,88,87,legacy,1007144164967729600,120763999999999995794,1105948074545537685,-494424599744836,56712612861727002,57207037461471838,-0.864272337258897991
1,1075,2022-06-09T02:05:05.000Z,14930085,0x9588c2504f2474a334a4f520de0572896ca1dc6dac5352fb2b4cb2471524ffc0,0x829ba277705999f8c2c40ecb7ab6a6446ae3e093735412293f083dc9e19ba9a2,40,39,legacy,1078706519916560000,120763999999999995794,1105948074545537685,0,56712612861727002,56712612861727002,0
1,1076,2022-06-10T02:07:20.000Z,14935912,0x0905aac14fda07236509805f3c50d3ea72f687166a6277e13856a4c85db04810,0x22b8fed41ec5fefb814d4fc9832fbdf29313ea8278b5791fd5b69cf0334246ea,160,159,legacy,1116781807179324288,120763999999999995794,1105948074545537685,0,56712612861727002,56712612861727002,0
1,1077,2022-06-11T02:00:05.000Z,14941709,0x6e9b7f06d5c2ecb567f824a735182a384537f7a0758879cdfca6c563b27ce93d,0x5c93d97164175a6fc406f4dade236ea0c69b3e2ed244bd96651417efb5f9861e,35,34,legacy,1035012548503285504,120763999999999995794,1105948074545537685,-368015145800477,56344597715926525,56712612861727002,-0.648912344592106086
1,1078,2022-06-12T02:07:40.000Z,14947617,0x2ab050052bb17774234450acdd919b3763845b22e22361085489a71483fa4bbd,0x58f139d6ae5ffa7ba7390ff0d7cc6b802fbbee58ce0928f48788c02ed0b8f1f6,99,98,legacy,1003266560550693888,120763999999999995794,1105948074545537685,-486970771598561,55857626944327964,56344597715926525,-0.864272337258896517
1,1079,2022-06-13T02:06:24.000Z,14953487,0x7b0f60ec6d79d1ca2e61fdf25ad6a61c8f2886ec81c6a543a072ed6682539477,0x3558d597f54fdb9d1d4bc817257f9def95d825c2803603b0f170789eda48f398,175,174,legacy,964922791528017536,120763999999999995794,1105948074545537685,-721894268689390,55135732675638574,55857626944327964,-1.292382630950086231
1,1080,2022-06-14T02:10:14.000Z,14959312,0xc322d823d21f24e6b12b4789559e3fb0ee87008080166c22471c250f8903d2e8,0xe6507d8c0876f4a885fbed7d22aa2e11297e17a5a768829ac5bbff95dda0a18b,1,0,legacy,835492653275241600,120763999999999995794,1105948074545537685,-1345710203052039,53790022472586535,55135732675638574,-2.440722445766343815
1,1081,2022-06-15T02:05:51.000Z,14965046,0x046014f6dcfa95a8a3e46fa79afd24983206715a7b144d8058f877fd7811a9ed,0x9b4d3ffe3e7bf4e83eacaa166de7426bc07a17b48707c22f008d08905df819e9,181,180,legacy,836774035649371136,120763999999999995794,1105948074545537685,-1312865152071180,52477157320515355,53790022472586535,-2.440722445766343736
1,1082,2022-06-16T02:00:13.000Z,14970789,0x03828847b9bd466d4077679a724dc9e4350781e1f3609bd8ec5be488782466be,0xf4d8b0e52c295535cfe8bebbd8cb495bf2ea1ddf3846db2039ba5ec40f3ba3e8,273,272,legacy,837447807242240768,120763999999999995794,1105948074545537685,-1280821757621934,51196335562893421,52477157320515355,-2.440722445766343226
1,1083,2022-06-17T02:00:45.000Z,14976604,0xff3274db08db1e031eaf51a7a3bb550feefb368e40b02422fc701627c66c7895,0xcefc3ac970f9cad8da8cf64e722bac278cba61a793b2bd01cffc3c8f79d710a1,26,25,legacy,800027983079784150,120763999999999995794,1105948074545537685,-1404709624513845,49791625938379576,51196335562893421,-2.743769859833413801
1,1084,2022-06-18T02:05:11.000Z,14982511,0x173ba14bb3cfb979232e416911d13a6f21123be06ddfc6b5a4db56f2ea00c69b,0x1ac9e0a2c4ed15ab476c4a2d7cadbd1a2e697c0febd00ea59b63448f134ab985,95,94,legacy,794490313728698880,120763999999999995794,1105948074545537685,-1415884656700674,48375741281678902,49791625938379576,-2.843620046577560511
1,1085,2022-06-19T02:05:04.000Z,14988306,0xc3f4413c3c135714d2a5a500ebfb375bf4b7865417e7688f9b63e347cd256704,0x9b3bd582e05412eb991d32d996e99c49e4cf8d5ce195efde2839bc317f87bbf1,210,209,legacy,749547861263758750,120763999999999995794,1105948074545537685,-1518718996441357,46857022285237545,48375741281678902,-3.139422686255628928
1,1086,2022-06-20T02:00:08.000Z,14994012,0xef1f32398d39992c147ce3df221b7ef87543f4c32a78aab15317c5b4a6aca812,0x1167ec7951b4d0aa2ec8c8ae0cb03627a67110a0d7fc5c9462d7f912d541c514,314,313,legacy,791782059499003904,120763999999999995794,1105948074545537685,-1332435678932330,45524586606305215,46857022285237545,-2.843620046577560968
1,1087,2022-06-21T02:03:43.000Z,14999900,0x5fb7c41500bacb46d7bedb1276c6a3b9008a43b2323627c8145500b6d0e6c2a4,0xa438a7797b78cb768e2d7092b82d0a749c1b736ca00a9e3515fb505d1153bb9f,31,30,legacy,835051317377165750,120763999999999995794,1105948074545537685,-1111128803642430,44413457802662785,45524586606305215,-2.440722445766343767
1,1088,2022-06-22T02:00:01.000Z,15005269,0x45045974130d04855b9910391969ef94583fc379a26c686475e3b6545e7fef08,0x36eca18e5a24cb5d71ad8a8a5d2a78ed9c5d49f96b5b1aeea7a00f7173dc73d2,110,109,legacy,804003261490612480,120763999999999995794,1105948074545537685,-1218603068899293,43194854733763492,44413457802662785,-2.743769859833413618
1,1089,2022-06-23T02:00:02.000Z,15010641,0xa707314c0a876fe2747295f0f4e0196b5f055907d906db79212578e8e7c7d075,0xd309b4f119ce1002ac4c27daaf4a1e8d6f87d593e4ffdfd22c09265fd66aafc5,14,13,legacy,803549484085960400,120763999999999995794,1105948074545537685,-1185167405183829,42009687328579663,43194854733763492,-2.743769859833413174
1,1090,2022-06-24T02:04:49.000Z,15015985,0xbdc8b658099b88a0d084696ba82cb54003688cfe58ff51a2c2ca77a7e3c4029d,0xc7f8bffe8590a691dbb2de1aaa8b9b3df6ab90d3e6bf1447de64cd573f6873de,192,191,legacy,817897223705435900,120763999999999995794,1105948074545537685,-1110452355107523,40899234973472140,42009687328579663,-2.643324494234142436
1,1091,2022-06-25T02:00:01.000Z,15021328,0x14551178b7ca36acc38436edb3ddad7c9ad5db77bcf182c12a23a0da5293c6cf,0xc9de53f6f6baabb18112e15639cd865b96ff38459d4b2c96018c74d6014fa0ba,23,22,legacy,859294662210759008,120763999999999995794,1105948074545537685,-914493443110206,39984741530361934,40899234973472140,-2.235967112107011842
1,1092,2022-06-26T02:04:35.000Z,15026661,0xf8b086fcc9e90422391ee4ae91e8782ab480586e924570682a7c2374bd925626,0x43e292b912e4d7e92283ad7ef04a5c2df619d17360214998410b05057f485a02,86,85,legacy,877575414255310900,120763999999999995794,1105948074545537685,-811377995395229,39173363534966705,39984741530361934,-2.029219057922679952
1,1093,2022-06-27T02:00:44.000Z,15031965,0x1f513a999f2740142f9d1535c52c1ac33f31db43820047febb1213c1533a6749,0x304cc5aef7828b3be50a4bc91cd259038790d2313b8333280b978ca91da4c6da,203,202,legacy,884296624812826600,120763999999999995794,1105948074545537685,-794913358480878,38378450176485827,39173363534966705,-2.02921905792267993
1,1094,2022-06-28T02:00:04.000Z,15037397,0x880f78445962315b9f2409269ef80030b257f18ac32a8b1597ef3b3e2f315cd1,0xb0c66d018f4a786d22db6b7bee6ce71862ab14786c1e6b12f18fe17cee7f9e90,36,35,legacy,872279364042860000,120763999999999995794,1105948074545537685,-818547814370616,37559902362115211,38378450176485827,-2.132831864253168238
1,1095,2022-06-29T02:04:34.000Z,15042711,0xdf3229f4164db8de78c813a1d007a21ca2e5ef7506007286295172a152e22044,0x8d9009627d205dc487efa1205343c485c9a8a4464002e3268b63669c5615cedd,206,205,legacy,967667513667079000,120763999999999995794,1105948074545537685,-485417654329788,37074484707785423,37559902362115211,-1.292382630950085836
1,1096,2022-06-30T02:05:24.000Z,15048050,0x6c04540ed2f62323fd36b72a5ba184c32a0fd2788cfee69ad2eaf3931c9bbf4b,0xca3fe4991e96683542d11e02f99003d0cb8ffb45ff03cedafbb2447f5f5f93a9,1,0,legacy,983678626392985200,120763999999999995794,1105948074545537685,-399969779835569,36674514927949854,37074484707785423,-1.078827616858495963
1,1097,2022-07-01T02:05:01.000Z,15053802,0x7dbc6e0327a58daf8ea54bb0321699fb3a2237bb973e784c70581a8ce31de394,0x7c2c73db8646b97259a89898b8337eadd20f43a2638b27d7f73a10c86c9b44b6,163,162,legacy,918395228122546700,120763999999999995794,1105948074545537685,-629235197472712,36045279730477142,36674514927949854,-1.715728752538096471
1,1098,2022-07-02T02:05:05.000Z,15060246,0xc56cffce60a55110352719af5407b51f51da4cfe2f6106c8154b55a79b5dbf51,0xe803f3da69964a210af70b31e25696c805f14bad44f80c73394653ae23ec603a,26,25,legacy,943932822142648576,120764000000000000000,1105948074545537724,-542389729187532,35502890001289610,36045279730477142,-1.504745512430934398
1,1099,2022-07-03T02:00:01.000Z,15066737,0xcbcee5b16ad133d4196e2335519441f2536ee8aa85dced50f58cdf52e08a93d9,0x007bc10bf43c2fd9a81a7ec5c2261a32c461090345a9caf79d7cf20ea88fb2ad,89,88,legacy,969143549428460926,121481666666666675000,1112520414548895707,-458833183861981,35044056817427629,35502890001289610,-1.292382630950084075
1,1100,2022-07-04T02:00:03.000Z,15073232,0x32c2ed8ef69f6e26a83773f556b65856c50a2717d155150a6bf3958bc2787360,0xe14d2d3686996a33dc0bd9bba1aae01014c4dd58f34d883667d81f5c75cf2074,31,30,legacy,981621957806795100,121481666666666675000,1112520414548895707,-415532185415511,34628524632012118,35044056817427629,-1.185742243200747925
1,1101,2022-07-05T02:00:28.000Z,15079696,0x5bb55e988ef7385d167bded067ee0ecfcd355d8a0cb1cd0dd21ca4d53c2a8a0f,0x02a31c195f731761a7f09637ee3eb271a7ee493999779b3783168c381690372b,37,36,legacy,1017917209766664000,121481666666666675000,1112520414548895707,-299284759195364,34329239872816754,34628524632012118,-0.864272337258897017
1,1102,2022-07-06T02:00:04.000Z,15086157,0x2b5d9fee595e7b4a67b1618b5fdadcb4134f3389e154b436ee9d9ebb4029a999,0x54501f1340595d86441f279abc6d26df48a7c9b32cbb45e9f4b1e3a7bd3f2d9d,53,52,legacy,1078771828042307800,121481666666666675000,1112520414548895707,0,34329239872816754,34329239872816754,0
1,1103,2022-07-07T02:05:29.000Z,15092639,0x10dd10b439df78a5f2e34f2c7ef920f0aa99bdc117f28916863171e7cde9371e,0x7c2b4c22c2e13d317f3c6188fe9b63d46a6bdfb33cea1516ac7f706502204f3a,73,72,legacy,1065130536316003750,121481666666666675000,1112520414548895707,0,34329239872816754,34329239872816754,0
1,1104,2022-07-08T02:06:30.000Z,15099143,0xe8bdeb74cf97abf267ef1cf39f844bc713a14cbc6e7893cd2bf320a70071df15,0xe8f61664a275a7bb3ec007577826a73f6d030d5054b4a724578fd3fef4795d31,23,22,legacy,1155980211109770561,121481666666666675000,1112520414548895707,0,34329239872816754,34329239872816754,0
1,1105,2022-07-09T02:04:42.000Z,15105629,0xe0a8c85b1377247a10acd55f7b2ba30ed2d1f461580171ec7a9a49ffbe68b725,0x9e584cf32685ac0cb385f560c8621808e3e0c0924ad607cfd198a968d7036c73,297,296,legacy,1194954264617159158,121481666666666675000,1112520414548895707,259762692438349,34589002565255103,34329239872816754,0.756680583085206452
1,1106,2022-07-10T02:05:03.000Z,15112080,0x4c8ac262c7ae171ac195db50d412e86bc2542431e8b4c223f6e3e7a0bdb5b66b,0x35fec82b5eb275ea6f8154d731027a7cfb506a4306fd70c4d54acf0c39d7dc00,89,88,legacy,1138104366996238650,121481666666666675000,1112520414548895707,0,34589002565255103,34589002565255103,0
1,1107,2022-07-11T02:00:14.000Z,15118532,0xdd5560b9a158045ee7bc4b33d1e8d403299351430736d3685272c2319334dd9a,0xddf1e9f46a16d8c06fd66f89413aad2452f6825eccacd8267d63bf9c00d2ba56,82,81,legacy,1110166109843103488,121481666666666675000,1112520414548895707,0,34589002565255103,34589002565255103,0
1,1108,2022-07-12T02:00:01.000Z,15125030,0x56fc55b91adbf7ab6f4d23c0203dc0a0c5e8cd6cd6633f4c9d0c41bd856f91ee,0x049d23259f52f15d1ce7ed8b468559e0f4348dfb0c6bb70508376687654b7582,102,101,legacy,1036323532782007728,121481666666666679172,1112520414548895745,-224452307517220,34364550257737883,34589002565255103,-0.648912344592104328
1,1109,2022-07-13T02:07:46.000Z,15131551,0x5fa503a38ae64e28742aa1592493a62f8163a2531c97c138157776b434a15c8e,0x7b37ef98bdbe3cac582a575ec1a5dca26ba8a983bad378b74d39a9942fb7399f,252,251,legacy,991144678721335168,121481666666666679172,1112520414548895745,-370734258589694,33993815999148189,34364550257737883,-1.078827616858496733
1,1110,2022-07-14T02:00:09.000Z,15137913,0xf7dfdb976939eb220f9f9ec9b738b751915d7611b92201cb7116e7cee4a80b15,0x8a934ff519eab30fd7a5312dbfa9ae8a88e2c65b14fef96b580a73660bd6a66a,159,158,legacy,1016342258169577600,121481666666666679172,1112520414548895745,-293799148059327,33700016851088862,33993815999148189,-0.864272337258897226
1,1111,2022-07-15T02:00:04.000Z,15144453,0xf026f10af20de39f64305bbb2fec6f8f7fb816467469b48728df0d193c77268b,0x6b8ea0c87c6067f1a0f9515da9a3f17505e835adf6ffa90efe7127a99cac7b8c,428,427,legacy,1064670926040008704,121481666666666683344,1112520414548895783,0,33700016851088862,33700016851088862,0
1,1112,2022-07-16T02:01:01.000Z,15150899,0x92eb642568c791febcce5e9e59d68a988799b11551fe8519e44e3a5eab7dc782,0x7924fbca01e72fe10568e8e1a57af6afa8c9688d0cb3b3d0666fbdcb600af208,260,259,legacy,1091250612003931000,121481666666666683344,1112520414548895783,0,33700016851088862,33700016851088862,0
1,1113,2022-07-17T02:04:59.000Z,15157378,0x5f93596b7004b8f48d356e5ed18a7757146e1dc75de723e9bd4794f6c0cdf968,0xc046943fd2dc2c82c64fff4be05c89aceb54f4b57c4ea3dd4c28510c3f5502a0,159,158,legacy,1073507475126335104,121481666666666683344,1112520414548895783,0,33700016851088862,33700016851088862,0
1,1114,2022-07-18T02:05:10.000Z,15163818,0x00269f39fc514cca3087b686e801cfbe90c2fa45fee18d8f02c3e1970053e799,0x72c0e2f8b4377dfcda375e4ffb6cc46f2521f5a7067316347a37c55a08cda554,97,96,legacy,1118610643679325312,121481666666666683344,1112520414548895783,0,33700016851088862,33700016851088862,0
1,1115,2022-07-19T02:10:22.000Z,15170276,0xba5e9cd849a18b5cc79c520c5bb741b63fd1f34e163dc523908741710ac8210f,0xd87ef71dc9f1032def1a1d7eec9d3659677eee59f9c5e69a1e566c134b688ae5,175,174,legacy,1153201122924603648,121481666666666683344,1112520414548895783,0,33700016851088862,33700016851088862,0
1,1116,2022-07-20T02:05:09.000Z,15176742,0xfcf07550d1fd23b9004ff41881e51419aaa999f71902fa6228c89f5ce88e18e9,0xb0347ba1680ac3e59ff2e860f39858f75f9abc537939de4bb1816a12b5d9187f,79,78,legacy,1167652488658317568,121481666666666683344,1112520414548895783,0,33700016851088862,33700016851088862,0
1,1117,2022-07-21T02:05:01.000Z,15183164,0x1b4c534fa026aaa7541f33342a12dd5e5589d42977e39cde52d1257b5a26e6db,0x5c3c59d7109d0707a87473208b8eacdac0326eade9b7b7e2126e006e4a0a8f10,310,309,legacy,1168281912890231808,121481666666666683344,1112520414548895783,145902933929086,33845919785017948,33700016851088862,0.432946174993891178
1,1118,2022-07-22T02:05:49.000Z,15189616,0x450fda8f87f813e22ba07801abbd04c639ffa3174e612a782dbc9075e8ffca3e,0xe576ea8ee9027db08d1c3eddb13af59c34bddf4526465456e19db1361c25508b,79,78,legacy,1127157282201091840,121481666666666683344,1112520414548895783,0,33845919785017948,33845919785017948,0
1,1119,2022-07-23T02:05:00.000Z,15196130,0x7e60fd050557d128161e65ef3a10be25c54a069092854f24d060cde67a13363f,0xef28c2c7a3afdef0a4f8abda8b71416850105180939faefe1a077318c0105b3e,135,134,legacy,1159128378341843456,121481666666666683344,1112520414548895783,0,33845919785017948,33845919785017948,0
1,1120,2022-07-24T02:04:59.000Z,15202560,0x23aa7ee6e85f61a952ccf39d1b9e5ef1024aac3100483513b40966c3569f8b61,0x446f692f9ec056535a223e5a639c7c6b29b19c3f2b8a8b38f9e9c35ce73ebff9,225,224,legacy,1143862214644091800,121481666666666683344,1112520414548895783,0,33845919785017948,33845919785017948,0
1,1121,2022-07-25T02:03:40.000Z,15208929,0x7f0605d25abe926184e8fa689237d1f694cbd37be4b0e1bca1d157d8b435866f,0x7a2988e0e8459f024165f34738b54039fe74d6c60ef27956d4d21684b2d808e8,131,130,legacy,1209956521547258300,121481666666666683344,1112520414548895783,292520921992746,34138440707010694,33845919785017948,0.864272337258896805
1,1122,2022-07-26T02:05:27.000Z,15215359,0x2ce6a8e66355078bc7067d314ea6058bc121edf8ca3b5fd3e2cad628163767e1,0x4cbdac06721745ee1bd90eb7e4b7391e6a684d96c7ed40e7ae8f5cf5d5c2365d,130,129,legacy,1095083402064249728,121481666666666683344,1112520414548895783,0,34138440707010694,34138440707010694,0
1,1123,2022-07-27T02:10:12.000Z,15221785,0x765e131530d70066a68435c79904652ffcd819565babac1281e19b087d9ab818,0x95a6ea48531b6f89c0e47815f77d8ce203b57cd6f09bdafc34db74c5d31dfb5f,62,61,legacy,1054376000150781850,121481666666666683344,1112520414548895783,-184686412902102,33953754294108592,34138440707010694,-0.540992526539663158
1,1124,2022-07-28T02:00:03.000Z,15228153,0xb6b33ec3603e9d34974f72d0fc9163c5b24a1a50c3c2b9ad95485a894c75ace4,0xf0df15ff4fc41da291a3d5fdf811d437a04987a540a1c569f71b8ae10e84ee14,206,205,legacy,1066968569863278976,121481666666666683344,1112520414548895783,0,33953754294108592,33953754294108592,0
1,1125,2022-07-29T02:08:52.000Z,15234628,0xb8772606ded1c1b4cd12eedd010bdd74c7d83b249726060ec0e80c49346d1ff3,0x6760f76b112a7c762d45ca8f708dd7eff47bb2048fde4614a27627f12927855c,111,110,legacy,1073815797231827456,121481666666666683344,1112520414548895783,0,33953754294108592,33953754294108592,0
1,1126,2022-07-30T02:00:42.000Z,15241022,0x216e85586d2151b3271a6edbe18c0805dcfe7283cc0543917d983f77be6624eb,0xa27ce1418b5e82e9a7e6babce6bca0f509d9e25e7b990e846ad7757753899093,143,142,legacy,1149417704783845400,121481666666666683344,1112520414548895783,0,33953754294108592,33953754294108592,0
1,1127,2022-07-31T02:00:30.000Z,15247460,0x9e8e3328359c6a784d48837c031af1e4b4f89a9d0c3e30be8c8061413ee883d1,0xb90c8240705e5368548fce86c3d257ff7d919347e7f6fea4006d8f6f7940afbb,6,5,legacy,1649554355878788000,122177000000000006704,1118888227482943343,1535136954506593,35488891248615185,33953754294108592,4.521258359853769621
1,1128,2022-08-01T02:00:43.000Z,15253822,0x86b720c89b4f055232532f6e294f70877e7418565d99fa2573ce36c7dc7ab925,0xa0b5b460254a8c56d27e52057e1a6d70401241f27a388d664c823c48893209c1,182,181,legacy,1432408993481608000,122177000000000006704,1118888227482943343,973733501668561,36462624750283746,35488891248615185,2.74376985983341234
1,1129,2022-08-02T02:05:14.000Z,15260313,0x14d6f20d8f6ad9711d2071949ea907e542f60d97b60c0371aa58a5dbb011e37b,0xa4291730036a2daf3d16b6d16f0ff2e9aeea4a16d15689a9c858551a8aeb6409,73,72,legacy,1263542618411151563,122177000000000006704,1118888227482943343,471236629061174,36933861379344920,36462624750283746,1.292382630950085171
1,1130,2022-08-03T02:00:03.000Z,15266733,0xb5adacc77ce7f618d1a0c3d5df702b8d513f33765a96b8488c6436d43ba12766,0x18dfa99092b1cf70bf44e146d2e9f6517c969cb48cfe9718b9a9be0325dbe97b,259,258,legacy,1231225815266895900,122177000000000006704,1118888227482943343,358872616187597,37292733995532517,36933861379344920,0.9716628664997772
1,1131,2022-08-04T02:04:57.000Z,15273111,0xaf80824d84b4f0de72336497800116bd942b285f41dbfd97365bf2ba4d02f509,0xa85a511df6887faecf08328676e006c89f0bcdcde97331b3de2014ee467f6b5e,158,157,legacy,1248670583130235000,122177000000000006704,1118888227482943343,442195700629515,37734929696162032,37292733995532517,1.185742243200747451
1,1132,2022-08-05T02:00:01.000Z,15279507,0x816a1c9c53632219158ab6da0ae5bab06c899ccc8151e7a3d3e4f0437f139f8c,0x94338439ef7ab74c7e020f12fa67d93ab82986a70ab176a020b2db9a8a50f2f9,13,12,legacy,1213228897848229632,122177000000000006704,1118888227482943343,326132558848021,38061062255010053,37734929696162032,0.864272337258896485
1,1133,2022-08-06T02:05:06.000Z,15285981,0xe5827ccca92ee39a9a7988ed7da5ccd18461e46e891abcaadc6aaa7726be6eb6,0x04d1b5cd047ba38869a69332153f9a1e5fbb746265c4882854d83d8331c40ae1,91,90,legacy,1267097259578024450,122177000000000006704,1118888227482943343,491894557738849,38552956812748902,38061062255010053,1.292382630950085859
1,1134,2022-08-07T02:04:47.000Z,15292401,0xcf54ebb1aac907c58048df4cb39e19eaaf04da2188d2ad97408c003ab39b953c,0x17e465271c4046a6f014ef7915744a918ad1d5e7460d470a09bcb33c0c7a168c,352,351,legacy,1356216678597932000,122177000000000006704,1118888227482943343,822269747514071,39375226560262973,38552956812748902,2.132831864253167621
1,1135,2022-08-08T02:06:26.000Z,15298864,0x556ed11b9642ec8698d0213e0ac3c08f3cbf02830e67b4c1cd8177a4d4aa6d7f,0x5e46ff6d56ad35b832946b00f61383cbc3b085fb9df7cf3fc74364adcd47dc41,33,32,legacy,1439796954632538112,122177000000000006704,1118888227482943343,1119681835852970,40494908396115943,39375226560262973,2.843620046577560688
1,1136,2022-08-09T02:05:03.000Z,15305233,0x2fac2cdbc56f0722e988ef825d157b764d8f80341fe2ae80b32f3970d948bf08,0xc6b90f83827db93db40803193f0898fd3b34a6ede9b167333c082572a5843af6,1,0,legacy,1568689658714033664,122177000000000006704,1118888227482943343,1578463915378124,42073372311494067,40494908396115943,3.897931808951867868
1,1137,2022-08-10T02:05:19.000Z,15311624,0x08f6f947a3127a741ac74f3c9c0c69a09d77b19b5e17ffe6c45554b3fd8bbeb2,0x465805145e0c7b13dc76bf6cf30343aab0ff50e69d0e3c9d873a6186224220d5,77,76,legacy,1476988113341177856,122177000000000006704,1118888227482943343,1320860995219839,43394233306713906,42073372311494067,3.139422686255628843
1,1138,2022-08-11T02:00:01.000Z,15317962,0xb0f22cbf483a3c0630c39bce0c9f04415939b86c9610bd3370c463d2d943f572,0xd1c0db3fe23efd91f96e84426b2875448d27d184769f86be3be9259f6e327b0d,117,116,legacy,1457906461581631250,122177000000000006704,1118888227482943343,1319819825871183,44714053132585089,43394233306713906,3.041463635369683995
1,1139,2022-08-12T02:04:54.000Z,15324312,0x0ec8d366e434dd5c1ce74af8d26d17c90453b7a9e7799c9253d6db7097a87415,0x90e2f5d7ff0512b1dc72cfd0a1e59a90834d324dbc50f6cb7f5eb2d74d743fd9,8,7,legacy,1568685573130175800,122177000000000006704,1118888227482943343,1742923300126674,46456976432711763,44714053132585089,3.897931808951869431
1,1140,2022-08-13T02:04:43.000Z,15330636,0x893de643637bd64126f3b11daa42ecebdadcfafef63569aac06e5515ed5e5e98,0x7892dbce00b1c2402aa44c81190fe64b1fdb2bbf7a295b75108a725a124970aa,367,366,legacy,1640922893563000576,122177000000000006704,1118888227482943343,2060214909854009,48517191342565772,46456976432711763,4.434672826454864452
1,1141,2022-08-14T02:00:01.000Z,15336972,0x6b9b448d0424aea6bc0068829f8e18c4bef0d81898159c49a864bc47217426c0,0x2772711bc9b4849c14e5605440c445e013ae942d99bf8196937748c28e06d236,106,105,legacy,1887432616567406848,122177000000000006704,1118888227482943343,2944442614535418,51461633957101190,48517191342565772,6.068864526278047267
1,1142,2022-08-15T02:00:01.000Z,15343302,0x4554a469b7adaa3a5100872d68e2b396c38ee0bf584e755bf09debad4e200d9f,0x6fe83b4cc082027f032ecfd2cf8399665885afbeeb79823730253196386ab686,184,183,legacy,1719314785066558464,122177000000000006704,1118888227482943343,2584818328559893,54046452285661083,51461633957101190,5.022806564429371295
1,1143,2022-08-16T02:05:03.000Z,15349634,0x0a30782812c234dce4729264f0824c6eaaff8fc585ebccc2464959de8799b0e6,0x8cadd60016cb9015bcb7a02b6b7479e6a204566210ab88e539a6a3dc03bc915d,63,62,legacy,1500491398363386624,122177000000000006704,1118888227482943343,1801548409522036,55848000695183119,54046452285661083,3.333333333333333148
1,1144,2022-08-17T02:02:00.000Z,15355944,0x314213915b58e2c063d37e5e45b7968c26cfe417ec90f6ceacb4bb92af5236a1,0x85bd39af84edbefd1bcc96a8894b67d403e41cc8cf6db1232b3b52c8ee1a768f,168,167,legacy,1443043483899407286,122177000000000006704,1118888227482943343,1588104943381003,57436105638564122,55848000695183119,2.843620046577561358
1,1145,2022-08-18T02:00:02.000Z,15362276,0xbd8af37bccfe026503943100a8041d35ab1e5771e33367413e19e89e3ea7ef59,0xbb953e27766ae266145dc0ca5fd7dc931e2aa543aa70e26a4f997b9c09d4e086,107,106,legacy,1365853307842031300,122177000000000006704,1118888227482943343,1284252432553335,58720358071117457,57436105638564122,2.235967112107012204
1,1146,2022-08-19T02:01:04.000Z,15368566,0x42d80b83dd5235c4de2afe08db93844c934ca3cbca17f9138fa05ed1c0c880fc,0x8870ebfc7f1625db8b04795f38c4d8d20c7775d3150fbfcac457c8d9a7bf4caa,26,25,legacy,1376501664026203150,122177000000000006704,1118888227482943343,1373236684782038,60093594755899495,58720358071117457,2.338604071723953479
1,1147,2022-08-20T02:05:00.000Z,15374892,0xaacae3ddd7136c8ac851829b444bf24494e972d6b092e0ffd9be21c916a686b2,0x170767922576ff9554b556f449e9a150f0829819e44374b5df0185a3b5550595,209,208,legacy,1170077623120608256,122177000000000006704,1118888227482943343,0,60093594755899495,60093594755899495,0
1,1148,2022-08-21T02:00:01.000Z,15381206,0xa8bd4b60958cf0f5d0591641cbed96e1ca5a4e5328523f65cb2b48a66d2b99ce,0xfb89cadef6f88cf037c8482f1902acb399e1392f483c35e362fd9907b77cc275,159,158,legacy,1023228882279047680,122177000000000006704,1118888227482943343,-519372315939703,59574222439959792,60093594755899495,-0.86427233725889779
1,1149,2022-08-22T02:04:28.000Z,15387565,0xc8fe543260f72d21e9a7a9de7f099940870437e83e78480a82ff3d1476c74acc,0xb433065679524fdaabb15d46cc2a42ac528cb6ba2a15d8fa97ae3fd5d02b509e,369,368,legacy,1013905295496727600,122177000000000006704,1118888227482943343,-578860597455067,58995361842504725,59574222439959792,-0.971662866499777493
1,1150,2022-08-23T02:00:01.000Z,15393851,0x3613ee0663d93d0db66272094c0a00ef043dcf5c706f1eb97df4d55c8821babf,0x4abf5caba42c44a22fd5804d267aea12901e6525eb7ec5c233aed95c2359ceee,127,126,legacy,1015000490592802944,122177000000000006704,1118888227482943343,-509880592670559,58485481249834166,58995361842504725,-0.864272337258896884
1,1151,2022-08-24T02:05:31.000Z,15400170,0x50d94b6cf4105f75c15e49cbb2e51899a21eb2369959a49bbd51ee7ffd3640f2,0x4e2ff1883096d7205c539f85d888e000aaf3fcd70ffa857d2ea7f99ef5dd25c3,22,21,legacy,1041265645241492352,122177000000000006704,1118888227482943343,-379519507624276,58105961742209890,58485481249834166,-0.64891234459210698
1,1152,2022-08-25T02:05:21.000Z,15406454,0xb1e4b8ca6b022e8c8a3734cca45796d8bec3f8f9b328679b90b0eee72f97d514,0x0f3930683a3a3e3fc1f786448741f96ea4e2c75b1cb326dc0b05c415255b4d72,339,338,legacy,1063294022390008500,122177000000000006704,1118888227482943343,0,58105961742209890,58105961742209890,0
1,1153,2022-08-26T02:00:05.000Z,15412605,0xf08db3200f1b680b25d86f10428e0eae43f1911fac7f03270bdb25d8f6832881,0x504d43dd36dd784015925451b660bb609f2b14d6da1c2d4333681f3d83b7dcea,383,382,legacy,1060294880785510650,122177000000000006704,1118888227482943343,-314348910499352,57791612831710538,58105961742209890,-0.540992526539664258
1,1154,2022-08-27T02:00:25.000Z,15418884,0xceeea1e93feac7730187994863b4bc386d108b5cc41dd87830ac8983d1b7ef91,0xdcc0243166505080e1eac140f4f2b75cdda04658dea161db29fcfe5e43fa0717,89,88,legacy,998074199985864200,122177000000000006704,1118888227482943343,-623471879456432,57168140952254106,57791612831710538,-1.078827616858496737
1,1155,2022-08-28T02:04:48.000Z,15425134,0x0b37c73beb5e77d69978125a655cb926373fee55007e80b2351037e6f96b79e9,0x323cc8c5d7a6589975ad209f531ee54b28b6903d9b40f524e82f39af9e610413,251,250,legacy,891821412674479872,122784666666666680616,1124453195353877671,-1160066811263240,56008074140990866,57168140952254106,-2.029219057922678962
1,1156,2022-08-29T02:00:01.000Z,15431365,0xb126c8a470f8573374e1e00689f561ba8337e81b8ddb2453ff2f0b2baff08c47,0xc72ea4e6b7cbe53286c8c999e41f39b9c0e6a8e39ac2d68ce057daa81b718b4e,190,189,legacy,893141919145295000,122784666666666680616,1124453195353877671,-1136526514444451,54871547626546415,56008074140990866,-2.02921905792268
1,1157,2022-08-30T02:04:32.000Z,15437697,0x7880db53f019952fb2453d9466849c78f0b49dbccf81d32c204fb632200401d6,0x25fc67c1889ed61ca61b0555bc1a31c7dffb54fac311e0a53edcc9574a7743ba,269,268,legacy,899349534257369856,122784666666666680616,1124453195353877671,-1113463901815000,53758083724731415,54871547626546415,-2.029219057922680292
1,1158,2022-08-31T02:04:35.000Z,15443906,0x9854c436836ce9b2899accb4026539d08dda3a155d56d5777dfe294bf7fbd672,0x67c45bc675cb44fd37389f6a4995f655e57431256c39b4e4fd1e6960886e15a2,401,400,legacy,917630261650405250,122784666666666680616,1124453195353877671,-978744272236561,52779339452494854,53758083724731415,-1.820645760455723873
1,1159,2022-09-01T02:04:44.000Z,15450144,0x2edea038dbf4d57dcb09fbbd1d678f48506d11f5ce15fa362c8b346f26389b89,0x82ee6b2e4f7e57d00d50dc4af763c4e4c4b71de114e40a268e9ec3dfeb109937,101,100,legacy,914352374811295700,122784666666666680616,1124453195353877671,-960924806138382,51818414646356472,52779339452494854,-1.820645760455722312
1,1160,2022-09-02T02:00:34.000Z,15456418,0xa94d4838b9517ff1c828efb5433fe0e5e57361751dc4f00977a8df35175391c5,0x60e25612bf663b0775758d0e4a27b724067e1e78c3f273d99340332934744638,353,352,legacy,915675233434877952,122784666666666680616,1124453195353877671,-943429769394257,50874984876962215,51818414646356472,-1.820645760455723895
1,1161,2022-09-03T02:04:03.000Z,15462696,0xcc36cbcb8727d90bd649a34168b9bbe55f7f2d4fc8f7b192bc1333c00ec64bbb,0x07e2dc66a02bd0f40c7591b132cb485b4c00dbc31ed75cc7b245bc927c1dc4fa,477,476,legacy,926229923215571550,122784666666666680616,1124453195353877671,-872876743383450,50002108133578765,50874984876962215,-1.715728752538098347
1,1162,2022-09-04T02:00:01.000Z,15468917,0xeb924f3a266c7d936e3334c6171e0e9d303a3ca09947e9028b0652ad872b5a7e,0x0f97b9a8f5304e9ffea1c55226fe27eeea7bf9df31b39a7df6d2e079db4a8be7,59,58,legacy,900180287483970550,122784666666666680616,1124453195353877671,-1014652307609687,48987455825969078,50002108133578765,-2.029219057922680466
1,1163,2022-09-05T02:09:37.000Z,15475190,0x2b02d0e65336d8aa285bbecb438057ef1025a741e9db292f078cce7cf1105d82,0xfa068200ed1fdc29c716e08d09b9504e06fe1f492e6b6ebd1cc5e16e33b11d96,499,498,legacy,935987043056245250,122784666666666680616,1124453195353877671,-840491864743051,48146963961226027,48987455825969078,-1.715728752538097849
1,1164,2022-09-06T02:00:02.000Z,15481312,0xd4158180317a432e63c9ce08beebb441cf708da31be890647f559fb141d6902e,0x58eb72454e9647fec0f3e22fe96477d88a9adb500b0801ce67d6851903da0092,314,313,legacy,972594695038194000,122784666666666680616,1124453195353877671,-622242999564682,47524720961661345,48146963961226027,-1.292382630950084604
1,1165,2022-09-07T02:00:01.000Z,15487601,0xfdfc2fc8ac9ace9c6d75a1449f384f0036c7c2965a6212ef7c62d9d97ad6c419,0x513e27570fd30904f59035ce235b1033adcf4c3567b1c02229806efe0e32673e,202,201,legacy,971926680308957440,122784666666666680616,1124453195353877671,-664740114007065,46859980847654280,47524720961661345,-1.398724917382086936
1,1166,2022-09-08T02:05:04.000Z,15493860,0x3786939f669d4f0aa681086a5bc89e51d2b38327f0f0f14ad204b0691b802684,0x0d49ac76b2a4bb916c8c2f4097014064aa2f821ec9e37e5c859aa53bda756d76,57,56,legacy,933856282155619584,122784666666666680616,1124453195353877671,-803990164837050,46055990682817230,46859980847654280,-1.715728752538097105
1,1167,2022-09-09T02:05:13.000Z,15500122,0xed3996263d1eb8e7e94ec9597cee0cd0180d2ed33af1214380f80201e4de1798,0x099f9fff9a9c490e580892168e40a03a46bb6bbc9d2fe7447eea189458a0df57,471,470,legacy,965094918052550543,122784666666666680616,1124453195353877671,-644196617627737,45411794065189493,46055990682817230,-1.398724917382087028
1,1168,2022-09-10T02:05:12.000Z,15506171,0x2585411ffe789a25f07048eab888f5738fa72a76f74df843957798fe8089284b,0xf1772948c96ffb91b6b1eef6ca849ceb172691d3698b400b8d4c3568f8770bed,85,84,legacy,1036852666228055355,122784666666666680616,1124453195353877671,-343622228121929,45068171837067564,45411794065189493,-0.756680583085206376
1,1169,2022-09-11T02:05:01.000Z,15512209,0x65f694438a1f9f91efe12a83517822e4082adf3de324f948c05aaac261be80f9,0x6b8b5766f465e89c3767e7360704e7f9165be86a9ee8d11077bc5a2b9f37fa3a,39,38,legacy,1095726644036327100,122784666666666680616,1124453195353877671,0,45068171837067564,45068171837067564,0
1,1170,2022-09-12T02:05:03.000Z,15518304,0xa6a82bee0e4fb6c689ba69e74606d26e2a16f14c2d9aaf6b4652803ca50f93d0,0x5962a12242c0ddbe30447e7151e0c2980ce8e8b0dc282d8e7a27e1c499810a6b,71,70,legacy,1264331601100257250,122784666666666680616,1124453195353877671,534392351710413,45602564188777977,45068171837067564,1.185742243200748682
1,1171,2022-09-13T02:00:43.000Z,15524302,0x9593a61916208c033a08d485b26b06891409bf5bcf1c24d5c29c3f68620b536b,0x01f9e6456922de16f7aa3cc52c38e0ddaac326742a29143d13a7b02fc7a1b710,514,513,legacy,1256036689737666816,122784666666666680616,1124453195353877671,540728867569077,46143293056347054,45602564188777977,1.185742243200748056
1,1172,2022-09-14T02:05:00.000Z,15530385,0x47a71a55f499d23f44a9c6b8af1a59fa073218e0e489b4088af3a63de4724261,0x650c86d5bd7686c60227a61bd85c87a230b39dfd932611b5ee71c47e170b85fb,352,351,legacy,1150992492528741387,122784666666666680616,1124453195353877671,0,46143293056347054,46143293056347054,0
1,1173,2022-09-15T02:00:34.000Z,15536252,0xb44d847984c6397ac5beb8d350c915202d5fc2f02fcc58c8fc098524cb010573,0xc31e58f6291d47b21ceb114f98a69d5c80d10029902728a29a32d2311c9f947d,306,305,legacy,1082422310252763500,122784666666666680616,1124453195353877671,0,46143293056347054,46143293056347054,0
1,1174,2022-09-16T02:00:23.000Z,15543091,0x1291438141e67b6d238aeade65066cbe66dcfa64602b15fd46fca36aea12ee95,0x390e290117316a670dc5c86554e37305feef8e21f1210e767ac7d6e75c1f162b,306,305,legacy,1016397811615086994,122784666666666836933,1124453195353879102,-448357244008694,45694935812338360,46143293056347054,-0.971662866499776251
1,1175,2022-09-17T02:00:23.000Z,15550195,0xc8d24db6a6244910f58dcdfa408c18de34d062f45d0b7d39d0104c3f3628c058,0x48470cb469e48810a9473df5391e423a1e64d3eecbf5b721238d1911e8ba0561,314,313,legacy,984161053232573696,122784666666666836933,1124453195353879102,-541824156930363,45153111655407997,45694935812338360,-1.185742243200748415
1,1176,2022-09-18T02:00:11.000Z,15557319,0xb6acc9b27311277f6b7d4216341ad8671c748917ba26c0f0fdfdadc08725488a,0xc541658219dcd6158ec32a2ff01a451d2ce050ddff486f68909e3e423a76d350,275,274,legacy,974198064806058150,122784666666666836933,1124453195353879102,-583550972367992,44569560683040005,45153111655407997,-1.29238263095008644
1,1177,2022-09-19T02:00:11.000Z,15564450,0x94ef5d9697baf9e80f8548ccc54f2194f72ace15da847e85819aeda2244a2dd7,0x52e5d03376b22c2a29b5e41f8e16641981cfcd52a59495a7def80c85dbbe49a4,628,627,legacy,974942172447952200,122784666666666836933,1124453195353879102,-576009260958367,43993551422081638,44569560683040005,-1.292382630950084795
1,1178,2022-09-20T02:00:11.000Z,15571577,0x3e63f99d990612233e1b1404fb03d58280e39be6afcb46fe575f4b3e56e8ba74,0xcfd6a039c0cef31d51441e9607a3ff7ec1d0cc6731dfa2b9efd48ddf4791e938,96,95,legacy,961445872265324150,122784666666666836933,1124453195353879102,-615348765781957,43378202656299681,43993551422081638,-1.3987249173820862
1,1179,2022-09-21T02:00:11.000Z,15578718,0x4c61dea51fa34961a2093c7c71154d97abf489105ab79da68196db918c328e5f,0x153ddfe5fe443775a576248c9d9ea1e6f1df52b1da0f0731b57676f4cb62c17d,338,337,legacy,974615227257714333,122784666666666836933,1124453195353879102,-560612356748346,42817590299551335,43378202656299681,-1.29238263095008621
1,1180,2022-09-22T02:00:11.000Z,15585767,0x45da421f3bfadb5fb600ae2be499599138b290ee41bf1f0bc66571415a02d558,0xccbece6e3c15e6979f4338cd4ab9f255a63792927d0019a929641ea79599bfca,190,189,legacy,946658011081163184,122784666666666836933,1124453195353879102,-689543516818471,42128046782732864,42817590299551335,-1.610421118971042132
1,1181,2022-09-23T02:00:23.000Z,15592923,0xb7ec060d9648399ab60c6c3963c7b549d5333398c1c1a967ec6c6ecf66cbe96c,0x9b70cbf0767122d7c1bd4edbcf61874a5585cbc733aed1aa63556d6a02a3b0ec,319,318,legacy,976127759180852480,122784666666666836933,1124453195353879102,-544455559378566,41583591223354298,42128046782732864,-1.292382630950085885
1,1182,2022-09-24T02:00:11.000Z,15600089,0x8cfbb10d46c7227dc02332bc4c881c906c43e4f10260d9c64d2e90e9af37b0ec,0x519a6e6968d5f094b52814d96fcf8a4bb08fd7ea034c381c762a6438d4414f9b,190,189,legacy,1028935196097518750,122784666666666680616,1124453195353877671,-359395475782270,41224195747572028,41583591223354298,-0.864272337258897598
1,1183,2022-09-25T02:00:35.000Z,15607260,0x892fc0baa18f94d144c386a1e5bc65bdc472598d2f3290a2cd88c3cb18f49848,0x4f04b5575a8f9cbcf8781ce76d1d769b1e2c91e7798101025a11bbd91053c6ed,410,409,legacy,1093576160815456500,122784666666666680616,1124453195353877671,0,41224195747572028,41224195747572028,0
1,1184,2022-09-26T02:00:11.000Z,15614423,0xe7846a2b467bb61d41212262e055d62f64eb1cd52c2211e1b25b9d7d91caf0b2,0x0015d53cd5fc1819f403278f61872806a478ebdb2b4fc37df0449d92b720b36e,187,186,legacy,1155584963741230592,122784666666666680616,1124453195353877671,0,41224195747572028,41224195747572028,0
1,1185,2022-09-27T02:00:11.000Z,15621570,0x2b504497d57c37d18e7c2088c006f3aea2594a55f7aea145c5af958da14d583d,0x09a97cb3670f0dc23031f5ae80db368efc22c2e4aaa41ed04b98cc0cddf60514,178,177,legacy,1159214150864372250,122784666666666680616,1124453195353877671,0,41224195747572028,41224195747572028,0
1,1186,2022-09-28T02:00:11.000Z,15628713,0x582a293cf03183ffb0f8d7bd9ec3f56e22c2d155a27853a722c6fd668b128bf8,0xd1b9528103766f78361d0f99efbf1c4cef52c92fee98eeb3751eaa83142792b9,417,416,legacy,1151616153898230000,122784666666666680616,1124453195353877671,0,41224195747572028,41224195747572028,0
1,1187,2022-09-29T02:00:11.000Z,15635878,0x88e80e2a378e92283ab24ea8514c5d90b60390dd2eb151d79c57960a63062090,0x02265b76f174c6a80cc8bd79d019108799f0c43eeb88f1a3df1e4597b5d0053d,223,222,legacy,1109860117138757250,122784666666666680616,1124453195353877671,0,41224195747572028,41224195747572028,0
1,1188,2022-09-30T02:00:11.000Z,15643031,0x4a272f1ca914f82154902f28fdfc13e58611adf5e98e38184b6a3773bee989ff,0x2f1984eebc198eb4a8b19747367511c0809595600070d5b24f00886bd6dee480,253,252,legacy,1141095150544567936,122784666666666680616,1124453195353877671,0,41224195747572028,41224195747572028,0
1,1189,2022-10-01T02:00:11.000Z,15650190,0xf967f305a3b7d97e20ad14fdca7215b9c4f3f55290d59114905e6b99eb735ddf,0xf00be04f52f574ca2e343fc3ac5dcf681a808ebbfff648ef51750de1e9ef2b33,315,314,legacy,1171724440019603712,122784666666666680616,1124453195353877671,0,41224195747572028,41224195747572028,0
1,1190,2022-10-02T02:00:11.000Z,15657330,0xbc985fd4459e386db8384c1460cd9458ff599c10d8a71f7c31298b2b2f1a9a54,0xbbc8c7117476c4f2ff6159663435c3fa5bce5726e9b8a1707248f419551fa979,150,149,legacy,1162808052455966300,122784666666666993251,1124453195353880534,0,41224195747572028,41224195747572028,0
1,1191,2022-10-03T02:00:11.000Z,15664505,0x85102ceb7331dbc5bef1a17b1bcac98ed50d49d33addd313f7ee17c0f927b08f,0x4821a9a2d6222b9025786b529a6cb41d0026dfff418617a25fa9ce8045908d96,399,398,legacy,1152155783842361344,123533999999999991816,1131315536425660364,0,41224195747572028,41224195747572028,0
1,1192,2022-10-04T02:00:11.000Z,15671661,0xc01c9d914731c0a97d16739ebcb913406bc38ffddb031aad8679c5ed9398280a,0x20c1ba4ba2b1afe88100306e78d7071878761725b718c219f8c1d66be42b7ff8,416,415,legacy,1146759178716039552,123533999999999991816,1131315536425660364,0,41224195747572028,41224195747572028,0
1,1193,2022-10-05T02:00:11.000Z,15678788,0x9db0642e33cd04b2a3ad3309814f6e06bb0a0fa7d13e4a5e806f6d0c85c63ebf,0x729aa79309bc558cde36bf56df741148477cae8f7b89e8c749a8476ea6c68846,354,353,legacy,1172535543973096000,123533999999999991816,1131315536425660364,0,41224195747572028,41224195747572028,0
1,1194,2022-10-06T02:00:11.000Z,15685939,0xc75094e0a040a1603efafaa7b7006e4fb4480be908558c6a0ae1e72f1d2e78d4,0x85ba6369f753eea2676e141114d22269fb841f24f4ce2df7c8694dcbe62960d0,660,659,legacy,1172479827442364000,123533999999999991816,1131315536425660364,0,41224195747572028,41224195747572028,0
1,1195,2022-10-07T02:00:47.000Z,15693100,0x09cdce1cf5eb48d69cc34763984f109545b59e494c4b87ca2f5265aee9631e77,0x3aceae5e81e5fbf66a52c22bba76093334c582e08e3b0ad24a3194e8d3915e04,34,33,legacy,1170267394925118208,123533999999999991816,1131315536425660364,0,41224195747572028,41224195747572028,0
1,1196,2022-10-08T02:00:11.000Z,15700246,0xf334d6f23ca7e9fcf28b7de74d21d5cf8d1b194fc272c0c478c2b45fbb7e2271,0x3246e4ed95fa9a3222425263e04793c07722c66e8a22df3786680d9ba3238b56,308,307,legacy,1158726452518737408,123533999999999991816,1131315536425660364,0,41224195747572028,41224195747572028,0
1,1197,2022-10-09T02:00:11.000Z,15707414,0x52b0ecf45bbf87217bf69fdf7ffc8626d7f4691dffc19e1ce6a07373aa0232d9,0xf971e5458fc842e1ab1d156e0cf314b5c500bdc4ae3c1288a9adff6c1624f091,205,204,legacy,1150204231390442112,123533999999999991816,1131315536425660364,0,41224195747572028,41224195747572028,0
1,1198,2022-10-10T02:00:23.000Z,15714577,0xc21b419d044756f5b79506ae62d2337e6b4d0e51e6b53ff2aa095a17e3a7b06d,0xab6871b71a567aab9350bb344640ec18bf0f1a231bc20d7b021eaddd6d275890,113,112,legacy,1142421462496631296,123533999999999991816,1131315536425660364,0,41224195747572028,41224195747572028,0
1,1199,2022-10-11T02:00:11.000Z,15721742,0xd54c9c9ed4612b535605695bc9ce2f86eca3db832e0dc31c1338f29d6ee95d4e,0xacd80ec3a0e829738a1128e804026fd5de657109ccd27edf0c25e78f2f35fc20,53,52,legacy,1134557488006235904,123533999999999993408,1131315536425660378,0,41224195747572028,41224195747572028,0
1,1200,2022-10-12T02:00:11.000Z,15728905,0x96bf76aeb2f43df6d35babde31496cc1b59764c2093f0fa275b7bc69c3e30f73,0x56fc5e8459ba6d89ff4c166ab731f8217f33e278c4f615c42e5083128eb119a1,243,242,legacy,1112476994916532736,123533999999999993408,1131315536425660378,0,41224195747572028,41224195747572028,0
1,1201,2022-10-13T02:00:11.000Z,15736069,0xcd9b2ea4722af9a3212f1f452e94d3abb830fb9cc3c78aee8c199ba1795e28d2,0x7a139a3757e3506e2810e91447441e307c064b17d4c0c9044cfb1e07f3dfe56d,156,155,legacy,1105003633384749696,123533999999999995000,1131315536425660393,0,41224195747572028,41224195747572028,0
1,1202,2022-10-14T02:00:11.000Z,15743225,0x1ecec62054170d037de8e8b5272f2ed0ea66fad1659913ed59da6d29c9a05c00,0xa8a087727ed0eaec2158d01562084f9fabb434bfa0fc5fbc99bc20e21b841b5a,366,365,legacy,1056644692022698112,123533999999999995000,1131315536425660393,-267508895164809,40956686852407219,41224195747572028,-0.648912344592106226
1,1203,2022-10-15T02:00:11.000Z,15750388,0xf12728540334e715c6174d75b982fbc6c496f70f6d8a77682b9b66e878b14aef,0xe9371f416d15f5e7f2cb12d026aec18b18fb7774e0d97fe05c70502eab34546d,139,138,legacy,1088167145242480986,123533999999999995000,1131315536425660393,0,40956686852407219,40956686852407219,0
1,1204,2022-10-16T02:00:11.000Z,15757554,0x89d6544fd1971a410de881fd7f36d19e7949ef20316c6acc0af8bb3b5191a17d,0x9b0ca24837fde65d20e0a14941a2b20bac8cb85c46418062839062979145a9ca,276,275,legacy,1047864360148117929,123533999999999995000,1131315536425660393,-309911296887177,40646775555520042,40956686852407219,-0.756680583085206369
1,1205,2022-10-17T02:00:23.000Z,15764712,0xb03e7731ea4639f219e266992ba90770d7c5b7541559efb34c9e8ae654d2f47a,0x37f93709750d0a6e1f9a869f7efa825d16691dc2ff2e808ea8dfbcd165c83d62,240,239,legacy,1037167893010402686,123533999999999995000,1131315536425660393,-307566258278844,40339209297241198,40646775555520042,-0.756680583085205916
1,1206,2022-10-18T02:00:23.000Z,15771865,0xd6cbfd533ea8b26c59d5a3d8fe99745e107a80b7985a559f996079e9b318aa9a,0xbbc10868295ac770867db2237e207e66221a97f6dd79ceac268bfdecf3e92514,435,434,legacy,1049199992719015850,123533999999999995000,1131315536425660393,-261766108840645,40077443188400553,40339209297241198,-0.648912344592106833
1,1207,2022-10-19T02:00:11.000Z,15779029,0x0469b5eb87c9bc1833695ad843988bd38dbee19c06827669273bfb98cba6551a,0xcf7df9ca3e599b2cac0980455df8ae26c207c49bcaede974a8726c8bc066422d,82,81,legacy,1068840523548621274,123533999999999995000,1131315536425660393,-216815972477427,39860627215923126,40077443188400553,-0.540992526539664938
1,1208,2022-10-20T02:00:11.000Z,15786187,0x9970583fadfbf6576f8f470c1fb35995b469e56f5fc9179247cd6b4a1127bea5,0xe8a06255c58cb99708f93ad045d298b9d089fcbb3a5954387310239a47654de0,162,161,legacy,1038631924815832192,123533999999999995000,1131315536425660393,-301617626438867,39559009589484259,39860627215923126,-0.756680583085204934
1,1209,2022-10-21T02:00:11.000Z,15793354,0x33796efe55cf11f3980cbab2bbe0c9320478466ae06970e06843bbf11b1bdda4,0x5f45aa60fbca749adc17f4eead01bb151d1574c9c3f59ea67129c746940124bf,221,220,legacy,1027024941480092928,123533999999999995000,1131315536425660393,-341897576775507,39217112012708752,39559009589484259,-0.864272337258897504
1,1210,2022-10-22T02:00:11.000Z,15800517,0x5018df4853f04e67b31e7cc19f48cc4d4e4f863ddd1970a7e917a9a11acbec0a,0x261c2772c9ef59e8831a36ada018d0646d1282068616a4c29b2cd015023f04d6,189,188,legacy,1018006060472071040,123533999999999995000,1131315536425660393,-381058114741114,38836053897967638,39217112012708752,-0.971662866499776362
1,1211,2022-10-23T02:00:11.000Z,15807682,0xa232940506c1412245a3d1f4eb1d402e7f2194f2d4fa8e635d5fdc15318d7823,0x76e81d3442d2306aae046bdf0f31a60123c00af32037026c3ff3f2cd50bb5f3f,115,114,legacy,1059832962228617600,123533999999999995000,1131315536425660393,-252011947896356,38584041950071282,38836053897967638,-0.648912344592106583
1,1212,2022-10-24T02:00:11.000Z,15814842,0x604a20339e1d99bff566673326ba269f0bd19d2bf946d3bbff1ef8eca1abba7b,0x1fae87db89ef1cb53e821b5da2806a6db75a02e15c45550ca90f09c8aa974fa8,142,141,legacy,1067279366870755400,123533999999999995000,1131315536425660393,-208736783386815,38375305166684467,38584041950071282,-0.540992526539665369
1,1213,2022-10-25T02:00:11.000Z,15821968,0x72d2f1557f31cfcd88388fa7cec44cb7186aada9b8ecd08458b58eee25fc7a05,0x6e20815c3ff7eda1f4fc91a1dce58e3a0d8128e757ec4cbf94cfa21329d9f710,195,194,legacy,1077954086215207300,123533999999999995000,1131315536425660393,0,38375305166684467,38375305166684467,0
1,1214,2022-10-26T02:00:11.000Z,15829119,0x3ca55d02268366b12c6b042f7248827bb1146311c2dbfb27e26f76213e3eb015,0x1b19d500a4214482cc25bc2072274c34ce55df7f2e4344715cb499c3628b4385,106,105,legacy,1138119477645677312,123533999999999995000,1131315536425660393,0,38375305166684467,38375305166684467,0
1,1215,2022-10-27T02:00:11.000Z,15836283,0x044157eed01cdc2a627973361aed94fbbeb609df4bac1c7d9ead1823b47adc20,0x43153b4fc82b1e4443119c3c552c825438b22bbbe537857e48fcd350fc92c093,226,225,legacy,1168403706337945000,123533999999999995000,1131315536425660393,0,38375305166684467,38375305166684467,0
1,1216,2022-10-28T02:00:11.000Z,15843441,0xfc527534d70ea1f0297ab524b2e63176fad2b77db2acaf4727eb8f38ff51c92d,0x6d04ebcc21befbe2d0a817fda58bd38f76667cda79ddefdeb90a7ffc374aafce,143,142,legacy,1143109059854380937,123533999999999995000,1131315536425660393,0,38375305166684467,38375305166684467,0
1,1217,2022-10-29T02:00:11.000Z,15850598,0xa69af51f2e39a8d2b3b17bad9fa960a189b90bed3c8514b9d012221c3d65c99b,0x1786723a5105c6f612c4bde8da4af7f802413342d1611bea66f9c3278f1594c5,134,133,legacy,1153071633499056700,123533999999999995000,1131315536425660393,0,38375305166684467,38375305166684467,0
1,1218,2022-10-30T02:00:11.000Z,15857748,0xca9dc016c81f451020dfc257df8facaae904bb041925c1314d73bbd875cdc838,0x984fc7691a40c778972564952301fa8247821d7819fdc861ee296e011e0ad23f,59,58,legacy,1181617392417812100,123719333333332997427,1133012805836649929,0,38375305166684467,38375305166684467,0
1,1219,2022-10-31T02:00:11.000Z,15864915,0xde40f7e23bcc44525b55c97309e1be4b32a48f842c5f074d25c55087d03164df,0x3c3573608f728ba881ff69f166c57c7256c547d4a08cbd05aec6987d7cf14813,253,252,legacy,1135635835714994048,123719333333332997427,1133012805836649929,0,38375305166684467,38375305166684467,0
1,1220,2022-11-01T02:00:11.000Z,15872078,0x399a65a7eae61cdb9ce11bef481d565f4af69d69087598bd53a1b71cb0c9cf05,0x47be89f9174c7bcd13fab7d420ca21dfd7fe6bf87fe049d88bd1f4ff5a2d2a8c,879,878,legacy,1131043201122436096,123719333333332997427,1133012805836649929,0,38375305166684467,38375305166684467,0
1,1221,2022-11-02T02:00:11.000Z,15879213,0x1823f663d4a1495c28a006cc83279e77ee67fefa1f361790bdab003ccf4a2e04,0x4f3e66a6d09fb231c7f632595395f28c677b9b2023358c7cee7d65e520e3dcc7,130,129,legacy,1131321541071755648,123719333333332997427,1133012805836649929,0,38375305166684467,38375305166684467,0
1,1222,2022-11-03T02:00:11.000Z,15886370,0xc27c19ca25d1af7eae17ba5ca875f6029250fe6e54a130918f2139efe5c854cb,0xbfa3933c4084b1f1a1bd17766813db889712ff9f4d10298326d13450f176713a,156,155,legacy,1120969692693865250,123719333333333338488,1133012805836653052,0,38375305166684467,38375305166684467,0
1,1223,2022-11-04T02:00:11.000Z,15893527,0x5d63a0e7fd851081df3acff129528d0d46754989487e5fda64d6a774345d733b,0x78ba1bb9816782b4a04953ee751026d65cd0ed5754703bc49a72b635535061b2,156,155,legacy,1115518145733538794,123719333333333338488,1133012805836653052,0,38375305166684467,38375305166684467,0
1,1224,2022-11-05T02:00:11.000Z,15900692,0xec9bc88aabfa03e7080f6e8fdc7b4f507f815abb2e633bbe8cdab6319c3c8c99,0x2c10fc0fdbcda4c7805c84a58d271bf5ec299dfa3caacfafd754e7522e6d5bb5,181,180,legacy,1163783528716952550,123719333333333338488,1133012805836653052,0,38375305166684467,38375305166684467,0
1,1225,2022-11-06T02:00:11.000Z,15907851,0xd4a3bbf67185450e99b5f426c203da92cfaad370575f02fc1fc4cd58d083e34f,0x2e080ddfce2ee35e5f861460a9bc12d61cc5e68d3154af135424b7de60eb12b1,188,187,legacy,1186438211773133568,123719333333333338488,1133012805836653052,0,38375305166684467,38375305166684467,0
1,1226,2022-11-07T02:00:11.000Z,15915019,0x8324e8dc36efabe45f8a481c7b025a4439892dbfdd1864bc1bde8c23157077e8,0x8b0883d2d9ed8c28966e3392d22171439f019b24dfba0be2369900dc3f6b7e07,362,361,legacy,1174191429390901504,123719333333333338488,1133012805836653052,0,38375305166684467,38375305166684467,0
1,1227,2022-11-08T02:00:11.000Z,15922185,0xf3049538f522976d75bddb720d7ba20518b3741adffbeb810f4d47fd4651fd00,0xdb181a009674cdb95c8831bc75f82416805809a711f4f94545995adee5d59587,257,256,legacy,1126954638653943600,123719333333333338488,1133012805836653052,0,38375305166684467,38375305166684467,0
1,1228,2022-11-09T02:00:11.000Z,15929352,0x531ef9461e2ee53e5042ceab02e8829e49381290df072577250b13455439b27c,0x51b1f42d5b50747130f95d35493d30a24ba7da04578ddced2d5ac8878ecf9843,298,297,legacy,1022273089541392000,123719333333333338488,1133012805836653052,-372878590210643,38002426576473824,38375305166684467,-0.97166286649977617
1,1229,2022-11-10T02:00:11.000Z,15936497,0x06a49c4ed5fcc89e839950a4265e6be754a2d788855299e5a4d7200a4978ff61,0x372ba541c17153fbe3d9b393b26fbe4b8c9efffebfbb2531509d36a233a3c782,72,71,legacy,902735119999168778,123719333333333338488,1133012805836653052,-771152482562880,37231274093910944,38002426576473824,-2.029219057922679198
1,1230,2022-11-11T02:00:11.000Z,15943656,0x04a408e109ca9d1dec019135c02998d9ffc762a67ee4a0f5888a923b963f2437,0x45dc4f1415461ed3247f06bea6d6a65b148e274d23af403b0414ba0088cb476d,431,430,legacy,928851299551619600,123719333333333338488,1133012805836653052,-677849613354439,36553424480556505,37231274093910944,-1.820645760455721658
1,1231,2022-11-12T02:00:11.000Z,15950812,0xae1fd82aaf437dba79b380d324f6a555f90fd374051e2b0defc79adf2c0594cd,0xfad066f0338e9442aca7d287ec1669619f6c7169afaed0250d3a305f3097e7a4,457,456,legacy,976714378442948352,123719333333333338488,1133012805836653052,-511281856365987,36042142624190518,36553424480556505,-1.398724917382085526
1,1232,2022-11-13T02:00:11.000Z,15957978,0x5f350c324c6dab03096894c3991f4eddb5bf73effbace70b30ce9ab7a7ee221e,0x6a01a4319388a58240f45672ab76d5d9b14c333337787859d3cec9af5bc5d3a7,114,113,legacy,948368812336216800,123719333333333338488,1133012805836653052,-580430276549627,35461712347640891,36042142624190518,-1.610421118971039722
1,1233,2022-11-14T02:00:11.000Z,15965149,0xc82f9e73d0b1ac0c9b11a2afcc4f86ea0596dd03fc1e7c7395fb67b2e11fb0c2,0x8a36e43a561662f3b435e3d09dbfa589cea82db7f00f5c2520db716b85822f15,233,232,legacy,976409765765857800,123719333333333338488,1133012805836653052,-496011806736813,34965700540904078,35461712347640891,-1.39872491738208588
1,1234,2022-11-15T02:00:11.000Z,15972314,0x8fac2a291de6b980eaf9f508baa8c29d17b83a2b25c971efbe7f66a227a50705,0xa833f5632d67af258a9ce7d692cebcb2ea7266232ae8bbfc0015ded823ac1f41,205,204,legacy,1200254463378322850,123719333333333338488,1133012805836653052,189161826778530,35154862367682608,34965700540904078,0.540992526539664191
1,1235,2022-11-16T02:00:11.000Z,15979467,0x1980f37e73b68fd476a2350e9e66c32afcf18b50dea48438f2d312d8a1d7f739,0xe2348b5d27196c8e241502a24d6548b5d3ffa1bd3f51615e71800490d8154278,190,189,legacy,1111269246083285000,123719333333333338488,1133012805836653052,0,35154862367682608,35154862367682608,0
1,1236,2022-11-17T02:00:11.000Z,15986617,0x9d5d5a7477a0d54ffef4fa006c05b88e3b690c1092b2d10bfa035c094e1b61a1,0xc1d24f1cc6fa4b26578ccf886f08e1dd4ea2fd8336effa69ac97f9b026a43ff8,186,185,legacy,1034923856378338850,123719333333333338488,1133012805836653052,-303833750645319,34851028617037289,35154862367682608,-0.864272337258897304
1,1237,2022-11-18T02:00:11.000Z,15993774,0x96aed21c5fd6024e2f3d193fe8bc429e719c1fa0ae9eb3341de8ee0f41e01100,0x9638dee05227f9476daac7cd7b34d33c6883eab7394bab32d6a1683b5a32156e,163,162,legacy,1051563915268254900,123719333333333338488,1133012805836653052,-226152626913282,34624875990124007,34851028617037289,-0.648912344592104602
1,1238,2022-11-19T02:00:11.000Z,16000937,0xa4e232fc00e621e56aea8dedef9de0a9cc6f00008a8cf761ac0eceabc00a18ab,0xc4e851dc01c6bb09a52c7586c9933816ea0a182529068be0cffbf3aa5f071a64,158,157,legacy,1066297406530557440,123719333333333338488,1133012805836653052,-187317991430197,34437557998693810,34624875990124007,-0.54099252653966294
1,1239,2022-11-20T02:00:11.000Z,16008103,0xda489872950342e0f028c2c9fc939574263c3f547020e16c41804d9ceb9eb78b,0x15463dac8e91fa4a75f1f8c0269a1313d2d7d3a864acf4c5eb5382906b570d21,222,221,legacy,1050329184264801664,123719333333333338488,1133012805836653052,-260582314664822,34176975684028988,34437557998693810,-0.756680583085205072
1,1240,2022-11-21T02:00:23.000Z,16015264,0xb2bcee08cfa82b4f1d9f8574bfde89c67e0cb72ad2ef65985990ff59e3b341a0,0xc0d50aa635ec83fde7069c165eb92722cc3d716d5b1bb797ff1a0281f7b12be8,186,185,legacy,1021372875203396864,123719333333333338488,1133012805836653052,-332084981614368,33844890702414620,34176975684028988,-0.971662866499777489
1,1241,2022-11-22T02:00:11.000Z,16022426,0x39824c4c28dc3d5674f5c91cf4bcf524e66ebf87e7d075f7a8cfdf6890a4fab4,0xcdf4eff6794a19b71bbb6d1c7d78f263b7475e4d8aedb011d1ac6cb449d15de1,91,90,legacy,1001609482367904256,123719333333333338488,1133012805836653052,-401313166223652,33443577536190968,33844890702414620,-1.185742243200746488
1,1242,2022-11-23T02:00:11.000Z,16029575,0x84e7fadc93b3f2164ee225c5ba35ca3902e397dd596b617129e12616af50c5ab,0x672de2193a9d1c2d9848821ee21248d88152431aee0cd4c77086adc020694f6f,145,144,legacy,982480879495138650,123719333333333338488,1133012805836653052,-432218987246056,33011358548944912,33443577536190968,-1.292382630950083661
1,1243,2022-11-24T02:00:11.000Z,16036714,0x43c79068e566521d750936bbc72d718ab289df10f305766dfbeaf51d031844a9,0xfa22b00b3f0c8dff3d966bbee3f110a5d85a7265cd3414cddff1efdf5c9a29a8,110,109,legacy,1015836753431363968,123719333333333338488,1133012805836653052,-320759112747197,32690599436197715,33011358548944912,-0.971662866499776024
1,1244,2022-11-25T02:00:11.000Z,16043879,0x6bb64910081ddfef45eb4b751e3d0ee2d5942980c4e7395e1e4760fddaaf4f2a,0xbeb86b5482eae5e1e579eb9466c904474c5e68164faca0537708c2aed719fc1a,99,98,legacy,1047306693763126784,123719333333333338488,1133012805836653052,-247363418427870,32443236017769845,32690599436197715,-0.756680583085206198
1,1245,2022-11-26T02:00:11.000Z,16051037,0x7dd4c3dfa08aae13f08e8aa310b7de93abfa4ae0bc264e0a8b4271760b67d0da,0x13f9227278949824a6218357ca089a7f2a6b9fb113f593fd1d9ac3e5db9c8745,131,130,legacy,1036587303180290000,123719333333333338488,1133012805836653052,-280397914213200,32162838103556645,32443236017769845,-0.864272337258897803
1,1246,2022-11-27T02:00:11.000Z,16058191,0xc8aefb2adc3e679f82f0b5dd01e13a6ba69a293b18797cf5be880ddf05a27e0f,0x358179a88cedd29112075ba4e6af95bf6511a7bc308b20c2e6463ab1fb2cfbb9,82,81,legacy,1033168647810878750,123719333333333338488,1133012805836653052,-277974512606404,31884863590950241,32162838103556645,-0.86427233725889663
1,1247,2022-11-28T02:00:11.000Z,16065353,0x37421566a4a69c3caa73f9323c617b6229850ed1ba68702acdfbecde57991fbc,0xf0697d034663024aabb4aac56e56d0660619bf67bf754f66e5a8fcb92b6bc0c2,330,329,legacy,1026544529990371072,123719333333333338488,1133012805836653052,-309813379547371,31575050211402870,31884863590950241,-0.971662866499777492
1,1248,2022-11-29T02:00:11.000Z,16072525,0x77f8fccba00756a35500aee4d0875a7d5d7eaced099521b614c32ed530154178,0x691541ca4eaa8a873df3d035e2b657cb7ea034dd3584c36d2bdf6e6e65949e1d,222,221,legacy,1010004000822557696,123719333333333338488,1133012805836653052,-340640361717551,31234409849685319,31575050211402870,-1.078827616858495728
1,1249,2022-11-30T02:00:11.000Z,16079679,0xfbac9e69cba32765b473f7e5aa6b42b6a324c5b45351ae23dbe5a44709a2f79a,0x5fef3d2306677972ba371026c7e4024f0be11701e1f23fdeffd05fcdfdd077b8,36,35,legacy,1020791860458712704,123719333333333338488,1133012805836653052,-303493162079741,30930916687605578,31234409849685319,-0.97166286649977681
1,1250,2022-12-01T02:00:11.000Z,16086829,0x4aeb1320f725b01cafc3bf1bea145ffa0059e8a3178446abf01cf8ac789684f5,0xa1b0a15198518481c8c9bb5845b9c935a9acbf4c5bd0e8aeb1fa3d45bafe67d0,104,103,legacy,1050497248963434800,123719333333333338488,1133012805836653052,-200714536681372,30730202150924206,30930916687605578,-0.648912344592104942
1,1251,2022-12-02T02:00:11.000Z,16093995,0xcd82939843c55e5b014be2206f90f1f8d7b41d92166041066246cfbd54913b6b,0x91e7c4f620a5f78511424a2fc0ed5ab4ccc23e533be036331e01a87645f3829a,222,221,legacy,1114252178241099650,123719333333333338488,1133012805836653052,0,30730202150924206,30730202150924206,0
1,1252,2022-12-03T02:00:11.000Z,16101162,0x0ef536a7eb5c3c22186364d1b5c98561f149dc797cfa356bba7f961bf9eddb03,0xcbe0b3565b7a7f7e41e40ac9b265f423712054d4e660cddff24042a7f76c5902,143,142,legacy,1127085557049609216,124131333333333330000,1136785872369003357,0,30730202150924206,30730202150924206,0
1,1253,2022-12-04T02:00:11.000Z,16108324,0x19ce2b62e80c9aa1bd83cd433ab0bc61694b69b15f8d3f6866a1b09dfc64175e,0x27ca468d9730f1b16ba7ac15c72bd3054d3f8b4b0789849a6a0daeba43db7d55,113,112,legacy,1105996057657480716,124131333333333330000,1136785872369003357,0,30730202150924206,30730202150924206,0
1,1254,2022-12-05T02:00:11.000Z,16115477,0xee1effa0c2decc178d981fce0ae87f0922faff2b704895d85a1f55a731353bd4,0x9030bf951b89ea543a4901fc5b304550419bd8070a3ed42d0d0b2e3bef07b045,170,169,legacy,1107094618325459364,124131333333333330000,1136785872369003357,0,30730202150924206,30730202150924206,0
1,1255,2022-12-06T02:00:11.000Z,16122623,0x8f447a735af34f8628025289157e3ff3f442fcecc75013b61ae4374bf24d65e0,0x3b5d33438163549c10dbe0c3f96df390722eeaf6112d94bcdcc665fabe69a66a,145,144,legacy,1140350966727431300,124131333333333330000,1136785872369003357,0,30730202150924206,30730202150924206,0
1,1256,2022-12-07T02:00:11.000Z,16129785,0x1ba5852a35c3867b5e2d8f0e376c4fffd73b0cfb71addb552edd1d78ea8f1c3d,0x8086a4c164935bfa408b1a5c129d4a70be7e3169ca9550bca40848af66ef1b08,60,59,legacy,1144541965136599808,124131333333333330000,1136785872369003357,0,30730202150924206,30730202150924206,0
1,1257,2022-12-08T02:00:11.000Z,16136867,0xcc45f3fda5fa5e49b9c0bb5bc81190419c3d16cf7bd342bcf6c9b2f038d9f866,0x3f5659de603cb4a425039b7b7110a3994a13364a6dfec87652d45edd1e5da883,136,135,legacy,1211909449424973350,124131333333333330000,1136785872369003357,199412075275456,30929614226199662,30730202150924206,0.648912344592105825
1,1258,2022-12-09T02:00:11.000Z,16144030,0x9b077ec51c2f8d000ebfe3b429bc2aff1aaba6f8baeccba19e5c81882a95a890,0x4c80b70d7e5286d43487680065dc35003a65a748800bfbf7c1c9b50308ebd1cd,155,154,legacy,1600672998448572416,124131333333333330000,1136785872369003357,1233903173714242,32163517399913904,30929614226199662,3.989390765401254515
1,1259,2022-12-10T02:00:11.000Z,16151178,0xf1218bb7c42e6c75f1827c9b5a1c2540d5246d6753f4d2e5765febf07cb035bc,0x55dcdfa7afad70a42166691dff745f8199ed8acc7a6f68a8ecbcce87a6542552,62,61,legacy,1768995044062679700,124131333333333330000,1136785872369003357,1667035065143053,33830552465056957,32163517399913904,5.182999870367148822
1,1260,2022-12-11T02:00:11.000Z,16158345,0xe19aa2d6e41f87dc4f5cea6ccd40e84087c111a7d6e00d23a5543f98b5a15bf1,0x89c9265a3f5159c07a2acc054ddb2b2cdfdf45d2ab27e962b2553d2dffada177,189,188,legacy,1697435222086320896,124131333333333330000,1136785872369003357,1587292466717567,35417844931774524,33830552465056957,4.691890468998566618
1,1261,2022-12-12T02:00:11.000Z,16165503,0xac6764059f87c4ed5a7095b9944ea05d2e3b2b2485279617eb115ece9f8d5739,0xd4a274d6543d62d81647846d6956d5391a4f07fe9a20e24f3a6e861e9e79dcd2,228,227,legacy,1539807553682764544,124131333333333330000,1136785872369003357,1248289302441137,36666134234215661,35417844931774524,3.524464305622545778
1,1262,2022-12-13T02:00:11.000Z,16172657,0x51acbf4a6f9cd36e6843112b05ade3f6f97a24b692374c53d9ae18b85c522d3f,0xba13f722ea52cf1d71be077e263a0cbde3f270f80781b44994d347324ae86d1d,166,165,legacy,1480862886807264600,124131333333333330208,1136785872369003359,1115187139229504,37781321373445165,36666134234215661,3.041463635369684304
1,1263,2022-12-14T02:00:11.000Z,16179811,0xa47b7e158d7a72d0a227d4820aabeeb43eae452d27b5698b7dab09ffe681b0f6,0xddd7fed3cda99ce7d17e5ce3a0ab1d297b41d1ba655ac743d9902672c078e8ed,234,233,legacy,1263373046128045568,124131333333333330208,1136785872369003359,407595328990788,38188916702435953,37781321373445165,1.078827616858495832
1,1264,2022-12-15T02:00:11.000Z,16186972,0x64b518a76f987ccb3e02ecb405d13c7dfefcf0010fc49027daf8ddb13a64d3ba,0x31930857613049279e3a99673db4a019450e9dc54f1283102ff49167c3a19b07,260,259,legacy,1268327504739723008,124131333333333330208,1136785872369003359,452822117561529,38641738819997482,38188916702435953,1.185742243200747499
1,1265,2022-12-16T02:00:11.000Z,16194133,0xa9dc23ce2264685d2676006a2a8dfff010e35cb1fdd23bb5a60856081b62cf92,0x77b0bca2ecc809d29abef4d9dec661efc4085773912eb1f00bff0e72bf03a89d,183,182,legacy,1239115059422185472,124131333333333330208,1136785872369003359,333969859257071,38975708679254553,38641738819997482,0.864272337258897611
1,1266,2022-12-17T02:00:11.000Z,16201291,0xacaafe5008fcb3d7c0867a25d3416e9f7634145cabc1356cc2dc728665cdd91f,0xd9fa26fc18d9c213693c432c1e5b28cb94f2ef12fb2a026ebea12cec056c2ddd,306,305,legacy,1143074550145631616,124131333333333330000,1136785872369003357,0,38975708679254553,38975708679254553,0
1,1267,2022-12-18T02:00:11.000Z,16208454,0xe0af0eaa34c5a44b803e74462f0291a8f7b8d22b526633cccb99b2737a1c4fad,0x7b3839d2026cd824608b2ab08c7c8d686c70a732fb5c813dba64813cc2dab1ec,146,145,legacy,1072824011707140200,124131333333333330000,1136785872369003357,-210855671120638,38764853008133915,38975708679254553,-0.540992526539663197
1,1268,2022-12-19T02:00:11.000Z,16215613,0x9e63eb355ad150fa783cb0b85e4b3043ce551014fbab897a6830ec615e0aec48,0x9c8ba67615d198e81c83424108c68b84d88327a51144b4344bb1e461a453fbf9,119,118,legacy,1093899869064363520,124131333333333330000,1136785872369003357,0,38764853008133915,38764853008133915,0
1,1269,2022-12-20T02:00:11.000Z,16222780,0xa209de39de806b2c4f7fbe6262cac7c8b591e4bbb5c98492ee3dd9aecfc24302,0x2394f850491dcd1123452de030390123799a57fd4ef60a64b827826fb98891c1,208,207,legacy,1083861204690822250,124131333333333330000,1136785872369003357,0,38764853008133915,38764853008133915,0
1,1270,2022-12-21T02:00:11.000Z,16229950,0x64029725016ca7168350a5136e09a086b1f7bc35444d67c02e19d758f3a27e3d,0xe9e0c8a3bc78bcf60bc858328634da55561553076e360abc6594ba828b7ce768,218,217,legacy,1068791195666596736,124131333333333330000,1136785872369003357,-209714957698091,38555138050435824,38764853008133915,-0.540992526539665009
1,1271,2022-12-22T02:00:11.000Z,16237112,0x0b4a7fd98938688bd286c7678fe0de8ccd4deea5f8093ae4eaa1750c1b4906ce,0x403e40e71b96993e6b6e52d6d172c669718c15fed231b62ed770242c339e8398,259,258,legacy,1074274910332914800,124131333333333330000,1136785872369003357,-208580415449908,38346557634985916,38555138050435824,-0.540992526539663692
1,1272,2022-12-23T02:00:11.000Z,16244288,0xd1c1f859e6e76e0391485e4a24c8ea4173645c3e82ad4062f5fff7a3f7772f6f,0xdd745cd928743d10fb578b50d915aac677f542ffb2e91c3515f2f98703a3cce5,101,100,legacy,1089453664089729750,124131333333333330000,1136785872369003357,0,38346557634985916,38346557634985916,0
1,1273,2022-12-24T02:00:11.000Z,16251470,0x4ba02afe41c9ea7bbd6190bdabcbf1c88f507720d479094dd8993a4cb51f5dad,0x8129724cf66c5d76b3b482b59a6572b885fdcc1f0267ec9dcb679f2f0cab0db3,342,341,legacy,1091476067351665280,124131333333333330000,1136785872369003357,0,38346557634985916,38346557634985916,0
1,1274,2022-12-25T02:00:11.000Z,16258636,0x1816ad8eca5264dc9db5d0773cc5959c58725f3d0e9bead08a3de3981329727c,0x363fb606d727454df696d228f07ae5c187fab80b522a4fd4a0b892f3dee3a2dc,214,213,legacy,1151404676394615950,124131333333333330000,1136785872369003357,0,38346557634985916,38346557634985916,0
1,1275,2022-12-26T02:00:11.000Z,16265803,0xf7f8d7ef57c0772f78c1806080f6cbcf2a9dcf62627de4eb3076132c3c213719,0x465556012dfade8992958b944ecb8746a92c9a2cdabf79ca4cc22bd0223946ae,159,158,legacy,1232894662146136064,124131333333333330000,1136785872369003357,331418689930223,38677976324916139,38346557634985916,0.864272337258897539
1,1276,2022-12-27T02:00:11.000Z,16272961,0xa2a979ba5a022ba57d19468c9233b663a7edbbe1ab101b826b19e95d7248537e,0x1ad4936d34497e5abac63ccdd9a3d419dff28942b24d49af4b16101d3c4dcc52,170,169,legacy,1325686302898028032,124131333333333330000,1136785872369003357,622878299127069,39300854624043208,38677976324916139,1.6104211189710415
1,1277,2022-12-28T02:00:11.000Z,16280124,0xa10c3df8cbcb5d576d4c78100c453160403df3e919d78c5d7367e0e746b3ba09,0xeb18ae6bfb0e30b70714105d0f8790e36ef66e1003e4693753ddfb8673d56350,186,185,legacy,1426098467049715000,124131333333333330000,1136785872369003357,999146563846150,40300001187889358,39300854624043208,2.542302383508217528
1,1278,2022-12-29T02:00:11.000Z,16287292,0x92d115aa4763572a268429d4a0e28327a513b02a021ef7117d60f72a6c93d2dc,0xc7e3c52b748de8109b752b15b4d57afec672db8b4944a1275a1369fca87b1189,162,161,legacy,1386718717550001408,124131333333333330000,1136785872369003357,901094772739941,41201095960629299,40300001187889358,2.235967112107011481
1,1279,2022-12-30T02:00:11.000Z,16294458,0x6f0db3de9d26940a302eb181baf7b6a0d0d855a487360d92a9ef150848a1782c,0x2cb57f4ee9683b7c1090dffb1984dc53eb7f5dbf1fa758d9cba7bd6c14f5f75d,207,206,legacy,1253320025889601900,124506000000000000227,1140217042904894837,400335750040375,41601431710669674,41201095960629299,0.971662866499778262
1,1280,2022-12-31T02:00:11.000Z,16301624,0x28e4dae65c15527c1878b915963735ab5bf9e74ff081cf45a13daf2c45987142,0x126f0be0c52853dc7ddad46d8152564f34d2dac288ee24c1208fe469f707f57b,173,172,legacy,1276938618998633250,124506000000000000227,1140217042904894837,493285749569722,42094717460239396,41601431710669674,1.185742243200748228
1,1281,2023-01-01T02:00:11.000Z,16308787,0x7b9df65e23589236e9b7e13bd0845764ea348059ecc175c46dc45f34eb8b9a3b,0x310a68ca60d98aeb3d6934589402c5cbfb645a95a28760269f5605ca96245dbd,199,198,legacy,1287975393364595950,124506000000000000227,1140217042904894837,544024817003647,42638742277243043,42094717460239396,1.292382630950085696
1,1282,2023-01-02T02:00:11.000Z,16315962,0x569ae54423f6c54a3f5a535c3704e7d56fb7d52082a4fb2fe910be42ee872d7e,0x49f8959e6d3ab195d6b3e4ce0f7ce93f87a5cc21d4a63f90bd22e8025ada3d6a,459,458,legacy,1352013713303192064,124506000000000000227,1140217042904894837,776300453582267,43415042730825310,42638742277243043,1.820645760455721914
1,1283,2023-01-03T02:00:11.000Z,16323129,0x6933fd25e757ea4dc83b06bdb9690f143fe14eda1394225f2afbac7b40a07cdb,0x1029098e63b11ee237e91df2d21a989d4254ecb9e669b80777ae4dd204618cdd,230,229,legacy,1415191940587032550,124506000000000000227,1140217042904894837,1059640692770302,44474683423595612,43415042730825310,2.440722445766342042
1,1284,2023-01-04T02:00:11.000Z,16330298,0xc50771f80868727d705cba4c1ea14e27a062318fa96dddf535847ec883f780db,0xe6432286e3631204e4d6268558031edf08165b44ba35786aa320a332050f297d,533,532,legacy,1376250482006595600,124506000000000000227,1140217042904894837,902488751982381,45377172175577993,44474683423595612,2.029219057922679545
1,1285,2023-01-05T02:00:11.000Z,16337467,0x1002ee5be856b2aefb733e43fd5864ea75c3712d6b7aa7f731948c57d46b7f3e,0x1741601344b3bf2ad4755709d15223ec07402a04e8447c0b6260c78d24ac738c,315,314,legacy,1309492813855635350,124506000000000000227,1140217042904894837,682810961980068,46059983137558061,45377172175577993,1.504745512430933398
1,1286,2023-01-06T02:00:11.000Z,16344622,0xd89c53f18993f8b19e52cbd5746c6e62966c5c957ff3185fab0404bdcc8c1455,0xd0b65d0ac5407c9ce4694ba272becb9afce48c1c5fc1b731895579f3b6c63a97,194,193,legacy,1368804966073991650,124506000000000000227,1140217042904894837,934657955903301,46994641093461362,46059983137558061,2.029219057922680107
1,1287,2023-01-07T02:00:11.000Z,16351783,0xf8116dc54e47c7d3a35a196a436f920b3b448c9b0e2311fbfb0b2e8d80158e62,0xfa8ed15fa1a87d638fd8dfe374a0f0fcc37689ac2ed10b1c8ae7b4fffb4a911d,190,189,legacy,1395881788222825100,124506000000000000227,1140217042904894837,1050784719302523,48045425812763885,46994641093461362,2.235967112107011697
1,1288,2023-01-08T02:00:11.000Z,16358945,0xd4f083fd55e41f579b5b9f499a0c32d5fb8f8c7f2c49074900c2018786d17806,0xdf5b9286e2d61a71fbabfcf5494a2c04a357cf4844091bb461c475a251632191,146,145,legacy,1553158849212052000,124506000000000000227,1140217042904894837,1693343883255224,49738769696019109,48045425812763885,3.524464305622545714
1,1289,2023-01-09T02:00:11.000Z,16366112,0x229883bcbef9928589074b03c25faabda44855697601b270294bc54fb47bcf93,0xa25507cd9c04ea3ab09037410ce6b22ab9c89603f269728dee3640eb5fd65aca,312,311,legacy,1569894345051557120,124506000000000000227,1140217042904894837,1846651073461784,51585420769480893,49738769696019109,3.712699539509483528
1,1290,2023-01-10T02:00:11.000Z,16373276,0xf6e5f707b41493b5ad5c1833c8beab29f29a2a612e3d5ca791da5193f657d91a,0x90ea773910f2d433ad8c8c676d29be46583dbbed9f2bbdc2c27cd45172ae878a,192,191,legacy,1610902375226256128,124506000000000000227,1140217042904894837,2057944012471051,53643364781951944,51585420769480893,3.989390765401253519
1,1291,2023-01-11T02:00:11.000Z,16380444,0xefb9749d0815095656136a873a93cd8cc30278e579aac65cb7cb0392f89543c5,0xaf12911e1bc374cbc70b80e8f57f03d2a21be4c5c30fc7fa3207333a5d958eff,232,231,legacy,1516974961731825920,124506000000000000227,1140217042904894837,1736284375938568,55379649157890512,53643364781951944,3.236717873675837453
1,1292,2023-01-12T02:00:11.000Z,16387596,0x2c0be4506a85ba45dab8970b759947b2f744be479595b8de32a1bad6909576a4,0x7db2d666e84c6b2cce7f978c81212e2f7eb9090f00e581ee7cac44f05c6989a7,345,344,legacy,1373939046039365150,124506000000000000227,1140217042904894837,1123774394922631,56503423552813143,55379649157890512,2.029219057922679574
1,1293,2023-01-13T02:00:11.000Z,16394753,0x900e151bbab238f848e3fa42e79436314c1980d6dc365aa1f2ed44b5f7440388,0x00291e84e1ac48e70bf72109ea1934137a34a4b3fc2b93da22dd1afdff3dc560,734,733,legacy,1337398964044517376,124506000000000000227,1140217042904894837,969445484063999,57472869036877142,56503423552813143,1.715728752538098369
1,1294,2023-01-14T02:00:11.000Z,16401913,0x61a3b1a7ea1999d84fa895d680b8260d1576a3196395ec8cb5b72de1a7ca02be,0xb640121574592e23a4d1f8d11abcd61291691b9bef76802914471abb3f1d1399,342,341,legacy,1240669401868911872,124506000000000000227,1140217042904894837,496722108514763,57969591145391905,57472869036877142,0.864272337258896998
1,1295,2023-01-15T02:00:11.000Z,16409083,0x8b01e401e6ce157c9891945cd7fce731a48e7b687910eeb925e76825981092c0,0xf8966ed74108fd62a3111ef517480eec114386871f7dd02f4071ee4deb2a8c70,89,88,legacy,1207106312329985200,124506000000000000227,1140217042904894837,313611155762169,58283202301154074,57969591145391905,0.540992526539663976
1,1296,2023-01-16T02:00:11.000Z,16416229,0x415025e24250cece0f20efef94e5ec3ab00487388b8ad13f8b61ca00159cca24,0x579f7c5c0c5d55992e43779fa5c36364bb3d5d298ba3d0be2032cf9b799a0c47,327,326,legacy,1245621813728834048,124506000000000000227,1140217042904894837,503725594757516,58786927895911590,58283202301154074,0.864272337258897762
1,1297,2023-01-17T02:00:11.000Z,16423388,0xd82d4670feebe307866c3b49b0b999d860403b9481ebdeb8f9440838020be9f7,0x5416334081eba9abd72a82694bdbef85865ce5b4a941b58e817d6e88e2121dea,304,303,legacy,1262231822090973700,124506000000000000227,1140217042904894837,634209613243785,59421137509155375,58786927895911590,1.078827616858495332
1,1298,2023-01-18T02:00:11.000Z,16430561,0x9e8c3274d8e9f73fcecf777ca17200d8d2337b0a8bb96f13600efbd1d5341aea,0x00763066257895637a6867ad078af5d4239dd046b9dc5f2861d783508d2694fa,371,370,legacy,1262841380941439500,124506000000000000227,1140217042904894837,641051641700231,60062189150855606,59421137509155375,1.078827616858496332
1,1299,2023-01-19T02:00:11.000Z,16437729,0xaf69d81bcd89d0a0f88a7fb42ad1dbef8c27e350f5fd4e826aac75b9397feeb5,0x43cb8adbfcd53e2deaf880bfa0c5bffcf012bda80588269bd884b71a119d24a1,228,227,legacy,1267077636475278800,124506000000000000227,1140217042904894837,647967483849218,60710156634704824,60062189150855606,1.07882761685849655
1,1300,2023-01-20T02:00:11.000Z,16444887,0x3d43141429402b8d5c2f2c2ecbf3a3c8275c6bfc668c575890bbdb31a2972df0,0xe2d962c86fd3e84f81d5b789068ddfdbe70290cbc8666311097ae3b0ed0a5f46,210,209,legacy,1101541315096973300,124506000000000000227,1140217042904894837,0,60710156634704824,60710156634704824,0
1,1301,2023-01-21T02:00:11.000Z,16452054,0x40cd22aaa39b4ac29c00d3d5dc7d65d5aafcbcb5c970c80d5d49235f4cc0334d,0x1cafdd0b1af5e233b5a81f2d07717a45f41cfcbb94458da25156c815fc7739f8,367,366,legacy,1065278994050416384,124506000000000000227,1140217042904894837,-393955700823803,60316200933881021,60710156634704824,-0.648912344592105883
1,1302,2023-01-22T02:00:11.000Z,16459219,0xd035b2368a9d103ea082079b90f0f1d38b7a92938dff7696ee95fb5512c6fce5,0xe023f46a1b7fda98d8d67dc71dfa3a6cfa387597d69cc289adad1f6555c58881,85,84,legacy,1104196104824223872,124506000000000000227,1140217042904894837,0,60316200933881021,60316200933881021,0
1,1303,2023-01-23T02:00:11.000Z,16466376,0x80f2fe87efb41c81705cf4e10695e768055d941744e98ae97c18f876a63378e3,0xb397023247656f78e704cd69da27f90267f14a920047af7b646bda4b6e474eb5,150,149,legacy,1096641057108992640,124506000000000000227,1140217042904894837,0,60316200933881021,60316200933881021,0
1,1304,2023-01-24T02:00:11.000Z,16473545,0xaddfae287315d242874845cb449eaf014768656264f2ff8960bf1c883df290b4,0xb7f1d7fa1d17f2a4ca65bd4e1a6ab50ea235a38ddcbe99cc19a5843a00d55a79,355,354,legacy,1070041542389709650,124506000000000000227,1140217042904894837,-326306139344944,59989894794536077,60316200933881021,-0.540992526539665081
1,1305,2023-01-25T02:00:11.000Z,16480712,0x05f255a86fd05ab5e51e1923ae5e7fd82e83b5685d229802cde1c1531d6a325e,0x90e9b1c0a50072e5d69d16c2e43a06f8efe7feb264fb8626abceaf818410a921,314,313,legacy,1029683778424033358,124506000000000000227,1140217042904894837,-582899531370790,59406995263165287,59989894794536077,-0.97166286649977741
1,1306,2023-01-26T02:00:11.000Z,16487868,0xc249f60e81ba4a2e8ea2487789245213784e1ae8ba4cacfd17c7913e57b7ab64,0x23fb602e582e0057ee8466cff2c8df3b5d733a9e5c659a3c25c45867d0f694eb,177,176,legacy,975614000000000000,124506000000000000227,1140217042904894837,-830940445413889,58576054817751398,59406995263165287,-1.398724917382087003
1,1307,2023-01-27T02:00:11.000Z,16495034,0x5062070150aba6f71a0cbfa2de10696346842c4a10c6602e8b11a915216fe84c,0xb395a5f5dc03dddb854d8bae1fb901316b2f39a0ed1a2d2a3bdf2ab078cc9754,316,315,legacy,986010000000000000,124506000000000000227,1140217042904894837,-757026758360420,57819028059390978,58576054817751398,-1.292382630950085794
1,1308,2023-01-28T02:00:11.000Z,16502186,0x4a7ff3da4bcbd7810e8aab49b055aeab655c82146fa303b2e3f5c1837acf1934,0x5e6822bfd07e65a30a6aae2b4d21b57fb6094ddb93e39d83daa14b7e6013dffc,331,330,legacy,1021539021099117094,124506000000000000227,1140217042904894837,-561806025424189,57257222033966789,57819028059390978,-0.97166286649977741
1,1309,2023-01-29T02:00:11.000Z,16509355,0xc6e6962078707877f14d15947b71c7933857dbbf584093fd7349bac6dda318a4,0xcf7d2593682c6bcd7cee1bdab6a4b0f0068f9557b3e5469aa350b037ed212fa8,211,210,legacy,1045329649963726600,124725333333332997654,1142225681884088000,-494858331122481,56762363702844308,57257222033966789,-0.86427233725889712
1,1310,2023-01-30T02:00:11.000Z,16516513,0xde85e3616bcc952c99b8b0922e703e4f47f0de36ec42864ec92e65bb568118c7,0x6bdb9894814d257c8475dbeeebf9fc553833ac64eacc631a3c71931ca88aeadc,1003,1002,legacy,1054681302983500934,124725333333332997654,1142225681884088000,-429509784639628,56332853918204680,56762363702844308,-0.756680583085206639
1,1311,2023-01-31T02:00:11.000Z,16523682,0xa75b72c1d2cbd5668a30e4e02802dd5a2c9f6ba8eea06dda882fa4634418275b,0x929629c2ab66eab4f64cb2c74d483887fdfe33551a7d3e003c9c2a8dd0c282d2,292,291,legacy,1008068478140386698,124725333333332997654,1142225681884088000,-667962445708721,55664891472495959,56332853918204680,-1.185742243200748646
1,1312,2023-02-01T02:00:11.000Z,16530845,0x41e0604de7d78a4fccaeed76ace47cc55c89b316742b5c47b51678e32568c7e1,0x351ffbf4ffdd1e4525976327bc11acfd2586bd58b2f7adbd30eac2e39f89dce0,202,201,legacy,1008818377204724559,124725333333332997654,1142225681884088000,-660042132821235,55004849339674724,55664891472495959,-1.185742243200747158
1,1313,2023-02-02T02:00:11.000Z,16538001,0x0c4e6024bf3cbf8fe87bc5fdd91daa72d1b4d078ea3072a19ea072daeccdec37,0x5402054d67d74587dbaeeeb3f00017fd5b4283eb284776aef6dd7cd643cbc21b,374,373,legacy,1012777313820359936,124725333333332997654,1142225681884088000,-593407505287819,54411441834386905,55004849339674724,-1.078827616858496002
1,1314,2023-02-03T02:00:11.000Z,16545142,0x05a970c95305291c86f938683b140fc48badce36372b9a51606dc2aa3f091831,0xfd4000ffd9d83aaf05d2699209eb326b3d9257604117127b59775554c6ca3de0,351,350,legacy,1062754582158203392,124725333333333324504,1142225681884090993,-353082562933890,54058359271453015,54411441834386905,-0.648912344592105862
1,1315,2023-02-04T02:00:11.000Z,16552300,0xabc96a42548b21ddc4cbec00585b194a110a115f06e3bf6f8d4412529e64d8e7,0xd10b2dd99d4ef75e46e45e2bb040aa13195415f802a2cea10f61516ede760009,392,391,legacy,1063242321139751500,124725333333333324504,1142225681884090993,-350791366596410,53707567904856605,54058359271453015,-0.648912344592106238
1,1316,2023-02-05T02:00:11.000Z,16559457,0x86f2db621e0c38873ba6aaf460e48a68ce65e516507a855279fe1cf5fd50aea4,0x27de552e80d332e52a70318a9cae71fa2d0f3bc0130a838b0d2b695b477660a2,362,361,legacy,1145000000000000000,124725333333333324504,1142225681884090993,0,53707567904856605,53707567904856605,0
1,1317,2023-02-06T02:00:11.000Z,16566620,0xc658f1a6c8b678ec7bb81a26d318aae7d805fe7f7b91080f3b0e0719abc5f919,0xd232c123b2290a322346e7a6ea1c1b9d9b97d00a7c9321845436bd7dd578edfc,145,144,legacy,1145405760433459328,124725333333333324504,1142225681884090993,0,53707567904856605,53707567904856605,0
1,1318,2023-02-07T02:00:11.000Z,16573786,0xe344355ed70be3e155c2ea11a5ba6bf6775d091a25c77d3f30042121dc2cda69,0x820612dbbd5f0a21abf0af68479bdc5a8ad1a0fac62ec43211478ba717b148d6,294,293,legacy,1142557147336728832,124725333333333324504,1142225681884090993,0,53707567904856605,53707567904856605,0
1,1319,2023-02-08T02:00:11.000Z,16580936,0x5a6336220709107cdd185bc0bffa5a7152b72554a32a87815c4f3a403fef0389,0x784a2c9059037216722a7e968b63b5c64e5785310befc0855aa756e90e4c7d59,368,367,legacy,1144590578831111936,124725333333333324504,1142225681884090993,0,53707567904856605,53707567904856605,0
1,1320,2023-02-09T02:00:11.000Z,16588076,0x431dbb2d120d7d311c2c16229cc89532e2de8b2e961e8a42dee554a4d8aa5b75,0xc42c61b210356561570c07714ca7e47540030309073cc0163028660d2f3e7d01,181,180,legacy,1160867156050216619,124725333333333324504,1142225681884090993,0,53707567904856605,53707567904856605,0
1,1321,2023-02-10T02:00:11.000Z,16595231,0xcebfb498fc921d20fb1ce3cefe8e8b2f9fd2de862077e08664cb20e2ef7e0826,0x9a04c70249ccb0f9c63245eba1cea34041ac0b05acf0aed387665345d2caa307,41,40,legacy,1068577945518809357,124725333333333324504,1142225681884090993,-348515038114803,53359052866741802,53707567904856605,-0.648912344592107084
1,1322,2023-02-11T02:00:11.000Z,16602398,0x3d2d149318b84270156a7923229eea825e6b4bc0f3c52a2054259aeb26eaf131,0xee9e23b3969060fa1d0f5f752b9de7ecc8b77f1156808c2933ff1f209f0ea6eb,178,177,legacy,1024922633542526773,124725333333333324504,1142225681884090993,-518470102622115,52840582764119687,53359052866741802,-0.971662866499777322
1,1323,2023-02-12T02:00:11.000Z,16609554,0x6a167b95dd6514f3bc619da187d2878e5481796bb64615e4db5cfc11c7329e6e,0xd2862cba13ea3ed795bde13fa4ac9ce19b3fb88f1770ae377592f4931075fbd4,286,285,legacy,1013838932274736256,124725333333333324504,1142225681884090993,-570058799768294,52270523964351393,52840582764119687,-1.078827616858496734
1,1324,2023-02-13T02:00:11.000Z,16616710,0x31ad3a3b04c7b73c586f2d2217093a799efd6a5146e32c2905f3cb36027b9321,0xeb4dcf68537593ceefa6b720345818346156095f743bc6ea65bf9b4ec47b9374,308,307,legacy,1039060003375661568,124725333333333324504,1142225681884090993,-451759679164172,51818764285187221,52270523964351393,-0.86427233725889767
1,1325,2023-02-14T02:00:11.000Z,16623873,0xe31d4afd837b06d15b5ac8f2549f2ca0c00860062afa146ec838fde2b8e291ad,0xc003684d1dddb8d110e808e4366f2eddf9fc6d1ef71215a5fa4dcbb511e19178,30,29,legacy,1033260789345446144,124725333333333324504,1142225681884090993,-503503690438213,51315260594749008,51818764285187221,-0.971662866499777326
1,1326,2023-02-15T02:00:11.000Z,16631022,0x33bfa8d0c3748c2576206e63dd4fd7c281010bf2694dff8a90a029f9a87d1e47,0xaa12903cf5c7348e39c81d4cfa7acf5debdef774eb7db1db0215716a71905c2c,146,145,legacy,1057773000000000000,124725333333333324504,1142225681884090993,-388292613080040,50926967981668968,51315260594749008,-0.756680583085206502
1,1327,2023-02-16T02:00:11.000Z,16638173,0x515d6f59f8957c3cc34d6ef864eaaf2288f120af21f16587cbdcbe6dcc7268fb,0xa4dbf405a40896cc6da19029bd6f23196689aa3e825be46a6b46ca2f7db59863,243,242,legacy,1072332234741898800,124725333333333324504,1142225681884090993,-275511090774077,50651456890894891,50926967981668968,-0.540992526539664629
1,1328,2023-02-17T02:00:11.000Z,16645328,0x32733c0c9604f12377fc71075b2598c6717a8cd05a60d8f71e6ea83910deec1f,0x9d67b8a8ebd18d4bff6bedff61b20e22093e50539efeaaec34a4eb032d1449cc,257,256,legacy,1112886414893435008,124725333333333324504,1142225681884090993,0,50651456890894891,50651456890894891,0
1,1329,2023-02-18T02:00:11.000Z,16652422,0x362d383d1fc9e90175a456fac88bef0a8dd3088dc114bf26d5549a7a69ca129e,0x0d08dca3ead29086d8814a8bcbe4ba047d23cd9e42632798dc618783f2940e9d,221,220,legacy,1063194927745049644,124725333333333324504,1142225681884090993,-328683556480766,50322773334414125,50651456890894891,-0.648912344592106246
1,1330,2023-02-19T02:00:11.000Z,16659531,0xbe6218efbf0842dcd0cab1f8a53b0cd2fbb5506def6009c4575b836a6c452e2b,0x96545511af23e1c246ad786d2949af97e2d533246a0a28afb480bf0458812753,294,293,legacy,1054595000000000000,124725333333333324504,1142225681884090993,-380782654691492,49941990679722633,50322773334414125,-0.756680583085207265
1,1331,2023-02-20T02:00:11.000Z,16666651,0x80678dd2f08fe9c85d70e19a3a7b3da01ede1c4163bf54820873c7d8d6e62502,0x42b04bdfeef27c131a770f427d3be70fbb85585094a12476f82078bf63142dee,221,220,legacy,1059000000000000000,124725333333333324504,1142225681884090993,-324079742655759,49617910937066874,49941990679722633,-0.648912344592105611
1,1332,2023-02-21T02:00:11.000Z,16673775,0x2a26784d8f85221c074f1f14dd72c6e90ddbe20e71855e177b810b572e94db1a,0x7fb0137bd380e48610795fcc6dd6ce1902a978b6ec725f01b4e865fdeba2cccf,263,262,legacy,1059000000000000000,124725333333333324504,1142225681884090993,-321976749199344,49295934187867530,49617910937066874,-0.648912344592106716
1,1333,2023-02-22T02:00:11.000Z,16680891,0x2bda41b0127a633f64213258b03b3a161ce3e9a3d8915057d4191e73c6fec61a,0xf30e46b8961142e164af2ecefff1613de6bec345ab6594a9705110e90715d8cc,63,62,legacy,1060875257687074176,124725333333333324504,1142225681884090993,-319887402327073,48976046785540457,49295934187867530,-0.648912344592106534
1,1334,2023-02-23T02:00:11.000Z,16687991,0x01b277ca47dd093657d9d3fe6f74b84539498b8c6f2172f31aabed9d03c5af41,0x50bdaced79ef34f1d98046f217d7f1394fb10e79e087e3fe5728fed95c85d778,118,117,legacy,1049081750386717137,124725333333333324504,1142225681884090993,-370592236388911,48605454549151546,48976046785540457,-0.756680583085206367
1,1335,2023-02-24T02:00:11.000Z,16695105,0x553de84702bc138d7c2746f09ad307fc1a1b678f619dd6a28bb02588b9bf1211,0x5498b40ba0cba8d2ef3f29b4fee80a813093fb427b8060eb4b8ca70733c2e522,158,157,legacy,1033000000000000000,124725333333333324504,1142225681884090993,-472281152947532,48133173396204014,48605454549151546,-0.971662866499776643
1,1336,2023-02-25T02:00:11.000Z,16702196,0x6c9b780f3d111d4d7c0cab48174033825639f33db4e7f790c24fdbb0a756ee8a,0xebfcd0bca558823273fe487cbce24076e085f600b012598a119e9c912c0751e2,907,906,legacy,1030904509189545015,124725333333333324504,1142225681884090993,-467692172358864,47665481223845150,48133173396204014,-0.971662866499777025
1,1337,2023-02-26T02:00:11.000Z,16709303,0xde175ef85d6c89573fec9b3187b170b8c393f02ba414510e8f04a5f1a422cc8f,0x9634533d2a99e021957173d77b8457ca33f43be9ecc298e55c5fe3416a780056,251,250,legacy,1016000000000000000,125298666666666676408,1147476227543996226,-514228375151342,47151252848693808,47665481223845150,-1.07882761685849494
1,1338,2023-02-27T02:00:23.000Z,16716420,0x10bb899340ba202083db8be3194578f3509d998544c740a572a183bb7fe65f70,0x21acbba85c5c2218d7a42e8d208b2be4aa02931615545886cb0a67249df63af8,758,757,legacy,1016795000000000000,125298666666666676408,1147476227543996226,-508680737426487,46642572111267321,47151252848693808,-1.078827616858495754
1,1339,2023-02-28T02:00:11.000Z,16723554,0xe710cc3a289c08798edac581adfaebc8f6482770c5de19d66648d3d7fcd68ae3,0x79ba2bfa61e081e22aa442c9b24c0abebbfaf205bc0e72836be196c93ce43f5d,284,283,legacy,1015964276956574208,125298666666666676408,1147476227543996226,-553060680838668,46089511430428653,46642572111267321,-1.185742243200748818
1,1340,2023-03-01T02:00:11.000Z,16730666,0x6fb2ede9e62c6ef4e0260355549b986470ba1ddb96877872d2d6700011c3808b,0x2de0bab77532f94c410a4cca0422adce1a286629f0f69710cdbd223444e7d789,287,286,legacy,1019243401933004600,125298666666666676408,1147476227543996226,-497226377786617,45592285052642036,46089511430428653,-1.078827616858494811
1,1341,2023-03-02T02:01:35.000Z,16737785,0xd97f4344dc5e172ba472f04084f9e619a1ab10d4c942b12e656b4006e54bc40b,0x7bc1a46d380bb088e7a4bcf2140e20d4c58b62c1af7ec7e9305e855143825f0b,140,139,legacy,1032142635418289211,125298666666666676408,1147476227543996226,-443003303845251,45149281748796785,45592285052642036,-0.971662866499777065
1,1342,2023-03-03T02:00:11.000Z,16744872,0x7d45461eca11b034d15d022f06708d5046ab606feaef6353b5928869261168fe,0xef1737e7dbe1f575e8f208a9892acc8daabb17ace88cf17bfea520d6c317e6ba,271,270,legacy,1032253000000000000,125298666666666676408,1147476227543996226,-438698805244420,44710582943552365,45149281748796785,-0.971662866499778135
1,1343,2023-03-04T02:00:11.000Z,16751979,0x0908033d440922690e675596c64b5568416384b5cbedd59ae0b5e0006df5ff00,0x9eacf0ddbcaab858b43444edad9d50939f78b8946c66af2dc9ec7092f483a0ff,329,328,legacy,1024867000000000000,125298666666666676408,1147476227543996226,-482350116453467,44228232827098898,44710582943552365,-1.078827616858495617
1,1344,2023-03-05T02:00:11.000Z,16759093,0xd3b9fc55466c488650843e91ac03260df118aadd123c93b629ee5d00d250e300,0xc4c1c63361fc2f4338d288876ba3686c14a28c233938f93ef7a0e78a692eedd9,188,187,legacy,1049199000000000000,125298666666666676408,1147476227543996226,-382252381583074,43845980445515824,44228232827098898,-0.864272337258896134
1,1345,2023-03-06T02:00:11.000Z,16766208,0xd505a9c921b1a563c2ff152364f465dddd0aeac80f8127dbd032aa8b369ba023,0x0af9d02f48a8f20d14e5a62ec54012302c47da45ca7c429e3a40eb0799fbdaa7,370,369,legacy,1091130770504515457,125298666666666676408,1147476227543996226,0,43845980445515824,43845980445515824,0
1,1346,2023-03-07T02:00:23.000Z,16773323,0x3aaa13f52722ac9cf7390eee7f21f85d0168a79acf939e9d81a64479ae209fcb,0x536502daf58251cf37fe407498c26e44ced82515fbc04a3f9e1caccd6e8ff544,637,636,legacy,1114591959024253850,125298666666666676408,1147476227543996226,0,43845980445515824,43845980445515824,0
1,1347,2023-03-08T02:00:11.000Z,16780436,0xa0f9680301697c5da019ae1973a591f19a47b04d5f926de86bdc2c1f0c2387b0,0x77a8c11026a029378cfab5698ff5cea0c146c64eb7270304877dec222b89d686,348,347,legacy,1112783000000000000,125298666666666676408,1147476227543996226,0,43845980445515824,43845980445515824,0
1,1348,2023-03-09T02:00:11.000Z,16787546,0x76c90dfa508534e0007713cbf44983f710580e38f03533e142c9559dd3667b26,0x12dfc7c3f6b4e428507ccac250c464653a7ec81beb39d4c564b95e822534fddf,183,182,legacy,1104000000000000000,125298666666666676408,1147476227543996226,0,43845980445515824,43845980445515824,0
1,1349,2023-03-10T02:00:11.000Z,16794650,0x50995792c953a68fe12411c313f4b4f2ecbb910c99b367bd43e4560a107c96fc,0xcd351d067002349bc50b2145bdf07618614446eca2248290bfe1b5453805bb00,182,181,legacy,1053358714353030523,125298666666666676408,1147476227543996226,-331774020494555,43514206425021269,43845980445515824,-0.756680583085207047
1,1350,2023-03-11T02:00:11.000Z,16801740,0xd708de7eb817501f31c5a887e2055e85961fe054bb069de0779182924fd3d973,0x63b42913a41777104e9a32153a8eabaf5a4ae351af831b54321f0c36c761ae6f,168,167,legacy,1012752964106029000,125298666666666676408,1147476227543996226,-515966327375051,42998240097646218,43514206425021269,-1.185742243200747523
1,1351,2023-03-12T02:00:11.000Z,16808847,0xbfbe7e574f6a4f4885c1b156e6631785bb05961bc0d3ad8eac6e2e351eef618b,0xd42595f2db7b06c3703bbe652e0fd15c48aa5c48ef81d60f7ffff98592514425,222,221,legacy,1104439566180517300,125298666666666676408,1147476227543996226,0,42998240097646218,42998240097646218,0
1,1352,2023-03-13T02:00:11.000Z,16815958,0xf3a39085003f1886804a70e2927c8db7d1c448c5fbbada934b1a6b6fa1edc5a4,0x1ef9f9af3807438f0263df626b40d28a9240a156a221053f492c9732f9f27528,339,338,legacy,1262000000000000000,125298666666666676408,1147476227543996226,417797932277246,43416038029923464,42998240097646218,0.97166286649977757
1,1353,2023-03-14T02:00:11.000Z,16823082,0xa697ac60e063b0cc0ecf5ac5d8995473b36a86dd52365d9958b5e084b7f772b7,0x33470cf8eb1eb5ed96324791e969f4c41ae147a916ca7ec10a11b9c5eec34b36,312,311,legacy,1409999272434736600,125298666666666676408,1147476227543996226,970768331728962,44386806361652426,43416038029923464,2.235967112107012588
1,1354,2023-03-15T02:00:23.000Z,16830201,0x0fccfd579c9b75f98a9a29edd34092477e044a7e48fd0afbf6c7bf4d9445bac2,0x6ce45f59c811188324e8ec2e210e7fe8d563becaeaf1ce2522af42b2b403a9d2,379,378,legacy,1300000000000000000,125298666666666676408,1147476227543996226,573647375851443,44960453737503869,44386806361652426,1.29238263095008427
1,1355,2023-03-16T02:00:23.000Z,16837305,0xf6a6df77759b7ee2d046a8f3ad299ef60eef49eadce3c61edadc4ba206cf4f7e,0xc9c8b86d6b30c71fbc3fb8088e5d64ee08b4a2e915a145771a9fda8871104cd4,294,293,legacy,1256491947795960832,125298666666666676408,1147476227543996226,436864033577136,45397317771081005,44960453737503869,0.971662866499776516
1,1356,2023-03-17T02:00:11.000Z,16844427,0x9ed293301ef2b9f09d306f7f61394e555fc48b9f72cd195c905bd8d4b73dc899,0xe9a9d73702db7d0c00f3cc87971184bea65d0bed3240fb9a7c2d37d40d3f0a34,281,280,legacy,1157413000000000000,125298666666666676408,1147476227543996226,0,45397317771081005,45397317771081005,0
1,1357,2023-03-18T02:00:11.000Z,16851539,0xa42efbe81e3199f19a1e8954673ca5ce71d466f064d08bada4e3ac91ffb749d7,0x9d372de1b58f683ee59d11b7df88af573e20c6b820f2f7eba1935f29878a08b8,226,225,legacy,1154829951750690100,125298666666666676408,1147476227543996226,0,45397317771081005,45397317771081005,0
1,1358,2023-03-19T02:00:23.000Z,16858661,0x3bff57c6c26c9af7a7946ab6804678be181e81b692368467d4fe0878dd7c43ff,0xd3d61daa13f312ca28f45a731b5376af314950621b0bd5f06781e2f9d58d2cce,158,157,legacy,1176051847855215616,125298666666666676408,1147476227543996226,0,45397317771081005,45397317771081005,0
1,1359,2023-03-20T02:00:11.000Z,16865771,0xcd100c23d52bb01064591885ee92d4798223339e75f75c115ab9954d64eb796b,0x8deb2fb455ae17b0420e63cf574fd7cd037ca7bab271a54df5fd42c0d12e7dbf,247,246,legacy,1182883180971177061,125298666666666676408,1147476227543996226,0,45397317771081005,45397317771081005,0
1,1360,2023-03-21T02:05:11.000Z,16872933,0x7f2f34571179f84f0b0790f87165366a4717bc9aafcc4af024abe48c42ebd14d,0xe91570638d6a264988ae7ef00c66942678105bbf901d05dc11f74ed2e0289cb3,124,123,legacy,1154000000000000000,125298666666666676408,1147476227543996226,0,45397317771081005,45397317771081005,0
1,1361,2023-03-22T02:00:11.000Z,16880022,0xf164b2eeaf69f10d53e918562193e900440894eeb628413a6b9da482277607b2,0xdd10e54f908cfcb7fed1e450b9317c923ed072cd67865e9c134ad5faa56b79e1,223,222,legacy,1143653072492180480,125298666666666676408,1147476227543996226,0,45397317771081005,45397317771081005,0
1,1362,2023-03-23T02:00:11.000Z,16887143,0xbf5303b229f5e55f98a41b47a71226c5a6e2bcb65298254287989b5d7ea749f0,0x2c68c8be79c7c295b505e8e109bea8ea1673988ab7231722f0b0fda50fde6e41,285,284,legacy,1137061068015425792,125298666666666676408,1147476227543996226,0,45397317771081005,45397317771081005,0
1,1363,2023-03-24T02:00:11.000Z,16894252,0x34cac424c0c5c7d94d6fd285a56e62c0b493266664234b253bac26e5ffb4fb50,0x7cbe42544a5560f4f9e2bb7852f89e2046ccb6e3162935788c84b7c66cc0fdc2,449,448,legacy,1145155209228211790,125298666666666676408,1147476227543996226,0,45397317771081005,45397317771081005,0
1,1364,2023-03-25T02:00:11.000Z,16901372,0x870c3e98944d8a660c7098ec3e61b676cb17d9f8507558758d0781234c3852d5,0x461bd453c798ca3087e559a727ef13eab989fc8fd03f7072e98c6bdba1b85ab1,169,168,legacy,1122174520980041088,125298666666666676408,1147476227543996226,0,45397317771081005,45397317771081005,0
1,1365,2023-03-26T02:00:11.000Z,16908491,0x976348525470c7c413ed8d838be0ac1ab1df099202cc451b56c441f89ca5c365,0x8698fa9131ed444432e98b6bfa3f9b36ad3a2ab61a2d7a658a23768b1b5a2415,136,135,legacy,1116213964944602343,125298666666666676408,1147476227543996226,0,45397317771081005,45397317771081005,0
1,1366,2023-03-27T02:00:11.000Z,16915617,0x59c3d599cd0c7119cf1499b97ed56c6b469f3af04c0bcaa0aee7e3ed077defd3,0x2d6788972e6e1d1c73dd3d8c49fd2bc0065d7b194bcb017dc54e405ec423ba4a,181,180,legacy,1110414588095984367,125298666666666676408,1147476227543996226,0,45397317771081005,45397317771081005,0
1,1367,2023-03-28T02:00:11.000Z,16922731,0x830b09dcde299ae53741b7a7a14a2b62e831bcf869a9ef67d0a18f0bf0e5564e,0xe3fcc84f0cb6c2da0f3822e4ebd20d78e1cb77c330cb6fdff76ff1f2037906fc,271,270,legacy,1107117345913663619,125298666666666676408,1147476227543996226,0,45397317771081005,45397317771081005,0
1,1368,2023-03-29T02:00:11.000Z,16929844,0x6a3e800706df8cbdd93898b95cf2af929f5abea730a1ff19ee28a4b7db0a14a5,0x4cd0d3795ba7277c44e9a47bac230f0abe62a7560ae8344eff8ef4a3859a7ca3,494,493,legacy,1095450000000000000,125298666666666676408,1147476227543996226,0,45397317771081005,45397317771081005,0
1,1369,2023-03-30T02:00:11.000Z,16936952,0x08f8b315bff8e6fa00c3b3118f0625f0c30cdb83bc35715141b2458135d45753,0x9be3c0f060f6e4c522c448b9439f2733ef164c739f4fa0c52ecd0b8ed52d9daf,144,143,legacy,1116783000000000000,125298666666666676408,1147476227543996226,0,45397317771081005,45397317771081005,0
1,1370,2023-03-31T02:00:11.000Z,16944076,0xc4bb3711c332e72c1b601f62ff71c7369656b8f7e5d1efb9b5cff5d404bdaef2,0x2e313b48d4c1ad5968fb37ce3f8fd4710bf2dd75c2f886903400b97971cd0e40,216,215,legacy,1097541110894373800,125298666666666676408,1147476227543996226,0,45397317771081005,45397317771081005,0
1,1371,2023-04-01T02:00:11.000Z,16951196,0x149a0fc119588da7d474e9b1579cbdeed9b247b6a30b60a03de9f3f4538bff52,0xc554da479e6f80990f84e58101a1ec1778c62fba69d9d9bd637160b6f90ac837,157,156,legacy,1095000000000000000,125298666666666676408,1147476227543996226,0,45397317771081005,45397317771081005,0
1,1372,2023-04-02T02:00:11.000Z,16958313,0x3fb9ad1aadb5fee35885ec29ea8b3f49ef38fbf646bc1f532786d14de8b2478a,0x50a6ab398ef7dc3cef28581abf749e96c6a1d9ef9cb61387425ae776b3a139d7,258,257,legacy,1066112245883903630,125729333333333002543,1151420242074572956,-343512688815260,45053805082265745,45397317771081005,-0.756680583085206897
1,1373,2023-04-03T02:00:11.000Z,16965407,0xfd76bc18277455d052f68e0f2c15486f4b44b98c492dc0690f78b6aaba28d4dc,0xfe54ef4544a3e1339411cf029ec8ddecb17903964dcf289c7ecfa3e74b66b24d,321,320,legacy,1049328318216355526,125729333333333329392,1151420242074575950,-389387574208566,44664417508057179,45053805082265745,-0.864272337258897273
1,1374,2023-04-04T02:00:23.000Z,16972472,0xdf8a56d584bff31051aa0a1c3799b6edff5922b7aa5ae38a5b25ec65ec0dcd48,0xd1d2344dcd2a2d7956a4f3e06637f8d001372da3a5e5f10db88264e58abafc06,450,449,legacy,1048642000000000000,125729333333333329392,1151420242074575950,-386022205119958,44278395302937221,44664417508057179,-0.864272337258897489
1,1375,2023-04-05T02:00:11.000Z,16979507,0x5a3e21b11182a3e9e85638e46ba65bc0ad14c87b54cda2f73b429bb05c696ce3,0xd66053346b3d19ad033013b08592110abc0c80ba7c39cdfb9940fd45807bbe40,143,142,legacy,1068000000000000000,125729333333333329392,1151420242074575950,-287327973108051,43991067329829170,44278395302937221,-0.648912344592106323
1,1376,2023-04-06T02:00:23.000Z,16986543,0x6c26eaef5f31488b28b746e1291c8e03a13b115e93b1ab517022b9bc8dad5899,0x9a61a6aa85990410ac9e1e60a10cf7410ee3c1401c8cd50fa911f55c5fce41ac,331,330,legacy,1101792829535740869,125729333333333329392,1151420242074575950,0,43991067329829170,43991067329829170,0
1,1377,2023-04-07T02:00:11.000Z,16993535,0xa0ae08c99f4e2682f6d808f446a0e8fd0d6dcc0bef9ba0bb3b59a39149ea996d,0xa7b4bedcc4137cba0b227b3bf62632726f99d96affab59e08617eecc2b845643,226,225,legacy,1080581000000000000,125729333333333329392,1151420242074575950,-237988386599408,43753078943229762,43991067329829170,-0.540992526539665064
1,1378,2023-04-08T02:00:11.000Z,17000599,0xd15b717ba5d34ecc3a45d44ea32fd33e98afd5563049c2aa91d50853540ef624,0x6bb8beb38f0bb83bd6eee094f7a765bfbedfe28548f2d5a6fdbb12a25f328a1f,236,235,legacy,1070459512886467300,125729333333333329392,1151420242074575950,-283919130401747,43469159812828015,43753078943229762,-0.648912344592105352
1,1379,2023-04-09T02:00:11.000Z,17007665,0xd4b75ee8cefcaa9c1f50b31d808c56bf79de95fe7720c4982a279f9d3bb3c401,0x6d01ce070cddf813af6469dcc12c9dc79bf2207bd4d8cab9247598301cd703ae,104,103,legacy,1064683458516677000,125729333333333329392,1151420242074575950,-328922691933947,43140237120894068,43469159812828015,-0.75668058308520585
1,1380,2023-04-10T02:00:11.000Z,17014708,0xcbee185434bb61ffe5a8f353b91d860552838c60d397779caad4c58007ee5696,0xcc6db0ec027e9c2d27de81b284222bc99d8e198e2ad8e566ea3b5e349a5089da,156,155,legacy,1071159205111449856,125729333333333329392,1151420242074575950,-279942324163788,42860294796730280,43140237120894068,-0.648912344592106596
1,1381,2023-04-11T02:00:11.000Z,17021773,0xee5b1f79fb8ce21dfdb0e6081bb23d649bf14ed097b5fec78b98b1857730ee58,0x83f9f7bf8e71d6c9ef04a32ed982c800084e28c208a25989fd29aae8080da8e7,389,388,legacy,1084998870437564650,125729333333333329392,1151420242074575950,-231870991703179,42628423805027101,42860294796730280,-0.540992526539663326
1,1382,2023-04-12T02:00:11.000Z,17028829,0x95cdaee1c6e881936388e1c55a1a2f920fe1e987a148e7dd7f07d68c98fa3cc8,0x4a4827ed35b1ab7fefb764fdc7b583634a49081f8397b0c533b8f78660fa24e4,159,158,legacy,1105522193683678100,125729333333333329392,1151420242074575950,0,42628423805027101,42628423805027101,0
1,1383,2023-04-13T02:00:11.000Z,17035770,0x57d1fe91b363ac159536328b1b57f9a12f1676ce75b0cd9d2bcacecd15066b38,0xeb5b1659fb397db15522ea3e3613a3d55638ea959981175fc96f15236c9d1875,284,283,legacy,1101411618045518400,125729333333333329392,1151420242074575950,0,42628423805027101,42628423805027101,0
1,1384,2023-04-14T02:00:23.000Z,17042357,0xa335a3a2ba0fc5f79e1409c485c8567a86a02ea7dcea8f0b59201f3ac2f15b36,0xe209faa93a2e4fd499d41935f887043d0759aed9b722d822ef09a88ed082ec50,300,299,legacy,1117438559509777152,125729333333333329392,1151420242074575950,0,42628423805027101,42628423805027101,0
1,1385,2023-04-15T02:00:11.000Z,17049348,0x4bed40b5dda346fc7fa53756ff7f917df5e1ccae73aa3c9774ae2a2c64e3f836,0x89506a1d2abaa0aff8f5461430d1282ff1b16ab77e233f3e0163818b4dc5ae7c,279,278,legacy,1160518984541067943,125729333333333329392,1151420242074575950,0,42628423805027101,42628423805027101,0
1,1386,2023-04-16T02:00:11.000Z,17056378,0x93343c37457a3a6620a0b64c01ce64452c1e3f87bd4982a6a01d6ef3886211b0,0x87dd6b63a2f4eb6ae335ef47b93a67e07c9e1dac6270138158c6b8744bc0907e,188,187,legacy,1168000000000000000,125729333333333329392,1151420242074575950,0,42628423805027101,42628423805027101,0
1,1387,2023-04-17T02:00:11.000Z,17063420,0xdecaa81250ea4ff6e3f7d4e35621bb4b1f8ccaad8fa466c9ccd0761337262430,0xd79a528910c94650c3d7bb9166595df940a55b1c0ab5f8cf32c83bc378ddaee3,125,124,legacy,1163456139598719518,125729333333333329392,1151420242074575950,0,42628423805027101,42628423805027101,0
1,1388,2023-04-18T02:00:11.000Z,17070488,0x27d7e1b0b74f24a170e9347924878458b14b5542f46e419dfba13a33f6f76988,0x5ec4afa354f17a0a7f9957ffec2d140a43f3854df2f940c3891294f1d4c1fe44,322,321,legacy,1144000000000000000,125729333333333329392,1151420242074575950,0,42628423805027101,42628423805027101,0
1,1389,2023-04-19T02:00:11.000Z,17077561,0x4ba267e576c0014f2291d0e47fc1c61646eefcb480404a49208418a77a45038e,0x6f0db650e9f01a661b4d14282d3a06188589b3ea62305a1199677d5113dfbcab,161,160,legacy,1118105435981207040,125729333333333329392,1151420242074575950,0,42628423805027101,42628423805027101,0
1,1390,2023-04-20T02:00:11.000Z,17084637,0x5e3e1a80ab7f08214053e73f523ce753081731eb12da4e8356da76d9027c3122,0xf194958bf7b965d9e8f03f826ba94996e8b20216754794528421a2dec01e6672,256,255,legacy,1065553480752108000,125729333333333329392,1151420242074575950,-322561005807912,42305862799219189,42628423805027101,-0.756680583085206408
1,1391,2023-04-21T02:00:11.000Z,17091666,0x4838f8424bbaab88577e3db622f76ca74f355a98b11eeb82865d38e4b2166520,0xb216b2453353dbcbaed651ff0f587d7272b706228dede964db34e25ce51ea389,303,302,legacy,1035922065278997120,125729333333333329392,1151420242074575950,-411070359172356,41894792440046833,42305862799219189,-0.971662866499777072
1,1392,2023-04-22T02:00:11.000Z,17098767,0xe6f58ea45fca6d4b0c5252f342038650b7898fc7d0ec87a62e4bfb4941db662b,0x7a71eba7fb7f77a9b932cd066cf210bb5c7bc2bd69f93966945f526f8bb33165,195,194,legacy,1029000000000000000,125729333333333329392,1151420242074575950,-451972590868770,41442819849178063,41894792440046833,-1.078827616858494579
1,1393,2023-04-23T02:00:11.000Z,17105904,0x3dacd5d0be25401b8b532b1a50c8666c1056de2bd5427d3a6c393059a4ebdfa6,0x928f66b1cdd8af8fc3a01047da72d69e5d2b0caee9f13d849f913f3657f87f0e,158,157,legacy,1051145356508173645,125729333333333329392,1151420242074575950,-358178827736485,41084641021441578,41442819849178063,-0.864272337258896185
1,1394,2023-04-24T02:00:11.000Z,17113036,0xa353a9a209241b189f301c638113acba706869881c16e784c929bb413d86bfb0,0x780cf2d272460448401ef643a9f4cebd069f0522ac8f95601869524633ade5fd,186,185,legacy,1083181038841139328,125729333333333329392,1151420242074575950,-222264837481648,40862376183959930,41084641021441578,-0.540992526539663971
1,1395,2023-04-25T02:00:11.000Z,17120167,0xf610f011bb9739e5e472e6f0f1e1e56f6248f0ff33bdc8b74b833c1f0e4243fd,0x3d373ef4b6b6e0da065a23aef1ef6af11cfb301cc1a1aeade72415c48eaf4e4d,320,319,legacy,1080328816527019400,125729333333333329392,1151420242074575950,-221062401321747,40641313782638183,40862376183959930,-0.540992526539664572
1,1396,2023-04-26T02:00:23.000Z,17127294,0x2fb30eabff3b5540226d4069414adfe5d1ba3b2a74d56f34924862498c986d24,0x23bcc0eb8ab2921ef05a20068cad571b1fe0c06317a0d2e584a04e9eb528e81f,142,141,legacy,1083479000000000000,125729333333333329392,1151420242074575950,-219866470251607,40421447312386576,40641313782638183,-0.540992526539664011
1,1397,2023-04-27T02:00:11.000Z,17134412,0x881530a4a65330433e34e351161c26fd57b6731eb5f81aeea095002ec6ffcc96,0x1cbff1a3e8745e8375d9cb434e064bd751bdb659b3d2dea1fd7d3d36d67f118f,298,297,legacy,1100787000000000000,125729333333333329392,1151420242074575950,0,40421447312386576,40421447312386576,0
1,1398,2023-04-28T02:00:11.000Z,17141522,0x87493c30e4ef0a011e0b1788fb9f17e64275747623be2e8aab8621f8dd3cd06c,0xb99d96c9fa27887fc45cbd2824693d602ad1e2ec0f225a17bc84b62072b8e92a,255,254,legacy,1099900800236609792,125729333333333329392,1151420242074575950,0,40421447312386576,40421447312386576,0
1,1399,2023-04-29T02:00:11.000Z,17148646,0x9ff2058260629e54e415f95378fb07fb5351e97361632b2b0c78ee44325fa878,0xec47a5661b55662f574ba5a06d583331d9bff73ab1529dc58f8b678b35c7b7ba,266,265,legacy,1097255000000000000,125729333333333329392,1151420242074575950,0,40421447312386576,40421447312386576,0
1,1400,2023-04-30T02:00:11.000Z,17155757,0x33ba4d5588b05987ebeca1ccbad1563aa5349307a71268b786a2846bce5469ae,0x05b7b4e041278dcd871355471ecfcb62ff9df0d4224a99b5c018a22e5d56a557,229,228,legacy,1092019745415596160,126182666666666662536,1155571836317291579,-218677009079179,40202770303307397,40421447312386576,-0.540992526539663386
1,1401,2023-05-01T02:00:11.000Z,17162877,0x0fbb6b7c8f65e1d380d92773f8a9cd52ef5fd0fa0de4eba83272a41d4dbb1750,0x450c35ce902ca49016f3b58d96ba9f97dd3389b61086fecc9d7d788e236dd26e,311,310,legacy,1045623683098614300,126182666666666662536,1155571836317291579,-390635390341438,39812134912965959,40202770303307397,-0.971662866499777632
1,1402,2023-05-02T02:00:11.000Z,17169992,0x2927762838846c8f106d3bd34add99e83c9e2fa9d46cefcf248cb2c3a2a15074,0xa08c93c8443a825d363730be402dc3164cf007ecea4e2492c653f0ae85ed1edf,315,314,legacy,1014975191986064867,126182666666666662536,1155571836317291579,-472069301583111,39340065611382848,39812134912965959,-1.185742243200748691
1,1403,2023-05-03T02:00:11.000Z,17177101,0x70ef136e244f9335778632eeb1a10879dd79733bb13ff0dc522f44a099a2506e,0xc9c04ec70167c66725723f99ab339fdf2a04757532c090def16e26c5d42b7497,229,228,legacy,1023615883689566848,126182666666666662536,1155571836317291579,-424411492305850,38915654119076998,39340065611382848,-1.078827616858495254
1,1404,2023-05-04T02:00:11.000Z,17184200,0xa68f4219d749a9b21102b61a5d49c08b549dd3a59013a0f0e18d312333ed340c,0x425856a728a14e6ad920e3a71a8afdb98813558ac7c6cbeb68875178094fbefa,391,390,legacy,1026530455800303616,126182666666666662536,1155571836317291579,-419832823917733,38495821295159265,38915654119076998,-1.078827616858494682
1,1405,2023-05-05T02:00:11.000Z,17191323,0x668126a9490d3c94b9869e8852fb08b8a07c0c4e2de2ff7075a4656b844d1de0,0x244cf87ee1be4c73e097b1a7005e1f9bb6ad6c0e2442b070a55a32bed923aea2,140,139,legacy,1033726351510400000,126182666666666662536,1155571836317291579,-415303551468672,38080517743690593,38495821295159265,-1.078827616858495719
1,1406,2023-05-06T02:00:11.000Z,17198452,0x09b80215870f4dec8e7a76a49dd140465e9de3e38b6c7865128ed7cd30cf64b8,0x47723db41e6d29ffd2f486e6a5b7d85693eeac9a93df921fb2368105cee5b9b1,430,429,legacy,1049041689429236902,126182666666666662536,1155571836317291579,-329119380743684,37751398362946909,38080517743690593,-0.86427233725889785
1,1407,2023-05-07T02:00:11.000Z,17205564,0x2d7a19f3ffb1bf23bc99d1f41972e37a50388af16ed0b9d86105ff169f2ebd18,0xf698e26e2eead556ec42eed3868fe5555bf1f022c0c18c58da3f8513bc7bf9f9,294,293,legacy,1005990075009747328,126182666666666662536,1155571836317291579,-487892515383501,37263505847563408,37751398362946909,-1.292382630950086109
1,1408,2023-05-08T02:00:11.000Z,17212668,0x26575bff5ff20a5efccedd3754cb0b8c827b9d4533932fb5118da2331aff7541,0xed89e5f69acd1b997b6a0e30976f1e57d4c2febd627a1c0a475eb68dd45d6700,137,136,legacy,1008762529184185972,126182666666666662536,1155571836317291579,-481587077256979,36781918770306429,37263505847563408,-1.29238263095008569
1,1409,2023-05-09T02:00:11.000Z,17219786,0x09956df7bd7ba0828b281a7cbfe918cf305eb0fc98d57dca0bdcbd2cc5f8f351,0xc9840f4d97c239cb3786245c0eeeb91ea8eb97fbb9506ebbb0f39c19823d4e5c,319,318,legacy,1010514276054756656,126182666666666662536,1155571836317291579,-475363129517609,36306555640788820,36781918770306429,-1.292382630950083969
1,1410,2023-05-10T02:00:11.000Z,17226901,0xb1dba37fb43228d774d38966c7f86c17dfacadcf0a7431a7a39021b417c91196,0x84baa67c4d48482bfb28b5604dd6d549c2fa41e9b4abfddfb06c5ac4fa84479e,296,295,legacy,1019077910265275776,126182666666666662536,1155571836317291579,-430502167284017,35876053473504803,36306555640788820,-1.18574224320074783
1,1411,2023-05-11T02:00:11.000Z,17234006,0x388ee00afb6a98653e036c80ff7e00e2f8cc21429e1b3d9fc6ea2473d385e572,0xf241c0a405b07ee43a82e6acccac5d09d7f7861f6bb191c1f153239890dc5c90,337,336,legacy,1021670902205261440,126182666666666662536,1155571836317291579,-425397521228636,35450655952276167,35876053473504803,-1.185742243200748775
1,1412,2023-05-12T02:00:11.000Z,17241044,0x0970fe37d15426214180b8dded15e737ce61f34ffe9d1637b64c7b7f60f5611b,0x3d132f1c00ab82503e07b398d1bfcbfc39eba75d2a2ca7731d3a9ed3a8ff7bf8,389,388,legacy,1003483944136015073,126182666666666662536,1155571836317291579,-458158120085090,34992497832191077,35450655952276167,-1.292382630950086025
1,1413,2023-05-13T02:00:11.000Z,17247965,0x7193f85ff6d56852a24611c93d426222320ca133a4569fceb5f4cf9edd1fd3e8,0x27c8520e1fa437b654e59865f2ace854cfc31d178a69e8f63ed81baec6e83f61,458,457,legacy,1003343426439234908,126182666666666662536,1155571836317291579,-452236964118823,34540260868072254,34992497832191077,-1.292382630950086427
1,1414,2023-05-14T02:00:11.000Z,17255043,0x8cad9909682db6478cdc14feb5eb600cad4cf1d4cd2a0142f5c8e1ca1b8de3d4,0x5dacdd88bdb7294ff8bffe2378ae9aa42b1aabea46b6fb01d699cc3fd2e05a7c,240,239,legacy,1011211119473110138,126182666666666662536,1155571836317291579,-409558464024470,34130702404047784,34540260868072254,-1.185742243200747715
1,1415,2023-05-15T02:00:11.000Z,17262093,0x2daca73269b36811644fc53104d04944247a586eab918f778de53f5d54da768a,0x9b318d922981174cb93d795af0b212d01e9781451758c09e65f2c5921dbffb7f,306,305,legacy,1021079224731464448,126182666666666662536,1155571836317291579,-404702156305928,33726000247741856,34130702404047784,-1.185742243200748529
1,1416,2023-05-16T02:00:23.000Z,17269179,0x9904092f410c22a7322fe75ef69ba907371a4f27cb3bc83f9599a9df0115f400,0x0877fad06fd03ee4750204793f69046ff6b27a4b7e1fd7d18b5d65364a32bc42,569,568,legacy,1026601444301548770,126182666666666662536,1155571836317291579,-363845404734404,33362154843007452,33726000247741856,-1.078827616858496231
1,1417,2023-05-17T02:00:11.000Z,17276261,0x6c0267ae2b03b0a4ecb1ab3777334dd442b95b67e0cbf4f5a632a1f748b9f09d,0x7225be57ee02a61317d0a3dbfc948a469e0302af54c49700b7681b66c7c51296,348,347,legacy,1029217248732424960,126182666666666662536,1155571836317291579,-359920140025458,33002234702981994,33362154843007452,-1.078827616858494195
1,1418,2023-05-18T02:00:11.000Z,17283332,0x1a5f18b1e892d24e0a2a283981d26c404fedfd9c2a91b271f8b7f168fbc6ebae,0x2d75eb0ac000b4b8738f316cc3f735a34d83d10356496d8416c88362c218fd94,415,414,legacy,1040000000000000000,126182666666666662536,1155571836317291579,-320670459723979,32681564243258015,33002234702981994,-0.971662866499776973
1,1419,2023-05-19T02:00:11.000Z,17290449,0xbb939be545ba08e17fd3377fdaf38b6f1925e9bec839d3a198bfd253687f559f,0x10266a48c6d53434f98bceaf1a523ccd3bc33ce23236c611d3c7e683be7f7f48,376,375,legacy,1040177000000000000,126182666666666662536,1155571836317291579,-317554623943007,32364009619315008,32681564243258015,-0.971662866499777056
1,1420,2023-05-20T02:00:11.000Z,17297532,0x0aeb86ad8d28642129ccdff998807e865e6cc2f7f0a0e699d931d2f6c53a4ba1,0x45033f8d358bc41b70841a7bac136a75b82f73ecf90c5fd73ef014341b60c61d,256,255,legacy,1035795000000000000,126182666666666662536,1155571836317291579,-314469063581300,32049540555733708,32364009619315008,-0.971662866499777702
1,1421,2023-05-21T02:00:11.000Z,17304646,0x23afd00d7fa9571aa3eebadcbed09ccf6045a10a4fcba5c09bc918cea254f066,0xd0c2401826976ab9a474cd3b316e7039f28895adfa3c31764b938a0e1edc2151,330,329,legacy,1043646777036485000,126182666666666662536,1155571836317291579,-311413484463851,31738127071269857,32049540555733708,-0.971662866499777914
1,1422,2023-05-22T02:00:11.000Z,17311737,0x24ea6ca3c8cf19de9839e21c3724b32e8973b8ca452e1ab6f0ac251ebb78e68a,0xd5a10cdc881c884695e743cdfa45eb725784590283e1e86a36782bacff5ec52f,302,301,legacy,1041631352695620480,126182666666666662536,1155571836317291579,-308387595274042,31429739475995815,31738127071269857,-0.971662866499775694
1,1423,2023-05-23T02:00:11.000Z,17318840,0x27f580714591a2b9640f07ad9fd7f131baf83b9d8683351e9210c2359bc3078b,0x1547b8eba731d2f87a613e05dd734d7b7b3e0471c7fa36fcf210aa04fc1fbb73,416,415,legacy,1041226695087452032,126182666666666662536,1155571836317291579,-305391107525873,31124348368469942,31429739475995815,-0.971662866499777231
1,1424,2023-05-24T02:00:11.000Z,17325945,0x5cb5d44847074799a48cbc1eea6bc1c489cec4862baa84719afbb56752b5c8a1,0x06b7a0251e82be6a5909aeaa75c41cb4e74f9bbdb23162d13fa2251e6b5f5a3a,319,318,legacy,1050491630411766186,126182666666666662536,1155571836317291579,-268999133100776,30855349235369166,31124348368469942,-0.864272337258895255
1,1425,2023-05-25T02:00:11.000Z,17333054,0x118026339b3a8a8be09de5fb7a7e7e16fc6ee2d00269914eda11201f031051dd,0xbb178292540a1955a19441365e75630801c33f62a362a61b99ecfc9b542256bc,351,350,legacy,1058621288399262000,126182666666666662536,1155571836317291579,-266674248005920,30588674987363246,30855349235369166,-0.864272337258896043
1,1426,2023-05-26T02:00:11.000Z,17340167,0x72b57b849e2d14fbf8ececc154e936014dcd5679a5e2eb04443161a1bee9590b,0x4386f58fc49c77655e621d0d562ebc61a0b59604ad24683a5afffb0c0b64136a,293,292,legacy,1061711738215275325,126182666666666662536,1155571836317291579,-231458564252419,30357216423110827,30588674987363246,-0.756680583085206743
1,1427,2023-05-27T02:00:11.000Z,17347283,0xe84044aed44e1f4c9b4cb743b0211746fba9f250007f990741dcc298235a51ae,0xc625fec2c2e3c4afa9cf4bdf7af7fdeca9c39efced4da1e18dc3c6ef1344e57f,234,233,legacy,1107271433995093504,126182666666666662536,1155571836317291579,0,30357216423110827,30357216423110827,0
1,1428,2023-05-28T02:00:11.000Z,17354410,0xaa4af55dd5f461723e511a935688886801b7cbea4ef7c634c0dd700e682f8cff,0x11cef3a0b060ffaf7cb9d6f61973fd0108f5a7d7fada001236dc13a535448e88,196,195,legacy,1130818818900650692,126512333333333003793,1158590900071734010,0,30357216423110827,30357216423110827,0
1,1429,2023-05-29T02:00:11.000Z,17361541,0xe218c61b703aa7650dd68bb7fb6cdf14078cf4a41cf5baf5f88f763fa4414f6c,0xe5de06153f4ba79db4dda5e96dcb1d821917de3185097f81a23a996e1d6aff61,346,345,legacy,1180081696231385856,126512333333333003793,1158590900071734010,0,30357216423110827,30357216423110827,0
1,1430,2023-05-30T02:00:11.000Z,17368645,0xbb75f412da3be7530127ef81b6a0078aba260e1814257a25736774121d359ff1,0xc1f75ca466ca51de2fef810d742e8b89b10b3d7c997532b259804a46d1d13509,289,288,legacy,1159527331098332772,126512333333333003793,1158590900071734010,0,30357216423110827,30357216423110827,0
1,1431,2023-05-31T02:00:11.000Z,17375755,0x6cbc3e6ec933f7070a3198e3dd12d54f6bdd825f7eae14b0fa40a3bae5b38f73,0x543c453479dc3b4617c94f0915dbc6fd2872fb9c49ae83fc745625956a3a166d,331,330,legacy,1173420186294320250,126512333333333003793,1158590900071734010,0,30357216423110827,30357216423110827,0
1,1432,2023-06-01T02:00:11.000Z,17382857,0x459af9713cf68d782dc09282536712b07eb3f97ec3ec1846593f98d78e0b0011,0x113dbea6a292527f7411cb4894d8858327222e282f7f4c576a7737ab23da7d2a,434,433,legacy,1136203598637651072,126512333333333003793,1158590900071734010,0,30357216423110827,30357216423110827,0
1,1433,2023-06-02T02:00:11.000Z,17389961,0x6e7bade233536cbc86bb8e66655e99acc290fb22511c97fabbe597c8bc0b2304,0xe9e4e26ddd15feeed72cf0b42330d4a881988b784fdfaf4a6879005685971543,305,304,legacy,1125225933527542053,126512333333333003793,1158590900071734010,0,30357216423110827,30357216423110827,0
1,1434,2023-06-03T02:00:11.000Z,17397047,0x6f97e6e91af104569b99b8ad5e27d008696717253fe941baca86a59714879499,0x8e2a04e4d1598d4b2826d71cf9db083899c8bf5c2256b2f22a257d1cc86fa860,336,335,legacy,1105000000000000000,126512333333333335000,1158590900071737043,0,30357216423110827,30357216423110827,0
1,1435,2023-06-04T02:00:11.000Z,17404150,0x7bbd988a173af87f5c30718011ecfb7e7a4e676a8976a69cc835067853efd0a1,0xe2eb0bdeceb80b221049738d3c87b547a025a30d2dbd67037bd0c6b3ea2e13d2,385,384,legacy,1091762996529673088,126512333333333335000,1158590900071737043,-164230272114501,30192986150996326,30357216423110827,-0.540992526539663739
1,1436,2023-06-05T02:00:11.000Z,17411235,0xfee991ed0f8eedcecf62cb33666317da251e12792c0a027b2cd8c533715bc7c0,0xe3d784094fbb05a599963366509e2e9632f883a2ea504a367370a9d182089de1,299,298,legacy,1113015202277040982,126512333333333335000,1158590900071737043,0,30192986150996326,30192986150996326,0
1,1437,2023-06-06T02:00:11.000Z,17418310,0x9dc77303a95b08432f2e3595f3e1fab8c408ed8ba4d6f0d9cf409e466062d3e6,0x2a2890fc664ca9ddb88ec169022093055018c086d1f8692e2559b5ac90a2c32b,315,314,legacy,1086444484605447040,126512333333333335000,1158590900071737043,-163341798616046,30029644352380280,30192986150996326,-0.540992526539664414
1,1438,2023-06-07T02:00:11.000Z,17425403,0x892efed8bcec6f7cd0d6f56858343498a2b7784235126e6c5c0672454a8dfed1,0xeec754ec896ab3e956f33ca73121d29832cdde7caad7fc322648445964d761ab,371,370,legacy,1050039748543022848,126512333333333335000,1158590900071737043,-259537909114851,29770106443265429,30029644352380280,-0.864272337258895636
1,1439,2023-06-08T02:00:11.000Z,17432493,0x88190499c798b529f1ec02b9459c5c42dc6c1ca4ccc8fcbdc89dacb026328754,0xe65f2e0ab4f158f8083b6fc163220bd6b8b93d986ecb4b62ce2de322b4d8a354,383,382,legacy,1059740916900985088,126512333333333174324,1158590900071735571,-257294794761671,29512811648503758,29770106443265429,-0.864272337258894934
1,1440,2023-06-09T02:00:11.000Z,17439574,0xf97aea42f90fa67a05e3137144a586d5e5efa4e2a0c5a4f6477080e5935cf059,0x1909c83d963ca3965867ed5aaf52868b2dd6ae2988c6347389f4e0d15c2f29ea,194,193,legacy,1047357308461253760,126512333333333330000,1158590900071736997,-286765031648532,29226046616855226,29512811648503758,-0.971662866499777996
1,1441,2023-06-10T02:00:11.000Z,17446674,0x6fffa7cb677cd65de4990a879ff337e6c2393150f41178211393d7a9758aa251,0x25b1e00a79e7a9979279d419041d0f3d8f607389bbb8a679e8018bcabc515187,238,237,legacy,1046010051912584832,126512333333333330000,1158590900071736997,-283978642321896,28942067974533330,29226046616855226,-0.971662866499774991
1,1442,2023-06-11T02:00:11.000Z,17453775,0x98c97616fd97af254e13587f8dfb1be87a661f28eca7a4dd5cb991c541f1094a,0x60bcf008ccfad0232a9a3730dcf36dd7229f09573ac6b00c7edc5c3217a118b3,184,183,legacy,1019000000000000000,126512333333333330000,1158590900071736997,-343178326029917,28598889648503413,28942067974533330,-1.185742243200748696
1,1443,2023-06-12T02:00:11.000Z,17460876,0xa2f9f807437144109bfa2186315340e81de6065fb531d3bbc6f2b52e3aa0286c,0x4832b51ef0f9cfb3b51d7aa20be913fd6f0afd52354d2e49ce07e480f71aed15,371,370,legacy,1023069397915869466,126512333333333330000,1158590900071736997,-339109115648671,28259780532854742,28598889648503413,-1.185742243200748404
1,1444,2023-06-13T02:00:11.000Z,17467972,0xb0256ee323ba633a8e9cb28808aedc1c5afe4837c7505d4e86ecf6c9ffbb1f14,0x28027c4f82ee0c4d7f88d02961526868dd0f9c59d64599b0d47965c8b5e3ff1c,271,270,legacy,1011296050582999040,126512333333333330000,1158590900071736997,-365224495151228,27894556037703514,28259780532854742,-1.292382630950084771
1,1445,2023-06-14T02:00:11.000Z,17475087,0x12d4d4b5074b0500c8f8697a64f5fb1878f69d9cdd2b8408095709ea966f84ea,0x310189b0d9cb87c59fc288eaab8b598a8a837c9a6618aea6183325e69be69994,441,440,legacy,1028962877649708291,126512333333333330000,1158590900071736997,-300934174134814,27593621863568700,27894556037703514,-1.078827616858494103
1,1446,2023-06-15T02:00:11.000Z,17482186,0x4f3b91e44c0cbe7aa89fca0630558e51577222c0d5353bb5f00bf4e68188a3de,0x37e8fa12adce99556f54dbaff3f11770d101365da4496a1194a65590b8e42ae3,352,351,legacy,1042480318191880694,126512333333333330000,1158590900071736997,-268116977170661,27325504886398039,27593621863568700,-0.971662866499777667
1,1447,2023-06-16T02:00:11.000Z,17489294,0x7a122e82f0eee9b8cc57d34ac0243553cbee00d39ea41000e920dab9e40fa2ee,0x5c1b5f145fc88c3328295caa6d3e5884fef729b1232300eead508ff6e9780f8d,461,460,legacy,1040808862086363000,126512333333333330000,1158590900071736997,-265511784064712,27059993102333327,27325504886398039,-0.971662866499777664
1,1448,2023-06-17T02:00:11.000Z,17496414,0xece1b0ade385b756272ac5bf84f693a955219c3e879b59b3ac5f1c48bd293acb,0x368bdda212023c59e3c04156dae8073173493cd69b2a1bce9121ac710f7e5ea4,363,362,legacy,1053561152037845350,126512333333333330000,1158590900071736997,-233872034847632,26826121067485695,27059993102333327,-0.864272337258894941
1,1449,2023-06-18T02:00:11.000Z,17503557,0x326ca11d8d51c5244dbf40e9763630154ea24c16c083aa91630820efbc0b79fd,0xda424c64e53bc0b073bbc135d7217009f433935c56de8f3ed4ba4d389f7a28c0,213,212,legacy,1095629290750341000,126512333333333330000,1158590900071736997,-145127310135580,26680993757350115,26826121067485695,-0.540992526539664208
1,1450,2023-06-19T02:00:11.000Z,17510681,0x435012bf13b96b49af8200485c07176f458f944af68b0db18d10b5634410cf0e,0xd156ecf1f274f67f29502c23b71f48e30bf933385241214fed437584eef31fba,360,359,legacy,1104445324225357000,126512333333333330000,1158590900071736997,0,26680993757350115,26680993757350115,0
1,1451,2023-06-20T02:00:11.000Z,17517800,0x10759783c53a01abcf67b171a9bf61be67dac72ee53b2e0a33056831d1bb21d6,0x244daa7cf2b1416db2e2a44d8bf1f75200d2a9f326ebfa36896c0e357f5bdb4f,244,243,legacy,1098449775340705000,126512333333333330000,1158590900071736997,-115514341922806,26565479415427309,26680993757350115,-0.432946174993890391
1,1452,2023-06-21T02:00:11.000Z,17524924,0x2a43fbc2f66478bdd4ad9e370d7bfd568e7f948840fe7107dbdcccbe9810ca6b,0x5ebe05b293e77f9f586d48a828f39e1813676cd830670d806b597bd002683bf9,378,377,legacy,1113758700306445568,126512333333333330000,1158590900071736997,0,26565479415427309,26565479415427309,0
1,1453,2023-06-22T02:00:11.000Z,17532057,0xd80c79f5597d39be00ac8c0961801a1d675a5b59609fe387678f40cf82a01849,0xd40bc3744c497ad1df250cf7797148fb2dddb0a518a324342c3a71d83d70b18d,393,392,legacy,1192737430702086692,126512333333333330000,1158590900071736997,0,26565479415427309,26565479415427309,0
1,1454,2023-06-23T02:00:11.000Z,17539173,0x203ced69e85017db55c1d265f2d377694635ad12f98b5fba3501a25a0e68a2d0,0xaba800f40860a60d99314e63e5090572b08bbd74dad625c8613009c49f147914,372,371,legacy,1207139660967364000,126512333333333330000,1158590900071736997,0,26565479415427309,26565479415427309,0
1,1455,2023-06-24T02:00:11.000Z,17546283,0x11e4b4e09af4567ad129f2a3c1ebadccdade1cfa666a1c18955017d74ed0a931,0x7aac9de2f8d983b500bd1930afe9dca221745fd3f78dae08ce32459b19945a66,454,453,legacy,1207002759575362048,126512333333333330000,1158590900071736997,0,26565479415427309,26565479415427309,0
1,1456,2023-06-25T02:00:11.000Z,17553395,0x57195f808b9877b5e0e2d3cdf94b9a4f40e4f66ba67d4669bbbdbca7cec83ab5,0xba8e09e7bd89999fb3e7f3a58023637b7ada530e26e53216492a829b0ca39f57,277,276,legacy,1229005698228613000,126512333333333330000,1158590900071736997,143717258276894,26709196673704203,26565479415427309,0.540992526539661886
1,1457,2023-06-26T02:00:11.000Z,17560499,0xd7b478b773e2a106bec2ef2f478bd167f8584a14a72d251e1cf317193384bb62,0x8a52ce1d3fc5507f064c83ebb78a795486c190b4514cb2f40f709f361860b173,382,381,legacy,1467528210472141500,126512333333333330000,1158590900071736997,706010737889194,27415207411593397,26709196673704203,2.643324494234142365
1,1458,2023-06-27T02:00:11.000Z,17567606,0x13c7023ece15ed49bcd87fdc8e25cf6eaa04e0fee94c38a61d3b1ac85e4180ee,0x22b6b3e7259ce32f629186a0c57a2e9057e031e3f83823582188f378f6253c18,333,332,legacy,1428023574468754432,126512333333333330000,1158590900071736997,641133156799090,28056340568392487,27415207411593397,2.338604071723952545
1,1459,2023-06-28T02:00:11.000Z,17574707,0x9dd547dce54e61cb5a94e7afbdefb3b4edaddcf4626f83105b09877a14be853e,0xb2748b2d3900aaedadaa6fcbd77ddcd57e0328bbed3935b2976d40f3c12074d1,419,418,legacy,1276661594817652000,126512333333333330000,1158590900071736997,272613043001782,28328953611394269,28056340568392487,0.97166286649977605
1,1460,2023-06-29T02:00:11.000Z,17581846,0x589140733cfde8a39908434d9c29ba6ef5e35375b939a2dfbe338bdc9d9a3fb1,0x6f0be52253d2da20d15490aebe6d81ef214cb2cf0d0fa7de4bd2ceaccb374af3,297,296,legacy,1245652236124251630,126512333333333330000,1158590900071736997,214359691368636,28543313302762905,28328953611394269,0.756680583085207139
1,1461,2023-06-30T02:00:23.000Z,17588985,0xba37530f6f7656b65adac0b2b3b56a33ba901f085e9c93ec628e30ea0fc33dd2,0x1b3c1d4c3e914e30fb6a201d77269131e441fb91e978711a4ae725afd3669baa,273,272,legacy,1277578026934789008,126512333333333330000,1158590900071736997,277344776231638,28820658078994543,28543313302762905,0.971662866499776247
1,1462,2023-07-01T02:00:11.000Z,17596105,0x70a9fd40e7ce76731362350bb847e055e074250c4210b124f548d11078726da2,0xadce65134c8a71dfc66afc0f81d1f959c6046ef6b2f912524a8d98d4a4a27c0b,458,457,legacy,1322826552252126803,126512333333333330000,1158590900071736997,403121725904390,29223779804898933,28820658078994543,1.398724917382086292
1,1463,2023-07-02T02:00:11.000Z,17603217,0x3f493d9056cf0f5fbd5d9f51c06af1be62c0d3a85ea7866be4121d0f32806aa8,0xd9366e97671eab2d09d98348109471b24764425d2472cc7f7f5d75071707079d,174,173,legacy,1323938809239247671,126745333333332993675,1160724697406776730,408760289931995,29632540094830928,29223779804898933,1.398724917382084857
1,1464,2023-07-03T02:00:11.000Z,17610342,0x5f6d36e43f80d5b82a407e59a3f143f1bf3e78afbfbdca5b5a5754442f171307,0x13ca80cb88231c01dec2dad2c6090b60d87586e7e74c3bb429754ee3c8924e82,266,265,legacy,1331416169894599168,126745333333333330000,1160724697406779810,445894317296266,30078434412127194,29632540094830928,1.50474551243093527
1,1465,2023-07-04T02:00:11.000Z,17617456,0x952c5e80991a80e64156562da6b7a9fbec488b0ce8ffe1e960d063192ada6b4b,0xa7d3915b1db33f8de5d8eed64dc87825b935621dadb1921abd2d4383f6aa1050,580,579,legacy,1346611292635079854,126745333333333330000,1160724697406779810,484389460028749,30562823872155943,30078434412127194,1.610421118971039618
1,1466,2023-07-05T02:00:11.000Z,17624572,0x6efeccf52408db6a9014c00e4df1ec58b01cd9c5b8718174c8cee3a9e9f3fc4c,0x065ac9da811e6e6fbafbfc7539b62341cdec50b336990bcd331245405cdfeeec,262,261,legacy,1321002874158651954,126745333333333330000,1160724697406779810,427489832955446,30990313705111389,30562823872155943,1.398724917382087076
1,1467,2023-07-06T02:00:11.000Z,17631697,0xe07802e135d9bb927a9f1149e900c88880b2e72494a8a5053d490a5f19f50817,0x1ce22ebf7f8c3be8d1a01ede411369fc33d85242abb7ac139051b90a8d612343,305,304,legacy,1297755071290075500,126745333333333330000,1160724697406779810,367465240901936,31357778946013325,30990313705111389,1.185742243200745984
1,1468,2023-07-07T02:00:11.000Z,17638820,0xed67b6376d274ad724d51992fc7f5300e0486dd3199ace2d4f8da923cd736460,0x7d56d0611510f3e0fd0811e440aead2146ec53eaf507fb4712802f617e3c4912,379,378,legacy,1262336323988540150,126745333333333330000,1160724697406779810,271016609009187,31628795555022512,31357778946013325,0.864272337258894827
1,1469,2023-07-08T02:00:11.000Z,17645942,0x0a678960ad295a4dfc3c960943e49a9e4b29098aa33c9fe0070f2b2fa1daf89e,0x10cd2d8ab652ebcd467ed43ee2f3a7e2a902afec1635c9229323d43c68e3b862,380,379,legacy,1193548425920840332,126745333333333330000,1160724697406779810,0,31628795555022512,31628795555022512,0
1,1470,2023-07-09T02:00:11.000Z,17653051,0xf1a0c3d717d581a013fbaf912032d3dd9ec1e85e4e6a860ea1e6a5661257df50,0x1301e82859313161d2d8d338009a6a3517af965d2c55fc7943c1e1416146e64a,226,225,legacy,1204050865985429713,126745333333333330000,1160724697406779810,0,31628795555022512,31628795555022512,0
1,1471,2023-07-10T02:00:11.000Z,17660162,0x1c673bafe7b712e75152f63b0b0afeb92cce4be685acd2ba4a52ea4bb6fc92cf,0x4f40bf31bde002440f6fd59608c4bcd7943ffb7d8ff942b978bd517bd1be597f,312,311,legacy,1208039642417226330,126745333333333330000,1160724697406779810,0,31628795555022512,31628795555022512,0
1,1472,2023-07-11T02:00:11.000Z,17667269,0x4cb334734a30748c211c5fe7ecd58d28ae00de240cd9f675d35386c2680c3915,0x34388652a619c0231742e3b3906ae0378165dcfebbe003a37b92504915fb6bb1,622,621,legacy,1192123296108628572,126745333333333330000,1160724697406779810,0,31628795555022512,31628795555022512,0
1,1473,2023-07-12T02:00:11.000Z,17674384,0x9587477d8b3c1813b5fb5b86b80ccef2705d9a5e87de7b7d79537d3b03bfa1a9,0x3d8ac1d9ad2ea091b5b14523b3c5b1e299be28ede2cb2e379c871078370db052,335,334,legacy,1224814828684994572,126745333333333330000,1160724697406779810,171109420187181,31799904975209693,31628795555022512,0.54099252653966327
1,1474,2023-07-13T02:00:11.000Z,17681491,0xbe9e806aeff0f87c682cd7fdae6f825dfdf1afe4911837df793b233104a69c95,0x69cad53b039ae7ffe6606b9388edda95cfad0b4e9ebebd345627a792e8ccf63b,320,319,legacy,1221122440991993056,126745333333333330000,1160724697406779810,137676472241862,31937581447451555,31799904975209693,0.432946174993889717
1,1475,2023-07-14T02:00:11.000Z,17688596,0xde2d1c095c95e4ecdbe65b0bd0264c9d8d2e1407dde72536632dcd6f3242d814,0x64e193c6658c6149a55697692c5c020aa246acc339b4d478c5807865796de771,377,376,legacy,1234897274016299904,126745333333333330000,1160724697406779810,207246908576671,32144828356028226,31937581447451555,0.648912344592104904
1,1476,2023-07-15T02:00:11.000Z,17695707,0x4dfc595122978aa91ced4554cf2e14e03c865e5d7834841255ed5b4858e48d92,0xd38858626bdaad91a1fb96732ebae6507f711fcfb3b352f474759d8fe00ebdf8,321,320,legacy,1213000000000000000,126745333333333330000,1160724697406779810,0,32144828356028226,32144828356028226,0
1,1477,2023-07-16T02:00:11.000Z,17702762,0xbb75e0854649e2203489d0b93b4d842d69361c7934488ce4268e19502e1db6c5,0xf73a6e4847c111363df4782a13ab7aafa3d6bbb860d1cc278fd988fbd2d01cb6,500,499,legacy,1190722380503153408,126745333333333330000,1160724697406779810,0,32144828356028226,32144828356028226,0
1,1478,2023-07-17T02:00:11.000Z,17709868,0xf4859a8db1597109b9dc57e78e546819f4becb18f8f7f6d331e365833f259b41,0x7aaecab1e99485ad1d302a84558767056c3d1a534cb1caaf7e1106fa6451eb3c,243,242,legacy,1171272417450102967,126745333333333330000,1160724697406779810,0,32144828356028226,32144828356028226,0
1,1479,2023-07-18T02:00:11.000Z,17717005,0xa2b2aeeded856071d17db24021790a7e8522d1fa409a56362ddc984f71314422,0xecb14b95105cb1232f1bbc4ab8ec2224b8203ac33545efc4000801ac8187cadf,321,320,legacy,1136121848681120848,126745333333333330000,1160724697406779810,0,32144828356028226,32144828356028226,0
1,1480,2023-07-19T02:00:11.000Z,17724129,0x6c3900aa7a129845809958b299dde0ffe8e69f0cc33354d38c43ece0a7080132,0xca103b9d80f17759560e5ba36524c3eb562bc131c6497fd73e8900592289ceea,330,329,legacy,1085768681065174297,126745333333333330000,1160724697406779810,-208591759350211,31936236596678015,32144828356028226,-0.64891234459210636
1,1481,2023-07-20T02:00:11.000Z,17731260,0xf5f8806522c8c9100a5e37579002ba079dadd04ecf4b573e02519f581822f6b8,0x6ae1bec8b6b0bb7441bf3e4c170a5c67a37e0cd2d4d061b551e0d79753937651,458,457,legacy,1049927549563076005,126745333333333330000,1160724697406779810,-310312551967432,31625924044710583,31936236596678015,-0.971662866499775664
1,1482,2023-07-21T02:00:11.000Z,17738406,0xf9c2be589902a0a19039f61816e585c88070d9a68a54944385271c645d6b09be,0x9504d7ef560d6d66585eff0272c53e5e1a77307122c9b1f395b1bf6d2ff80b6d,434,433,legacy,1065041855718947288,126745333333333330000,1160724697406779810,-239307226467600,31386616818242983,31625924044710583,-0.756680583085204719
1,1483,2023-07-22T02:00:11.000Z,17745547,0x0c38b7840c819346798471a01cd7a3bce27fc6423e827042366367c7164f9043,0x83fb192580fe52f3f0d584732c376cbf0bc149da528bb29492926fb343612eca,386,385,legacy,1066124573122300918,126745333333333330000,1160724697406779810,-237496435151000,31149120383091983,31386616818242983,-0.756680583085204933
1,1484,2023-07-23T02:00:11.000Z,17752698,0xfc74bad39e6d40131d27aab990db613ec407ce7a2956db7ed7aa3061cd1dd184,0x8e7633553880a12f9550b5e0ab78d726ced007631813b0cfd0ed5c17ac30bdc6,292,291,legacy,1074457929859305906,126745333333333330000,1160724697406779810,-235699345740693,30913421037351290,31149120383091983,-0.756680583085205454
1,1485,2023-07-24T02:00:11.000Z,17759845,0x5b7656705ff720c95d5c74cc191aba09a0e7eb3bcfca103a05c2332831e26f9d,0x8ea80ccba726b0d60e284ecdfbc00ad073e69ad339f8ad389757931c2b701310,379,378,legacy,1075845070960820390,126745333333333330000,1160724697406779810,-233915854557014,30679505182794276,30913421037351290,-0.756680583085204452
1,1486,2023-07-25T02:00:11.000Z,17766995,0x4200697b6481cf944a5dc779e3c24842b17525c4c15c5fbe88341f8623c471fd,0xa150b5dbfe703de05ed9e8606c86082742bfbfaf3302b165d652b6cedd35340f,368,367,legacy,1056944575197493756,126745333333333330000,1160724697406779810,-265154476502800,30414350706291476,30679505182794276,-0.864272337258895273
1,1487,2023-07-26T02:00:11.000Z,17774135,0x3d8efbf4d081f6059b0a1d74e6762332f73ea31a922262dc26423e2e612b2260,0x41f258a394984fe82cc3f4397e643be591d816e53e67a2a0f21dc82a225f4d9e,567,566,legacy,1038881917782845411,126745333333333330000,1160724697406779810,-328118414907669,30086232291383807,30414350706291476,-1.078827616858494432
1,1488,2023-07-27T02:00:11.000Z,17781289,0xabeda53f6b6d600321a6682bc2b6305ee67ec84406edddaeec4ba397b5ecb343,0xd54a9c21200da567e6730b30f948259adb7e180708c70b46bf2558961e5f2006,48,47,legacy,1051557281765300992,126745333333333330000,1160724697406779810,-292336747104241,29793895544279566,30086232291383807,-0.971662866499775539
1,1489,2023-07-28T02:05:23.000Z,17788459,0x7f39808b8893d5d7a4718f40331e3de6e95427bfdd6a97adaf6665c9e8f7c14d,0x4e4bed4df6879fd54f36d35f0c3a565d16a18ee62c7d311fcd5fa474853fe07e,97,96,legacy,1080091983767371815,126745333333333330000,1160724697406779810,-193336266121707,29600559278157859,29793895544279566,-0.648912344592104211
1,1490,2023-07-29T02:00:11.000Z,17795577,0xdf225d071056750d12e7e86f1f2dce311d4d38cd6c5c3556072053e752a00541,0xacf1ddcd30f30e9615472b83e90bf13ebd7548f7ae972022c7382c18109ad325,303,302,legacy,1074836758489575413,126745333333333330000,1160724697406779810,-223981684542447,29376577593615412,29600559278157859,-0.75668058308520623
1,1491,2023-07-30T02:00:11.000Z,17802729,0x1ec5818c0cb47e8797136a64a4a8a37a6cba86a1937559cd8aab0ed01e331379,0x5324f9e729c4eefc7813e059cba99aee842637f31a560f3b7640698367b4b770,295,294,legacy,1116786459654472899,126988333333333002884,1162950074026585414,0,29376577593615412,29376577593615412,0
1,1492,2023-07-31T02:00:11.000Z,17809869,0xf150bded4d20c6d8936e4650cba2359392f80989b4a338b5e29acff5b57d1679,0xdcb457532078d9d5eda065de62311fd17b8ae67ff211929534b0be0359b0dfdd,295,294,legacy,1140564490169527988,126988333333333002884,1162950074026585414,0,29376577593615412,29376577593615412,0
1,1493,2023-08-01T02:00:11.000Z,17817032,0xd344fd3018d443bf26a62db49411818c89eab60aa93e1fcdd11ddd456159bf4f,0xc1890b76937fb39d7eed6192374e009ae22897d5ef10a20ac63cb1ff6dae1f0b,151,150,legacy,1123033654898789618,126988333333333002884,1162950074026585414,0,29376577593615412,29376577593615412,0
1,1494,2023-08-02T02:00:11.000Z,17824190,0xd81e295a21987ab090a2adbea42dd4098d6ab008e69192bb18f403ac5a6a78de,0x9e2af99bd54dbb9a85197c439b66170b7d2f8432603b3b875c4d31373928077c,325,324,legacy,1113451798670623160,126988333333333002884,1162950074026585414,0,29376577593615412,29376577593615412,0
1,1495,2023-08-03T02:00:11.000Z,17831351,0xc34c775b8fe33c14ffe19f6bc0ad0d9863d3db3b3fec4e7b09183e77fc12e236,0x3f44670b2447d1aae116e5c87050d22b92d4d4400884c740216b43b91faba4f6,192,191,legacy,1142402929364198183,126988333333333330000,1162950074026588409,0,29376577593615412,29376577593615412,0
1,1496,2023-08-04T02:00:11.000Z,17838501,0x1015830375bb1871c5f97ca6832a728c851813b55734425a07d58d884b657b10,0xded351a286cca277cebe67f23e38813790018728b17393af3cebc895248ccdfc,123,122,legacy,1132056890137769728,126988333333333330000,1162950074026588409,0,29376577593615412,29376577593615412,0
1,1497,2023-08-05T02:00:11.000Z,17845651,0x3b85ab147d2150bf07ea34a742a2c90f8dcbe3110c6cc1929b757f5c48ae11d0,0x534e846233da252d830b8fc3b4af7a52c340a372949d776d71c680296d261102,278,277,legacy,1105922627514166478,126988333333333330000,1162950074026588409,0,29376577593615412,29376577593615412,0
1,1498,2023-08-06T02:00:11.000Z,17852803,0x8ffc10770720aebbc0c62f471dfd27c270bf1aa894678b8f65aac5884982bf21,0x88202e15996cd8fd9423e1e0053cd63f2eadf52973eb9757346f504d3cf3880a,263,262,legacy,1117465334978516950,126988333333333330000,1162950074026588409,0,29376577593615412,29376577593615412,0
1,1499,2023-08-07T02:00:11.000Z,17859938,0xea48239f5b8982f5b0ab36a2e46f7cbad68785f73f11c46ec810639f0c10313c,0x24651c99c51e882e974a61a53704ba9b3193c07f5a55df73fa799d87f049b503,461,460,legacy,1114302509790900100,126988333333333330000,1162950074026588409,0,29376577593615412,29376577593615412,0
1,1500,2023-08-08T02:00:11.000Z,17867086,0x65fd69923d77f69edad85f57ae6dd9a43fa9c38235f4391e045a3afc76ef8c25,0xb8bda5cf0678af61d32ccd03f5e82a7d8db90f3268fdfad8ed91968f184e01bf,310,309,legacy,1090006612794405915,126988333333333330000,1162950074026588409,-190628238423649,29185949355191763,29376577593615412,-0.648912344592105854
1,1501,2023-08-09T02:00:11.000Z,17874228,0xef8de64d4f4240e17cf1e3d3a2c5b6e8a010843a8d9d9a4cdb978f3181c56fb8,0xc552a7c951e4ca5a64a6f70906f7d7dcd73842aeec0344121267539792e1ccaa,332,331,legacy,1105000000000000000,126988333333333330000,1162950074026588409,0,29185949355191763,29185949355191763,0
1,1502,2023-08-10T02:00:11.000Z,17881371,0xc0fdc3c3c84eb5dc669ec5974990a768ba2734f12e6c4a3b03162b5774d50e16,0xd649f71b245b016fad701fa4163d3e237be0f7d8e2ec3ce9e32cf69857e04a0e,353,352,legacy,1092676855252632500,126988333333333330000,1162950074026588409,-157893804811239,29028055550380524,29185949355191763,-0.540992526539665053
1,1503,2023-08-11T02:00:11.000Z,17888523,0x0db2e3fa3590f89e451a7206b92def7cb8bf1f35ba22ddd8cb37c9ceb26b2f52,0xd8d6799656e1bcba13e52bee580fbfb005b8318426df34d1d8e39f7a9d164be6,278,277,legacy,1070938678031673640,126988333333333330000,1162950074026588409,-219649659996917,28808405890383607,29028055550380524,-0.756680583085206507
1,1504,2023-08-12T02:00:11.000Z,17895661,0x5f3fdd84205d78fa1e62cf6cfdde7909cc73392ad9146b04dc590c792638190f,0x007b6730a60233dba1788dd337cdea41181fff5d4a252519d6b8faa9df1180b2,311,310,legacy,1079264713856253400,126988333333333330000,1162950074026588409,-186941302102898,28621464588280709,28808405890383607,-0.648912344592103797
1,1505,2023-08-13T02:00:11.000Z,17902814,0xa1d7ee86cbfdd6bf46965c1bfcf8d6e33278039f33a0ac66057bb2658451919f,0xf70853598d1ae45a86f7f0a8f63da362faba20b14616fa496e6f2bd2f30de472,116,115,legacy,1078764504382007000,126988333333333330000,1162950074026588409,-185728216916412,28435736371364297,28621464588280709,-0.648912344592107023
1,1506,2023-08-14T02:00:11.000Z,17909967,0xfc2f756562366bb539dea13b24c43602302789bde61b100012aebb3d3004287e,0x7d1e2fd9a188dec9a8e6699c3e23ea3b8ae37cdc261d73799a9e098595f7fb60,255,254,legacy,1070000000000000000,126988333333333330000,1162950074026588409,-215167695779411,28220568675584886,28435736371364297,-0.75668058308520473
1,1507,2023-08-15T02:00:11.000Z,17917124,0x778f9351f1131d0ad94c2f29d07ce754a58645a4f8fe75bc5378367479ee1932,0xd56c01e853db87c995f9877b1a6d79129ed6424096f199fa5d2e082ccc0e8ae0,446,445,legacy,1071434752211216500,126988333333333330000,1162950074026588409,-213539563604377,28007029111980509,28220568675584886,-0.756680583085207021
1,1508,2023-08-16T02:00:11.000Z,17924273,0x177618b34d55a115d8dc2a46a4b60d5175fcaa9b9f8ad4532f5f4122946d6bfc,0xbb46f02cc0616977faffe7157fa44dca6b3bccd06a402bc31592076c934bff15,411,410,legacy,1080935377543685627,126988333333333330000,1162950074026588409,-181741069261146,27825288042719363,28007029111980509,-0.648912344592104551
1,1509,2023-08-17T02:00:11.000Z,17931421,0x81de1844e8311bffd91e17e388e938fa1fdbb55eee4c3912ea090bddf15b7b5b,0xfd3d8780e46ac8ca40a860aeb5df0ce3389deb98eab12d8c100f58a4bbc8919e,404,403,legacy,1087945718633742320,126988333333333330000,1162950074026588409,-180561729027517,27644726313691846,27825288042719363,-0.648912344592105497
1,1510,2023-08-18T02:00:11.000Z,17938564,0x2bad7cd060078ee13b82847386f527e33dc1e966616fc9c434fe19ae5775051c,0x001d830c1d5701b4ac4625f420047a3fd10eb1ca7a8c6374f1ec8e28f56616df,457,456,legacy,1037538722039838720,126988333333333330000,1162950074026588409,-298238942077055,27346487371614791,27644726313691846,-1.078827616858494938
1,1511,2023-08-19T02:00:11.000Z,17945704,0x604b6c01186097250a4aa37c9c147504d68d4c77d54cc5608caa6b2633131db6,0x961ce6ac4789d2e36ab72f497c9787e48fca00b321ba5f5295dbe7fc0a34c862,259,258,legacy,1025706765689342000,126988333333333330000,1162950074026588409,-324258852796794,27022228518817997,27346487371614791,-1.185742243200746191
1,1512,2023-08-20T02:00:11.000Z,17952844,0x2bed33e4191a6d77a2c5a310319bd2185c231c0b9e6127688b95fbed54477bc0,0xcdd0a480e618a9286fcc1fc5a5609e4ae7efb7a0d265a62190cbc82ac5788445,269,268,legacy,1019572793403410000,126988333333333330000,1162950074026588409,-320413978601865,26701814540216132,27022228518817997,-1.185742243200748821
1,1513,2023-08-21T02:00:11.000Z,17959987,0x6beb705805f4f040f20e216b10af9922995f3d963e657e1f155c647ad2695c7a,0xc7eda1266c9a0e2e6680f1d666abf840b06c3479e61e549087b737fe2d36795b,273,272,legacy,1018365186325011584,126988333333333330000,1162950074026588409,-316614694704462,26385199845511670,26701814540216132,-1.185742243200747028
1,1514,2023-08-22T02:00:11.000Z,17967133,0x78c3f47596ddcd8f4c651731d1811ccb1c991122fffe2deca56797793a0f5e0e,0x19cc0316ad23d007f89fbac5d209a309adea18af5b950e19a2c8f1794840b99e,320,319,legacy,1016387630910433412,126988333333333330000,1162950074026588409,-340997739944861,26044202105566809,26385199845511670,-1.292382630950083166
1,1515,2023-08-23T02:00:11.000Z,17974287,0xed591a645702dedac73bb9944dddde637e6baec30c23565b7241ecb1ebfdb7af,0x210fdb9c292ccebf159850be79a21f331fc83222e77960fd91298c72021be44b,412,411,legacy,1026029204368594765,126988333333333330000,1162950074026588409,-308817106270284,25735384999296525,26044202105566809,-1.185742243200746756
1,1516,2023-08-24T02:00:11.000Z,17981445,0xbfdf0a18a267bcf21aab127c6a99e0d7bf94cd57a3d3f2d4a8e06f5233b121c1,0x0e136ba881b6c30419b044c607961ad8ff0ffe67c756095b9e6eb728eb454b25,379,378,legacy,1030868980859038720,126988333333333330000,1162950074026588409,-277640440677269,25457744558619256,25735384999296525,-1.078827616858493792
1,1517,2023-08-25T02:00:11.000Z,17988594,0x775e55db3b988b650272e36a08578cdac4abcb46b9569d386d69cfb12fcc09a4,0x1255a5da7eeb2648407a0b29d13457411532f048a57417ef302ce69a7782b58c,233,232,legacy,1051272730262758255,126988333333333330000,1162950074026588409,-247363450524471,25210381108094785,25457744558619256,-0.97166286649977753
1,1518,2023-08-26T02:00:11.000Z,17995736,0xea0a89da0db951aa25ecbd7223cc4037a2ac2f9bedc9ea45d110118e613ba85d,0xb862a48858a098a9276e33f9da35b3a7ef362b9a66ed1e1d792bd4fc385cf879,346,345,legacy,1036115185722708220,126988333333333330000,1162950074026588409,-271976553709403,24938404554385382,25210381108094785,-1.078827616858494153
1,1519,2023-08-27T02:00:11.000Z,18002881,0x9e959b5a5ab08802b42c408b012efc85e509c17c88daaef86073d16c6818907e,0x363ede29ac3b56761677bf9158c77942e2900031089d72f2965081f1ee853837,330,329,legacy,1030090180674256384,126988333333333330000,1162950074026588409,-269042395536606,24669362158848776,24938404554385382,-1.078827616858494213
1,1520,2023-08-28T02:00:11.000Z,18010020,0x17ea03af4255f089d59b4c392def60a25b983538fdcddc7d9057ab4a2babbb70,0xbbd8328a1f192e344a6a4ce8bb8f6b36aace03f624f77c9681428b6c6b75e35c,329,328,legacy,1041411816734925568,126988333333333330000,1162950074026588409,-266139891872500,24403222266976276,24669362158848776,-1.078827616858496524
1,1521,2023-08-29T02:00:11.000Z,18017168,0x7a194b025f9c704f9bf7165fd69165cac5b28a2036ccb81bdb8da7840df2ec3d,0xca5be36a2a787312338a26447135423ea0015d5678d12ff65c5599fe6fd0f902,502,501,legacy,1027332897148670629,126988333333333330000,1162950074026588409,-289359315121709,24113862951854567,24403222266976276,-1.185742243200748311
1,1522,2023-08-30T02:00:11.000Z,18024303,0x3d4bf1b3f278aec1f60bedec86442146c7b51a5d13f9622a6dfc1dee496a3b14,0x4902d7f854576e0ba1cbe4ce1783230dcc8bab8d9e855744e0397dd925dbf68e,392,391,legacy,1037549140714067979,126988333333333330000,1162950074026588409,-260147013016016,23853715938838551,24113862951854567,-1.078827616858494333
1,1523,2023-08-31T02:00:11.000Z,18031433,0x0106a79c8afa71fb641ddd8b203c08b31981c2765cb72ac5a5a629bd1e9c31fc,0x1618588f471b6d3b4379da9c638ad4486b9add9a523ad50132794900015e5901,251,250,legacy,1056000000000000000,126988333333333330000,1162950074026588409,-206161068267698,23647554870570853,23853715938838551,-0.86427233725889704
1,1524,2023-09-01T02:00:11.000Z,18038584,0x655e770ea2346fef104123f5fe2685358324d96c1b85fff4ef89cb04f1849762,0x1cc683c9c3465ba029371d5957aa38a31b103fed0189575424f9109b6f9b14ff,354,353,legacy,1049631766441691193,126988333333333330000,1162950074026588409,-229774509512496,23417780361058357,23647554870570853,-0.971662866499775388
1,1525,2023-09-02T02:00:11.000Z,18045723,0x011e62689b13dcb31e77195c7e656124a74c1eb4677e821962c172661f651984,0xeecbfafd7f2a2e2222f615c6ad363ff8e015205d0c69fa011466ff829357c4e3,295,294,legacy,1015697016818241760,126988333333333330000,1162950074026588409,-302647325940358,23115133035117999,23417780361058357,-1.292382630950083682
1,1526,2023-09-03T02:00:11.000Z,18052851,0x38b9499d3a49e9a1f2981466f8fff3aac1433b91683f9d75f2caca67401a07fc,0x1990c3fb0ac2f46bc31505a9ce346697d16c1614b3e26f0ae92546dbd2f60635,268,267,legacy,1003270030221792700,127177666666666667080,1164683975151487325,-323317125448213,22791815909669786,23115133035117999,-1.398724917382083838
1,1527,2023-09-04T02:00:11.000Z,18059995,0xe04a3d6474a18b8d914b92dd7959d059f9ee8a36f32911a43f7edae5c42f09e3,0x0609efba2b81ed08e13470e20b377648512966e207f90cea4ec27671ce3a5e9b,299,298,legacy,1002668765038051468,127177666666666667080,1164683975151487325,-318794808252406,22473021101417380,22791815909669786,-1.398724917382086671
1,1528,2023-09-05T02:00:11.000Z,18067157,0x9ade7452fe7aaf4f7ddff5774d74a1da0c74f8ae8d9f2d37807d1c2401a1f4c0,0x0433a7a88d06b7f07dfdea4f23a0636189b66c14e5fc15cbc3b6e5739b0c499b,1303,1302,legacy,995480334461739890,127177666666666667080,1164683975151487325,-314335745834059,22158685355583321,22473021101417380,-1.398724917382085992
1,1529,2023-09-06T02:00:11.000Z,18074299,0x072931fdfd471e5982ae762cf9a9a349bd37a430e07c0489df383211d0f2bc05,0x5d5181690860d3298cf17f02c4938030bf307e5530cba91170fe0da97076310f,372,371,legacy,1000451437211096576,127177666666666667080,1164683975151487325,-309939053432839,21848746302150482,22158685355583321,-1.398724917382085115
1,1530,2023-09-07T02:00:11.000Z,18081429,0x23871e874e5fbfa4ad806067b01e8f12377d9d2ecf037de2ed17fbc33972c43a,0x91448b15cfea3ba2b6ba948d7ecdacf1659eeabce1918ba7f8516cc1a9911740,317,316,legacy,996208397381057234,127177666666666667080,1164683975151487325,-305603858663776,21543142443486706,21848746302150482,-1.39872491738208646
1,1531,2023-09-08T02:00:11.000Z,18088583,0x7440e6139a5a751c0276550a538eb070632c1d5ece98e7ad4d13dc8690ccc6ba,0x27647d5e8617660d2ac56ae67c1aa2d6ec1c06031bab262d14999aac180d4010,373,372,legacy,1008510286885740928,127177666666666667080,1164683975151487325,-278419831100458,21264722612386248,21543142443486706,-1.292382630950085373
1,1532,2023-09-09T02:00:11.000Z,18095721,0x831bd96dd9ab85de32a8956c088af56f3259f74fa42ad6548e24bf94d19eb984,0x96d23b3901bc1aaeb9eb842cd262014c53944f03c50b4b74fd26e946f7025da8,257,256,legacy,1088310789433956480,127177666666666667080,1164683975151487325,-137989410075043,21126733202311205,21264722612386248,-0.648912344592104426
1,1533,2023-09-10T02:00:11.000Z,18102859,0x31708df96ad25d47e4208b9e81dbc3e2aaa9b13c4ef0e47c4ea0b9583bee98dc,0xf3b90a447ce41f854f26e74cd826ecf85ae669016ca67b6987bc18302b6df6ab,277,276,legacy,1076598864491044150,127177666666666667080,1164683975151487325,-159861887982104,20966871314329101,21126733202311205,-0.756680583085204865
1,1534,2023-09-11T02:00:11.000Z,18109993,0x93b32b9e1cc823448972b78c92d11a70b7244fd2616eb784a29c7e368a6cf5e7,0x8b60a3906a932e3203070f2e9f85ae3e06c1dc6015e1ed419a48fba671740eee,408,407,legacy,1087208615083554500,127177666666666667080,1164683975151487325,-136056616233422,20830814698095679,20966871314329101,-0.648912344592102755
1,1535,2023-09-12T02:00:11.000Z,18117140,0x4776972592caf35b70c95666e9483ba35fd3eebac2d5287d3e008ad5d36ff94b,0xc17fac3c03b5c46cf269c06f2e974942dc279569f8c68a159d802c1ad080649b,435,434,legacy,1070683095696154610,127177666666666668540,1164683975151487338,-157622730118949,20673191967976730,20830814698095679,-0.756680583085205146
1,1536,2023-09-13T02:00:23.000Z,18124272,0xb9db61f5bdcd40fb2bf0a62994a84206ae412e0fa90f4743ffe63407ee20f349,0x6808dea78690b294056fbadc1d33c2e0c7562b39a68ff118f3be76e96e78afdf,433,432,legacy,1163250678899898624,127177666666666668540,1164683975151487338,0,20673191967976730,20673191967976730,0
1,1537,2023-09-14T02:00:11.000Z,18131405,0x8154af1949c886b0de6a6d743643421bfbcae8a8eec101affa513eb6ebbba71a,0x69d843dde2a1da6f344ec54a35376748896e782bd450a0435a0f8c271840584a,271,270,legacy,1416442302491828854,127177666666666668540,1164683975151487338,440924425651234,21114116393627964,20673191967976730,2.132831864253166644
1,1538,2023-09-15T02:00:11.000Z,18138520,0x8fbac2cd37b06456c8a9aad61739487a856edab58273722e660c4d7b134e6915,0x50d59ac4b1cd6ebeff5730bfdaae0644bf2443ce4fa87035fe32e37faeab8437,473,472,legacy,1257103700498836975,127177666666666668540,1164683975151487338,159766419040593,21273882812668557,21114116393627964,0.756680583085205304
1,1539,2023-09-16T02:00:11.000Z,18145612,0xacb5725b5569b1a7b401422ec6e87c863a2a591e5b765193074ac5c1573dc8ee,0xb84fd2b050b008f3ea32306a82c708d431e8028d93e4291085299faa317fc408,463,462,legacy,1225777532557485782,127177666666666668540,1164683975151487338,115090116121343,21388972928789900,21273882812668557,0.540992526539664181
1,1540,2023-09-17T02:00:11.000Z,18152680,0x7ed8568ef13221a4e919f17cddb65cc5255e9cba2354a3180ebb0c67fe895898,0xb33a5e7a7dbee241a1b845962b935b325ab9c6affa6a59adf7016ba25e5ac752,234,233,legacy,1199079582753043243,127177666666666668540,1164683975151487338,0,21388972928789900,21388972928789900,0
1,1541,2023-09-18T02:00:11.000Z,18159732,0x7bf438f3b35d702fc9dbdbd4e13a11823803067c13fb74c6de8070b7cff08b44,0x0de555f20d9c8aa47ad31a4a447083712187c75339afcf5379fc66338826d7fc,219,218,legacy,1190910219097891840,127177666666666668540,1164683975151487338,0,21388972928789900,21388972928789900,0
1,1542,2023-09-19T02:00:11.000Z,18166847,0xd3d49f7e8e73f335a8773a1867cf8075dddc028767bc17efa4e3243df680b103,0x06cc60c439ffc1f7352ae5825ee6d1e329635dc630cbba5b6bb71a708a6ca42d,316,315,legacy,1184339093369885777,127177666666666668540,1164683975151487338,0,21388972928789900,21388972928789900,0
1,1543,2023-09-20T02:00:11.000Z,18173988,0x9af359b37f4eed6165806341e40a247c55b541547734d76084fd7dc2e2e38165,0xdb9f983ed0afd71facd0e65b52c4ed815bf7cd078f50ea1500f92bd825943041,154,153,legacy,1281539731863388416,127177666666666668540,1164683975151487338,207828707474741,21596801636264641,21388972928789900,0.971662866499775837
1,1544,2023-09-21T02:00:11.000Z,18181140,0xd8196ffee60b6ee63a32188b7fc095bcbed61dd94732cb6381ee0d8e47ed8a09,0x77cdf8cbd86775e17bc43e1fcd779fa2cb328695c35f0129e762d277f8ebd421,650,649,legacy,1358417976022530304,127177666666666668540,1164683975151487338,347799454572689,21944601090837330,21596801636264641,1.610421118971040427
1,1545,2023-09-22T02:00:11.000Z,18188277,0x7f3b5292da4b6fd81d97c0371e166c51f5086952e3657bafd0b6b8cc788a791c,0x146f83b2aabe4745f10bb9f14454324526486a8688c5ed281dff481c13cb95f8,340,339,legacy,1392423495470946635,127177666666666668540,1164683975151487338,422466452862585,22367067543699915,21944601090837330,1.925149840335808732
1,1546,2023-09-23T02:00:11.000Z,18195402,0xe31f384eb69dafe5c0a38dd6f0c5e52489cba0d083a55e52f807cd37004384cf,0xbdccfc272e4f20d435ffcd1c8500f2f47fd42bb53be877bd69680b7f5d754271,227,226,legacy,1379979778381883392,127177666666666668540,1164683975151487338,407225066972640,22774292610672555,22367067543699915,1.820645760455720671
1,1547,2023-09-24T02:00:11.000Z,18202549,0x45cbd14d9a547622fac13cd855e45cbb906f0393fb2fb400c2810babec06afda,0x1a16f74c59080bab1098950879592bc57fa8cc485d7dc7ab67060b6fbcb17de9,172,171,legacy,1335823349956698713,127177666666666668540,1164683975151487338,342695146046985,23116987756719540,22774292610672555,1.504745512430933672
1,1548,2023-09-25T02:00:11.000Z,18209687,0xcba6303b4670dc760556b812ae2fd269d04dc4fac0a4afb76b35fd8c721a6920,0x30eb2a1a0f1243266f9bb92c7d7eb6c3d490dff7183c39b670d52c4f05e78507,223,222,legacy,1352619929617587762,127177666666666668540,1164683975151487338,372280852904161,23489268609623701,23116987756719540,1.610421118971039419
1,1549,2023-09-26T02:00:11.000Z,18216834,0xe649166987929176622aab623ed130fa8e86f1b6687ee2fc5049fc3c5e77fb5a,0xfd77e9ed13a9cdfc2a628278d24868447cc84e36fe9a6f892f9c1b41f9c37e65,602,601,legacy,1330691195728344429,127177666666666668540,1164683975151487338,328550252953615,23817818862577316,23489268609623701,1.398724917382084413
1,1550,2023-09-27T02:00:11.000Z,18223979,0xa3d42e56573535825304ef70625a862ec467234e6a95a5f908ecd693586049a6,0x38eb133863860225baf4a81b96261705a5e0eb2b2902bbf3b276999cb061eb95,305,304,legacy,1291818512446600397,127177666666666668540,1164683975151487338,256953207622816,24074772070200132,23817818862577316,1.078827616858495174
1,1551,2023-09-28T02:00:11.000Z,18231130,0x69cccdd500d5fc750426e57f37ca36cdd44d90448072f46c120da18255c87fdf,0x59bcae771dfd08f2bab968f61bf6300222b5857fe8cf9b280831a9fe768a4b27,66,65,legacy,1263451234550462931,127177666666666670000,1164683975151487351,208071595260871,24282843665461003,24074772070200132,0.86427233725889773
1,1552,2023-09-29T02:00:11.000Z,18238261,0x28927ea6ce1866b4d7d8633acec39d7888625231b2c07952da3f5b4cec102b3b,0x9a241fcd423b4952039a31eee9da9ee5aba9b4aefe8c8aebfa8859745ce1651b,371,370,legacy,1251711156834931125,127177666666666670000,1164683975151487351,183743563037479,24466587228498482,24282843665461003,0.756680583085204653
1,1553,2023-09-30T02:00:11.000Z,18245402,0x0dbfe1e3a8c02d7826a542bbc48a89052f298740d124dafbf1d808c15ffaab28,0x111bb0466cebd0be362fc390a6f13fe26cb163fc2524ab75299a4fbd83142a3d,429,428,legacy,1286490664365346048,127177666666666670000,1164683975151487351,263952299923815,24730539528422297,24466587228498482,1.078827616858494697
1,1554,2023-10-01T02:00:11.000Z,18252561,0xe00a0837cc30989816c46f8bd4fefd28e8d932d53ca9f9ecd6aaaa13bd6b878f,0x30ca11844acbf38afa40eacb4bfd06db03ff7662653307c3ff17998a8c732a5f,337,336,legacy,1301525365165309390,127177666666666670000,1164683975151487351,293240454159962,25023779982582259,24730539528422297,1.185742243200747068
1,1555,2023-10-02T02:00:11.000Z,18259722,0xdf226bff6253cded5ce6a4caa0a70cc999cd5a28de3bf149cce6cf03636c68f0,0x5d3bf976684cd95e661e6e5e9ae8fb9eb4ab8eb169da854d4d26b656a3ede918,345,344,legacy,1280530639741544448,127177666666666670000,1164683975151487351,243146777885356,25266926760467615,25023779982582259,0.971662866499776298
1,1556,2023-10-03T02:00:11.000Z,18266889,0x09e774b48d75b1dccedd2ea24e93376068ba33d75b885f0a258f206f4946329e,0x0173929b50f1e5e56158b4310d8a57b776c444aff5a55b341c3166f11b30ca04,372,371,legacy,1247766123718930477,120550666666666670000,1103994383137200987,326545372827162,25593472133294777,25266926760467615,1.292382630950083242
1,1557,2023-10-04T02:00:11.000Z,18274035,0xfeb1cb468cbb13d0d3a7591d15e2327ce3fa63deed177838181dfaf33490ee60,0x4a94ce01b31c931c29ee143eeb87fcd13a6aa5863d2d9aa3d6f1a6e2612abf16,419,418,legacy,1174362117739141459,120550666666666670000,1103994383137200987,166079200082690,25759551333377467,25593472133294777,0.648912344592104335
1,1558,2023-10-05T02:00:11.000Z,18281189,0x8587b2721c7282b675a56cf706a7ab6b3b9216a16134f0de0cbaad67e347a65f,0xea09f159b881b3c80f9bf6451928fdc7ce9f06a02bdbbff541fce883d174a095,327,326,legacy,1164000000000000000,120550666666666670000,1103994383137200987,139357247583720,25898908580961187,25759551333377467,0.540992526539662195
1,1559,2023-10-06T02:06:35.000Z,18288370,0x0700533185f183dd77f0fb3fdc7a022215be1c8c0aeb501acbc13e23a408fb17,0x9d52b091a7963ea2be7ba92db640c762a1787dc7d913111669817e7465b24dcc,220,219,legacy,1183569094178982540,120550666666666670000,1103994383137200987,168061214896481,26066969795857668,25898908580961187,0.648912344592104579
1,1560,2023-10-07T02:00:11.000Z,18295489,0xae1737af55caa21ceaa5bb78ce3ab0ab112b9b4ab586bdbe6ab3d4d932ad5b34,0xe78b2ac11f681c8b831976f3f58cd3a358924c827878b402dada85e749f008ba,261,260,legacy,1163074443792097700,120550666666666670000,1103994383137200987,141020358490941,26207990154348609,26066969795857668,0.540992526539662107
1,1561,2023-10-08T02:00:11.000Z,18302647,0x56c44e9ca0ccb4ea07fe35047617a2513c5c66123c3819f7e8f88d03cee1356a,0x73b0a268c0ee66841787b17f21d8ea65fafac95bd74f74dbf8138436e951eb24,309,308,legacy,1162292792573604345,120550666666666670000,1103994383137200987,141783268091277,26349773422439886,26207990154348609,0.540992526539664279
1,1562,2023-10-09T02:00:11.000Z,18309792,0xa9d6725e263aaabce9158abf084b3824eea04f477e6c2212ca010a491e11aa45,0xf29cc7b799563a48a85149a1df655d83ac3f3fef97e114d7303f28e37041c9ae,298,297,legacy,1164527785848420613,120550666666666670000,1103994383137200987,142550304975534,26492323727415420,26349773422439886,0.540992526539662363
1,1563,2023-10-10T02:00:11.000Z,18316936,0xe4fb698f76f0ee571d6060dd3cd9a5ac4623709bd750de156d17131f2af83399,0x1ddcb468c3118044c3c951b2200651acec42fd409f385bd969a36d90a67271a9,315,314,legacy,1135558609025817705,120550666666666670000,1103994383137200987,0,26492323727415420,26492323727415420,0
1,1564,2023-10-11T02:00:11.000Z,18324088,0x4816c75e7db177c9cf3754810c705c1bccd68f6f98b1081a115396e9a335fba3,0xdda5a1cee8349bf9eaf61f751f5f01c92bd63cc83e651a8c719ee4b223f25516,317,316,legacy,1098762808863686046,120550666666666670000,1103994383137200987,0,26492323727415420,26492323727415420,0
1,1565,2023-10-12T02:00:11.000Z,18331219,0x26c278f3bfd0dbf41ee81960f1980b942ea9d73c402bfcb2574ce62e309ff880,0xb6bb7a9ed9cecc97553f8666f343f3c16cbe66a2f06ca00fa7dfdd287c314e0e,124,123,legacy,1076890462503076719,120550666666666670000,1103994383137200987,0,26492323727415420,26492323727415420,0
1,1566,2023-10-13T02:00:11.000Z,18338362,0xfb10952fbdbc4b949aedda10e7a09783c44ac2632fed533af87b16dea37a30aa,0xf8070a4efcec0d2a7e9b869da6230b8c4b19e59f6562b72cf83dc9f16b55876f,275,274,legacy,1064801154884018560,120550666666666670000,1103994383137200987,0,26492323727415420,26492323727415420,0
1,1567,2023-10-14T02:00:11.000Z,18345504,0xddd1ceeebc1e6311e520468697735fd0406a563a115c659fd7b780fc36225553,0x6ccb4b00e8af09b50d3cdd676753bc148cfc4559c845ca38974d6fa391db20bd,1322,1321,v2,1062416255314510782,,1165619177922746578,-228965825473126,26263357901942294,26492323727415420,-0.864272337258894767
1,1568,2023-10-15T02:00:11.000Z,18352656,0x097aaca8310e3cc24e614da5c63a7ae22246ec65b978c9c6ea8847312900e17e,0x69cca2e3c27a0dd76b4c887387c44d97cdc54966a80748bd31dec766902d46a7,226,225,v2,1078904070264122611,,1165619177922746578,-198729729710171,26064628172232123,26263357901942294,-0.75668058308520419
1,1569,2023-10-16T02:05:11.000Z,18359834,0xecd137a9cfc31704b4f4e29da20325c1e19198b1b84c5871c612fa032a15c949,0x0eb73d829d923b3e31f0e6aea1358e0562787900de97f977ce63cec0e3444deb,281,280,v2,1098095974680763676,,1165619177922746578,-141007690482128,25923620481749995,26064628172232123,-0.540992526539665504
1,1570,2023-10-17T02:00:11.000Z,18366977,0x25889e2da30cb84cd4ad47c334f27f0e114b8c027183de66cb6b4c92ba86b39f,0x07029e2dc4ce44bae3c9e77dc88804fdf829f04828631a7ed89698b2bf5809cc,1340,1339,v2,1124323622048245760,,1165619177922746578,0,25923620481749995,25923620481749995,0
1,1571,2023-10-18T02:00:11.000Z,18374125,0xcbcf151924d1ec6a4ad6cdaa5a0f91920c45f1a7b08c14834e52ad6b60699cc6,0xaac1e3c19d1a26efc9be89dfa5f332a0a2ef42a0920a8a40f677fa78a3e22d27,196,195,v2,1127720043624184986,,1165619177922746578,0,25923620481749995,25923620481749995,0
1,1572,2023-10-19T02:00:11.000Z,18381266,0xa13ef62d52df4a1d1558aefad1990878c76a150d434af29eefb035980d8b7fd9,0x3eccb3e15e6e936539c5fafa7d61795efbcbbc34ed19ac96d14614e25f35e7d3,207,206,v2,1105277423001068032,,1165619177922748227,-112235323295669,25811385158454326,25923620481749995,-0.432946174993889061
1,1573,2023-10-20T02:00:11.000Z,18388415,0x75e834b8dba1ac5946e2d7c32e2a1b9c6e242a771a36c55d3d887e4f8119b753,0x32cb9f13aa82232f57116df78dfa1ea42017617d43e29a50c38c0b2bbb79bbc3,173,172,v2,1119792000000000000,,1165619177922748227,0,25811385158454326,25811385158454326,0
1,1574,2023-10-21T02:00:11.000Z,18395568,0xa31248d88993a9976becb6410bdd6d653bdca7851009dbef75c1f0539772e725,0xae7258ae9c2e30fba7d953ea6770c0a1538092379cf87082ee31e0306d17bfa7,905,904,v2,1164959793122780672,,1165619177922748227,0,25811385158454326,25811385158454326,0
1,1575,2023-10-22T02:05:11.000Z,18402744,0x0759c113002322c5ed222d53e143525a782f3e71d4aac4c391572ba4fc507f6b,0x0279086f6a7117709e80d40922779c48aacc01652916f964f85bc26bf8d34c7c,152,151,v2,1177712575234790650,,1165619177922748227,0,25811385158454326,25811385158454326,0
1,1576,2023-10-23T02:00:11.000Z,18409864,0x4697b262965d6e259eb828a55bc3e4a8111ecd6760625a73e9dfa2504d442b69,0x4f2d05eb75e7a47de6c3cdf626cc1bf1c382f6e7f9ae82990d2ee01903caf577,291,290,v2,1226068794194537200,,1165619177922748227,111749404756469,25923134563210795,25811385158454326,0.43294617499389148
1,1577,2023-10-24T02:00:11.000Z,18417006,0x8a83183120bb7dfbd5754a618b783ccc1288373b945fc77762333db08b6bf42d,0x952e81356f799ae2950456bf5677e3155a54748f25c524c3fe1d66749b2bff2a,309,308,v2,1260486673273300843,,1165619177922748227,196155325766866,26119289888977661,25923134563210795,0.756680583085205949
1,1578,2023-10-25T02:06:59.000Z,18424180,0xda86f7ef53efe24a5dcd4054cfbc2685c62822bfe105706339516eb8a1f08a51,0x00d9b7aac5ef899b50f8c27734a1edee41e7475ef7c5a700030f75ac7662a894,390,389,v2,1314636368038607360,,1165619177922748227,337561165852649,26456851054830310,26119289888977661,1.292382630950084882
1,1579,2023-10-26T02:00:11.000Z,18431272,0x9f8062e83c2102bb0e69fdf8eccc92be000346a57c2d1d113cea3a50cc22d531,0x242ecda9d9bec461593cd09c9ad658745a48445dc2bd36a6b5a256890f572ae2,242,241,v2,1312267279130795988,,1165619177922748227,341923747728961,26798774802559271,26456851054830310,1.292382630950083957
1,1580,2023-10-27T02:00:11.000Z,18438422,0xe27c5a916e95581fcd91a5ad2a47a3c06f550b3d2d6e6013117132755b81f476,0x763e7834d900335d6be6a7a4b6c3ee1c2c495d48901617c306ce5988cb192c51,297,296,v2,1335797766925594931,,1165619177922748227,403253361227982,27202028163787253,26798774802559271,1.504745512430932045
1,1581,2023-10-28T02:00:11.000Z,18445581,0xe8b36be20bb69d5ca5dc82333ccb1892e8fc41615e02ce8d9b617e0e9c0feb50,0x278f86e79e4e3e630042e2f9ade4c2edb24dddabad7db797ae0adebf172c7b9d,255,254,v2,1268568860428432798,,1165619177922748227,235099604592987,27437127768380240,27202028163787253,0.86427233725889511
1,1582,2023-10-29T02:00:11.000Z,18452724,0xe931edce307ab42b00afb638ff9abb9daa7d2acf3e576d10c758478bb8d6ef45,0x8a4a2920d2f7af4893b3382c68768abb1e42df6558685b8ba8088798412a99bd,326,325,v2,1270000000000000000,,1167366066076094899,237131505440489,27674259273820729,27437127768380240,0.864272337258894273
1,1583,2023-10-30T02:00:11.000Z,18459861,0x1aa0dc8d834fc77da9d51e5414eca4f089790475dfd9c49cd6a2ae97879e871d,0x48916f0fa7625a8fab1334aae3b3fd103d114ccb7a418b074c4e4e948bf4fa8a,274,273,v2,1278824583535250434,,1167366066076094899,268900500942587,27943159774763316,27674259273820729,0.971662866499777484
1,1584,2023-10-31T02:00:11.000Z,18467002,0xe4e118e169e4fc8b3c950ca0fcfffe644467fabbbbd4e9e72094aaa1904a9249,0xa5fefc5f919821f3bb0c39a57761f7eeb1f1691907358eceb30f0a7fd2790292,209,208,v2,1311799089335055956,,1167366066076094899,331333849534447,28274493624297763,27943159774763316,1.185742243200745761
1,1585,2023-11-01T02:05:11.000Z,18474163,0x7ed906682fec21c7093e86370ab4b07cd6007baa0465cd9e7748425d5d7ebd86,0x2d67d9378ef004b527b1f575afc1099819e1f90139e0624692087cf0427ff488,157,156,v2,1331673126930837058,,1169112954229439990,395482387586662,28669976011884425,28274493624297763,1.398724917382085791
1,1586,2023-11-02T02:00:11.000Z,18481290,0xf4d1164a9e24bc4d92b6beb20c4f31dd06c95467df49fdf668a47ac51f70dc09,0x4a4fec5bddb7e8369d001c232cbc42c859ebfa723de4ef9cef1a619ba595d02a,514,513,v2,1398490059902384841,,1169112954229439990,551939997417108,29221916009301533,28669976011884425,1.925149840335809876
1,1587,2023-11-03T02:00:11.000Z,18488420,0x501b5c7dac3e244e52482f4f51d85ece4335acbf1ec6da5fa34b8453377148f1,0x657de19b2b3f47e0d10c1d6a3e21175589f2890a80789407a3d5e67a9dc50fe6,351,350,v2,1437154129155461257,,1169112954229439990,683384917629279,29905300926930812,29221916009301533,2.33860407172395188
1,1588,2023-11-04T02:00:11.000Z,18495562,0x04cae686276e03a822462d7ee2c82b89e821c9e392eb5b7c66808b37b8cc16d8,0xf8a5b11778c6ab1a0a04d47f4dc26eeb425999d205b361c19e71ecb2170837f1,314,313,v2,1436550319848133305,,1169112954229439990,668672693502806,30573973620433618,29905300926930812,2.235967112107010769
1,1589,2023-11-05T02:00:11.000Z,18502695,0x2e942cf383cdce498fc3cd20e736818fb5cb4fd4bd24ca2e3130a7131f855711,0x8e1c98cc20b9c118a890a7bf0f3a8d6ca216f83b265755aa85e00fe10c9e7180,173,172,v2,1476806875833623244,,1169112954229439990,808169333569607,31382142954003225,30573973620433618,2.643324494234142239
1,1590,2023-11-06T02:00:11.000Z,18509829,0x616bd6cd17ca18a494f0a9e346e7e23d50e3994b4282a4b7172a6bdfe2f5917a,0x0a770453810dc7c46b1eeb003a82967c30065f8acc00e290b8c990c4608f9a8d,62,61,v2,1505650917856866900,,1169112954229439990,892388908085663,32274531862088888,31382142954003225,2.843620046577560094
1,1591,2023-11-07T02:00:23.000Z,18516964,0x27abc4e89ce3f2205f8b7cbaa69f0b609f9de991b1c4fac17042628e091fce29,0x66453e531b80a1f6ff16050e8b9fac0277e2310553bc7b1b84bf993634a86bed,353,352,v2,1520000000000000000,,1169112954229439990,949793357582191,33224325219671079,32274531862088888,2.942857116071328232
1,1592,2023-11-08T02:00:11.000Z,18524120,0x10c478a130467a2adac2efd450da185f600a44a302b4d23cf85cef7e320f80fb,0x14ccd9b375d5d64619203d474063754d17c4211d63feed78bccfdb8de7df0bef,218,217,v2,1532793391339963839,,1169112954229439990,1010505769653255,34234830989324334,33224325219671079,3.041463635369684755
1,1593,2023-11-09T02:00:11.000Z,18531275,0x8eecfbc0df630a2f2a7ce60b7a740c6caa5672a37427c4ce675948e92cf4cd14,0x3fd5cc526e5fbdd5d5fc38bd5076248ccfc0f8ea1bb4ef1945791db9cfcf8612,226,225,v2,1554829233014174860,,1169112954229439990,1108084893654175,35342915882978509,34234830989324334,3.236717873675836721
1,1594,2023-11-10T02:00:11.000Z,18538423,0x264f5f808ae3d30af190187d610c051e90035804c04ddf532bf05e202388b24c,0xfb4c11770fe00002b1ae2f15adc5d14c29db890c089edfa3ec54500ec159760b,155,154,v2,1613862012022560250,,1169112954229439990,1312176275236567,36655092158215076,35342915882978509,3.712699539509482911
1,1595,2023-11-11T02:00:11.000Z,18545576,0xdc21112e16f9f60b78efacba8bd2dffde5a759ffa765d85ba2812da7bfeddf6c,0x1bde6ebe87b1281af3210b49c6568219676aa52a276447154291071d8bfcf9df,378,377,v2,1665030047613664000,,1169112954229439990,1495550787831105,38150642946046181,36655092158215076,4.080062822856454715
1,1596,2023-11-12T02:00:11.000Z,18552715,0xf8d019776d43497f694f09a7d60e0d7098c0e25f8b23dd6f39baf9978bd0a1e2,0x9fd247695669edc6c4504f0cac1992f6a6cce8a29b84f0fae0ad63ac620ad847,296,295,v2,1668763487531168350,,1169112954229439990,1590857813594171,39741500759640352,38150642946046181,4.169937098685365053
1,1597,2023-11-13T02:00:11.000Z,18559865,0x4956871b3e985d49532dcee6186ce0475f51ef9421e073b7747539683613aee1,0x599a01c2a3df408f534cca03c776328bf63da553ed2e834c6166daf712d86263,313,312,v2,1771000000000000000,,1169112954229439990,1931075179425160,41672575939065512,39741500759640352,4.859089723622796621
1,1598,2023-11-14T02:00:11.000Z,18567016,0xf8b32d951679a86e36c063124aebee4c581f8ed2bd88c5555c3a58029a777294,0xbbb86ada7d87666ffeb09a03f0fa64669406cccaa8fbc02b44d521a12fed89b2,361,360,v2,1818970430037809431,,1169112954229439990,2159889556900418,43832465495965930,41672575939065512,5.18299987036715089
1,1599,2023-11-15T02:00:11.000Z,18574177,0x00e21129081d8b726a5979899590f981f988c9f4a16fa69949a9dcc734ef6855,0x796c633b0bc5e34bb2b8e684623b785833dcd83be22f4d13c1a7f721c2ff9c61,253,252,v2,1633744892209792512,,1169112954229439990,1708559615215109,45541025111181039,43832465495965930,3.897931808951869927
1,1600,2023-11-16T02:05:35.000Z,18581349,0x6ff740e838e49cd4f4e007e0f6aa7a90382f87ac5292c21d694f0449ca197caf,0x9b7d3e51854004f982fc2a15d5b1adc751f33bcd3e6168966110718406ba45b5,355,354,v2,1446714066308819601,,1169112954229439990,1065024267554908,46606049378735947,45541025111181039,2.33860407172395372
1,1601,2023-11-17T02:00:11.000Z,18588481,0xf82e51df466723957626a9bdbf8a77178a7d26eb07a318817dc5b6c981e5c383,0xd9fd436781b95073d926826dd6ffab45623276fa9a6069d188fed003b6149cb0,188,187,v2,1483155959393336354,,1169112954229439990,1231949119022986,47837998497758933,46606049378735947,2.643324494234141032
1,1602,2023-11-18T02:00:11.000Z,18595624,0x81c3965651f33627672248356cb5b61dec68e2d55555b44e75b090525a66b172,0x41452bb30e61b8e02d59e33187a6ede00db9142572973b2903b26b7ccb13ac5a,562,561,v2,1442512180591045023,,1169112954229439990,1118741380699834,48956739878458767,47837998497758933,2.338604071723953258
1,1603,2023-11-19T02:00:11.000Z,18602741,0xfacdc908030160cf484611d53495d7ab185c156f658b16590e03efab80f7ab74,0xde0671783c69bc05f493f8e805ec8aacf2ba9d751b8fa3621ed76edb0389eaa6,255,254,v2,1453280935786191110,,1169112954229439990,1194898138928985,50151638017387752,48956739878458767,2.440722445766342192
1,1604,2023-11-20T02:00:11.000Z,18609883,0x8f3ca03883df3ac8b294f1e4ffde9f44763a8a40451fdd59971b1dad273adb7b,0x2ad5e2af8eac9621ffd075994a9f99fc843715f785a9fe3a344b6bdc056e8c4a,74,73,v2,1510364551077915562,,1169112954229439990,1475891048221029,51627529065608781,50151638017387752,2.942857116071328124
1,1605,2023-11-21T02:00:11.000Z,18617023,0x1574bd75b48a489d5c7380749b897d43f3c7cc46ddfe2b896486a9665949c20d,0xf78d672ce44581174b54e0af650f61fd37ceb756994a4767f96fb7bf0c260185,356,355,v2,1494680503096248034,,1169112954229439990,1416540581878909,53044069647487690,51627529065608781,2.743769859833413761
1,1606,2023-11-22T02:00:11.000Z,18624171,0x7aff839f222cdbc468b184d42edf7ae1d7f92b869534848890482b5ef8e19079,0x4a18a9e25251c4957d9bf0ee2b59414934822f6123c7fb93457355c95ca56343,315,314,v2,1423804427131355687,,1169112954229439990,1131340819538261,54175410467025951,53044069647487690,2.13283186425316887
1,1607,2023-11-23T02:00:11.000Z,18631314,0xb5e25ca5e09ab4295d61263b20ee9b1296094041ed1064b7517efb35083aff24,0xc51ae5c7082d919a88043765337b724cda1c466858ee97c2646726c483e1b192,300,299,v2,1295248689658670150,,1169112954229439990,584459289664724,54759869756690675,54175410467025951,1.07882761685849551
1,1608,2023-11-24T02:00:11.000Z,18638454,0x41e07982a9ccc5dd392a22a3a57d6c47bad28b73abbb799d6f969aa5b266f333,0xf46b5038bc9ac5a1f3a196be1c0dcbf887d8e8b730fe1f8c8b453c860647524e,216,215,v2,1297877120155928487,,1169112954229439990,590764597890922,55350634354581597,54759869756690675,1.07882761685849545
1,1609,2023-11-25T02:00:11.000Z,18645592,0x240063caf88d908473476ad96052c92c73cb4bfb19b20c060953fd511c2b8e89,0x654864cb653db74c3af8f4ee8ab6b7d09d8b0b3b1286aff8b78e3bc980eff0a5,114,113,v2,1240134274565895054,,1169112954229439990,299442795250583,55650077149832180,55350634354581597,0.540992526539665398
1,1610,2023-11-26T02:00:11.000Z,18652729,0x74b5493249f13b2656c1c48389efc58f9bfa0dea8bb7c53506a55b1d77280f24,0xa2ec37c22a0cfc6a8362015388e15cdefa8209d2623d00c0a8492dd0b685ce0e,383,382,v2,1214920099548932096,,1169112954229439990,0,55650077149832180,55650077149832180,0
1,1611,2023-11-27T02:00:11.000Z,18659866,0x8c320499958a0caa5d593cb03b1129cd2d2630c8608fa6a78c3ac743e8ee5628,0x4456b31b2a384a1dac67cacbb2261564800520e9e245ee2bce436e99d45479ef,316,315,v2,1214961622459132890,,1169112954229439990,0,55650077149832180,55650077149832180,0
1,1612,2023-11-28T02:00:11.000Z,18667007,0x69c0a53311799d55ae3362196eb86432d9f411d44af796deb132e0fd1b2803c1,0xe87548619257ebeb446e4c1c45fc449306855f5c02cdcdff70a4d8b4ca6f164f,267,266,v2,1182501283527011840,,1169112954229439990,0,55650077149832180,55650077149832180,0
1,1613,2023-11-29T02:00:11.000Z,18674150,0x3c2a5883f8b5eede9db052dca5b339b043728856485e9480d19fa9ea2225254d,0x8cb9a9fd7b45430459c59609a8a01e694cc38dd5f68f5517cfa564d74e2782b4,320,319,v2,1149263748956155475,,1169112954229439990,0,55650077149832180,55650077149832180,0
1,1614,2023-11-30T02:00:11.000Z,18681302,0xa075db1d921e83ccea52e22e6005c55d7e98380cc0d4ab003d3511767c0c9c55,0x15864eb680d578cc56604a400b692a31d6199c9eab3930bd260196cbfb65123b,387,386,v2,1165668724324169472,,1169112954229439990,0,55650077149832180,55650077149832180,0
1,1615,2023-12-01T02:00:11.000Z,18688445,0xbbd85f421853572858edb210502a9bff350be7630a218c4dd5b1628d3abe8f16,0x0d7b26046e4f3009a335e997eabbcf3278e94bf5ae42dd997795e7bd512217b9,240,239,v2,1166240647645076904,,1169112954229439990,0,55650077149832180,55650077149832180,0
1,1616,2023-12-02T02:00:11.000Z,18695597,0x827874e175978437cda7b5c26ddc20440ced856108dfabcf2b88f9ca4e7f9654,0xc4cd65ffa7d1965721f2fbcec30cc020664ca728d4e4e921e258348e3e7d33c8,287,286,v2,1187058361147720960,,1170484358121043368,0,55650077149832180,55650077149832180,0
1,1617,2023-12-03T02:00:11.000Z,18702757,0x4687e5ad516fe54b58860d157d687404825ca9c587e0894080ac351685eacaa5,0x3f97693440a378e1b955215c1fd552abd2e4ae6a4bf0b0f1f163eac09a8654e8,303,302,v2,1216282985628300340,,1170484358121043368,0,55650077149832180,55650077149832180,0
1,1618,2023-12-04T02:00:11.000Z,18709881,0x931d8e0834fb6d666c5c147ec4cc45fdf5a17c916b093d2108faf55bf109c499,0x57e68e760e2593cc040666500ec7fd3d9ec4bdf8265c7c570dedbe4bc242a00f,372,371,v2,1259720064786350336,,1170484358121043368,421093328264717,56071170478096897,55650077149832180,0.75668058308520577
1,1619,2023-12-05T02:00:11.000Z,18717033,0x314521fdc7eb85e241f7a7cfbd4b862d2590e8be9d23547f0ccf75a2e8265ee1,0xfc984c81aaa762c1e89d82bc3895f821cb6e1572ddfd7e883352e452888fbe9d,200,199,v2,1453360055751739912,,1170484358121043368,1368541643462822,57439712121559719,56071170478096897,2.440722445766342529
1,1620,2023-12-06T02:00:11.000Z,18724173,0xebcc57f751db112ae2fb689c97e69ad5e6a6b77ec1cfac89013aca2b78daaebd,0x1745ca150d4fcf76f76d67869b4049afed4b8a8883df46193ae59fa01c79ef80,319,318,v2,1440332352450767183,,1170484358121043368,1343287446461313,58782999568021032,57439712121559719,2.338604071723953737
1,1621,2023-12-07T02:00:11.000Z,18731301,0x7301a84856fe18a15c3eccad2440ba1da080bebbdde53739403cd8cb0a8cf8fb,0x3d34ec31b7f75e1ba533a34012e910634dbb318cff5af2288c6df8193e825060,414,413,v2,1490208480486023982,,1170484358121043368,1612870224853367,60395869792874399,58782999568021032,2.743769859833413954
1,1622,2023-12-08T02:00:11.000Z,18738425,0x7f9826888a7758604deff97e48f2ac04470c5fe7aa937366c487a8435b77eaa8,0xf272ccb7edf5beeb168b04ab113503b4f781e10a5ac2686446270ece161c6042,84,83,v2,1606370842255559372,,1171855762012648257,2185696813046408,62581566605920807,60395869792874399,3.618950800016924326
1,1623,2023-12-09T02:00:11.000Z,18745557,0x7b7fd72787bc3e5606a323efac6e9ae6f5c409b4a812c304b0a3b7aeb2cf8d11,0xf95c19a69a79e77574c33cfc4254fe103ef5d5b677e97bbec5d18ab4486d0b91,166,165,v2,1631561264080666970,,1171855762012648257,2381665052063925,64963231657984732,62581566605920807,3.805697398183376576
1,1624,2023-12-10T02:00:11.000Z,18752694,0xbe0994144b5b45bfb1e2c2e614cd5781b6e8698fcc40cd3765b6c36463755954,0x72c3c2dd9b3f179193360c3c6e3e73556ddf9980466caf9fe63489f101da3e60,52,51,v2,1684848166944294511,,1171855762012648257,2766786161819177,67730017819803909,64963231657984732,4.259003271859408802
1,1625,2023-12-11T02:00:11.000Z,18759843,0xff5317ad56ab84b6cad0134bc1e03dbd2a9092016cad4b130b6141d0805e0bbd,0x5d43e34900c90493544e0e1c482083e2b550b0038043c1d7462fb0c5442c91eb,10,9,v2,1629300762175257269,,1171855762012648257,2577599525957414,70307617345761323,67730017819803909,3.80569739818337557
1,1626,2023-12-12T02:00:11.000Z,18766988,0x3a7d1da221dcdb2ef1110523a50ffb2927587b75836f793055ed1bcc819a09eb,0x566fba90f8fac60d7b0c5c930c8be034a282de38280e5764f0a165103a253e95,234,233,v2,1464702095057487607,,1171855762012648257,1716013797641508,72023631143402831,70307617345761323,2.440722445766343895
1,1627,2023-12-13T02:00:11.000Z,18774133,0xd32014bb7942654741ffe7b0efa2c6b083270f88efe442687f5d69d5e80178e6,0xe27e6e7b6f33c632b7050195c096b378f2f29a73a90cb4a31d9ebd387e232721,240,239,v2,1468604449726817984,,1171855762012648257,1831058491247898,73854689634650729,72023631143402831,2.542302383508218864
1,1628,2023-12-14T02:00:11.000Z,18781270,0x0e4482b7b279d031377ff5ba52b65fb71525b2d4031678d27614396d4b1e9c3c,0x0cab76dcb8a979399fb6331ec15823dceb6829472d3eee4db6e4d5f1487d0d21,197,196,v2,1359595790977804288,,1171855762012648257,1189371519226932,75044061153877661,73854689634650729,1.610421118971041403
1,1629,2023-12-15T02:05:11.000Z,18788425,0x08d1e5d08965d1ceb9f0d9abe6ba53e7c43e345548bc2bf7c810138cd03f97c2,0x3686ea8d0cdc90ce10ca28031a4a91251b4e862b626f8b023df37e712ab860a6,303,302,v2,1421506216642128337,,1171855762012648257,1600563648519537,76644624802397198,75044061153877661,2.132831864253168834
1,1630,2023-12-16T02:00:11.000Z,18795532,0x17cb1664feb2a767d909183e05a09fe27922fe7ca967229d7e90fa6f7afb38d6,0x00084b6f3ede0ffd56b51d66be1455cb3ea79b43dedf5340375bdd7854b99680,192,191,v2,1482003435133174784,,1171855762012648257,2025966140915622,78670590943312820,76644624802397198,2.643324494234142663
1,1631,2023-12-17T02:00:11.000Z,18802641,0x28c842a9e74db92c36814b558bf7e0875d3165e09435e47cc062563ebd95240c,0x1d1ad58b6a487ae737f3073ef7e06a17bc9cbdac838a3c21f54c018628aa2e5e,268,267,v2,1543036843800094771,,1171855762012648257,2469802379485730,81140393322798550,78670590943312820,3.139422686255630377
1,1632,2023-12-18T02:00:11.000Z,18809763,0x742e25a8a0a67756608e5e4a65d059722212b7d6c2eb17b6d26c6de4a423ef7d,0xe5239cd1d39379a6ff6310d904ab7d8490d25cc87058d43d2cf5fbef3d1c3b36,8,7,v2,1730359535937438720,,1171855762012648257,3668566816325259,84808960139123809,81140393322798550,4.521258359853769222
1,1633,2023-12-19T02:00:11.000Z,18816900,0x170bc0b9f6650a55fd7966ffc6a25ac9f2b3374e936301c99d3eb8fec5cf5a58,0xca2a242a364290a3f3a28e30b74c0c02a810f8a694094642943d2fb7510f7fd3,3,2,v2,1703825313477875744,,1171855762012648257,3686858861146970,88495819000270779,84808960139123809,4.347251581789127012
1,1634,2023-12-20T02:05:23.000Z,18824039,0xce55b54cd53ae23d0dd86ddbe2eee13bc9b648dc6e68dcb03532cc6a947d8a64,0xdaf07598a17d36b709368bd8364007d83bf535a6bad54955c959e995de98ecd3,2,1,v2,1672296192662161152,,1171855762012648257,3610685010812386,92106504011083165,88495819000270779,4.08006282285645387
1,1635,2023-12-21T02:00:11.000Z,18831132,0xd230602a5c26608be7f3e15433eb501c404add12867bb731bf7a0612e7422f6f,0xd942da5ad059f0d28f67a2bfb4c53a53695af5a18f63c0b18435c483321cf024,13,12,v2,1569355717129885534,,1171855762012648257,3070216800369438,95176720811452603,92106504011083165,3.333333333333332428
1,1636,2023-12-22T02:00:11.000Z,18838275,0x71f46dacd671f9eef594c98e04232bb35849718a095f44a161f57aa093f9e24d,0xccb5208c27384f754c74fade9511357b3c5c9310235761f209d16836fbebe67e,166,165,v2,1574783182209148160,,1171855762012648257,3263851256550001,98440572068002604,95176720811452603,3.429253738438593256
1,1637,2023-12-23T02:05:11.000Z,18845430,0xc5f402f771efca5cab5faa8a76295702223ffdf61a0598c56ee47933fbdb3849,0x19b6354b4acd355e65e02d044c83c7b90d821901bfc880181dd491f9ae8597ea,3,2,v2,1485958699637853014,,1171855762012648257,2602103753737726,101042675821740330,98440572068002604,2.643324494234142109
1,1638,2023-12-24T02:00:11.000Z,18852524,0x82fcccb57f97c6b0ddb56441f2d0636e970f136839a4e08515d630006c1f31b5,0x4a6a5390eca6bf38a207cee49133a0d743ef023c2cc8de0241955e0e984a7eb1,360,359,v2,1400181788988926978,,1172535823636920051,1945222912253266,102987898733993596,101042675821740330,1.925149840335811922
1,1639,2023-12-25T02:00:11.000Z,18859643,0x4e2b8d1f7a8b02d4360ca3f26ee6fada037e02c5f109def0a42e56370ff9922e,0x096e0296e1eb1322c7eeca6691181be0fbce17fa80f3b78876f8361cfe3b5b47,336,335,v2,1345791043191822577,,1172535823636920051,1549705784546684,104537604518540280,102987898733993596,1.504745512430934654
1,1640,2023-12-26T02:00:11.000Z,18866755,0x4a8c958aeb6d6b5e99a59005e542495211917042127c1e469ae48dd1db7895e1,0x540bc0418fbdca94414b023cb93aa3e022970efaa3a1d50c22e2ee3378e3d8a5,62,61,v2,1350000000000000000,,1172535823636920051,1573024912795533,106110629431335813,104537604518540280,1.504745512430934811
1,1641,2023-12-27T02:00:47.000Z,18873894,0xfdc5985245e04415c6122a4c80f5a1e966f245f66f146b8353cafa0bd4a5e375,0x1d97509e92272bd34a66a6a246e0f748dfa1a8b2e339a01cf3238f208c26bb5d,234,233,v2,1292564240210418642,,1172535823636920051,1031037583593474,107141667014929287,106110629431335813,0.971662866499777392
1,1642,2023-12-28T02:00:11.000Z,18881002,0xd48dc16207aab7e5fe164567a205f6e76267ef7de816e2075dc841509a819e7c,0xd9517ee571b50b61bd71362ec1f6850e08bb85019ac7a27b4b20cf398503631d,261,260,v2,1251595250290947677,,1172535823636920051,695255503461645,107836922518390932,107141667014929287,0.648912344592106275
1,1643,2023-12-29T02:00:11.000Z,18888127,0x30a424ea3bbc2fff8252e60f33e2bce9f0fc77fbcdec096e5e111c7a57e48d4f,0xc74e7853942160c286ccea8b77446587a4925080e6c96fbad0e45e44fa077a60,322,321,v2,1209751517130239836,,1172535823636920051,0,107836922518390932,107836922518390932,0
1,1644,2023-12-30T02:00:11.000Z,18895240,0xb282b333432743415ca4f27f76b0227ed78d83be850be0776ddd6dc74d130aa0,0x3a05e8aa4baaa11c3fa646f6adf0305cfd8567719aed3b2704a5289579dafee5,856,855,v2,1071122119575099712,,1172535823636920051,-932004690677764,106904917827713168,107836922518390932,-0.864272337258897815
1,1645,2023-12-31T02:00:11.000Z,18902348,0x1c034464b015bbdd91dc8669bc3dd194c4b2e7cd179d7331f1d5071c4847f411,0xda321b4a1b60a21e04f578afa5adb8ef80fa3e7d21c819c6c04c0494e83a1393,180,179,v2,1008462023516909621,,1172535823636920051,-1495305723563070,105409612104150098,106904917827713168,-1.39872491738208793
1,1646,2024-01-01T02:00:11.000Z,18909485,0xa4fa75f02629ed32385c5548ee756c9794b9250885b8279f52e9a53141907b5c,0x7b4351e8334ea392ccf6dae263cecbb788acfefd0e3b2c2f0d3cd382f9db2e86,174,173,v2,1031003384575274613,,1172535823636920051,-1249886299112957,104159725805037141,105409612104150098,-1.185742243200748421
1,1647,2024-01-02T02:00:11.000Z,18916594,0xb88ad3b53298454ef757d09e45b17c163ee55f6d82dcfbf15d040e422beaca5b,0xd2b90f119c1e777509738455bae65c58e237454af8572cabbf0fa814e9c39fa5,393,392,v2,1048675360572432511,,1172535823636920051,-1123703887628826,103036021917408315,104159725805037141,-1.078827616858495927
1,1648,2024-01-03T02:00:59.000Z,18923723,0x75e21220fa92fbe202980082c6b4bfc236f5fd8c610494337cea32100aebaf3b,0x8530f83304a934e61d3efecece1037b8543c4cbaf922e1051a40220680cd5df5,78,77,v2,1091060586330407269,,1172535823636920051,-668613465598691,102367408451809624,103036021917408315,-0.648912344592106476
1,1649,2024-01-04T02:00:11.000Z,18930849,0x0e5ef22ff40cc934c4a6ec12d6ddff2848197c646cc5a6b0d88d3e62d38df395,0x47f17f01399cccd11c0aca4328123afa243bafafd6049ddc1eab32893b51a0cb,245,244,v2,1081210688694539968,,1172535823636920051,-774594303162368,101592814148647256,102367408451809624,-0.756680583085206477
1,1650,2024-01-05T02:00:11.000Z,18937971,0xd90d82e224fb48cbdfdba318b624a914a280d91c4ef8959b5b6cc77d28c18216,0xcd7584ebdea140f3d57877f82e2ca529e22a5da8a98a581621128e6bafd360f2,128,127,v2,1028044786552365773,,1172535823636920051,-1204628913416937,100388185235230319,101592814148647256,-1.185742243200748127
1,1651,2024-01-06T02:00:11.000Z,18945073,0x5411d210e0ddfba34ada48e2e85dcedff65fbad459dd739cec252d63a4a9f097,0xe0e943247c89e5920d7ea8e552f1c40238a1c5ad72d8193a9f4825667a8c73e3,286,285,v2,981447673960273507,,1172535823636920051,-1616672535979918,98771512699250401,100388185235230319,-1.610421118971041527
1,1652,2024-01-07T02:05:11.000Z,18952150,0x53c25c4411d29cb7389c877fd9ecdff81132e4d0cc9d4b83e487af3039d0705c,0xb84c0ec60388eaa37ab3bd13f9c2690977837d6e18f6d499bf5196ab61d3902a,100,99,v2,956615504429137765,,1172535823636920051,-1798279358496889,96973233340753512,98771512699250401,-1.820645760455723528
1,1653,2024-01-08T02:00:11.000Z,18959211,0x2d917ea4a6aba481b5901211faca1505b7c5c8c96f54b2f630afe65dd9e70b4a,0x3d56d55c4a39e15f08608ed5a3349063fe4fce83581b5b5258188197e89f4440,435,434,v2,960769788741561992,,1172535823636920051,-1765539061595265,95207694279158247,96973233340753512,-1.820645760455723519
1,1654,2024-01-09T02:00:11.000Z,18966307,0x21fc1807827b7e748bf5abe67e3b43a5858a51c753d776f899e3a8cd9d1290d8,0x0f29b68d38f16bf9cb2b10a2745484cef64f47bcd919749b654e0d97b9f954e9,597,596,v2,936094667811055708,,1172535823636920051,-1931972676921440,93275721602236807,95207694279158247,-2.029219057922679704
1,1655,2024-01-10T02:00:11.000Z,18973431,0x03d144a729c7fe7916d99ed4f6d4cc5bee851baf2371f418503f5a3c72e7d14d,0xfa9413a98f6f15a30f9f4ce06cbc545c97bbb8dcd8fc35d67cb0cebf5fc6247c,198,197,v2,960034718928270306,,1172535823636920051,-1698220470885608,91577501131351199,93275721602236807,-1.820645760455723634
1,1656,2024-01-11T02:00:11.000Z,18980577,0x51c6af43f13f3cc2316d4674d3f96705a188519c66fdc3d7e891cd16d1a2189c,0x3aee703c4ad596aecb56648ebb43781eb3dda41d052ef42f77de1f3c393ab8e4,295,294,v2,962323394618449794,,1172535823636920051,-1667301891879238,89910199239471961,91577501131351199,-1.820645760455723687
1,1657,2024-01-12T02:00:11.000Z,18987702,0xc51349afebce1d5f92fae6429bc8a2faed313548a73223d2c9f84b71f2706618,0x12cadae005bbadd7a4965c86dd7909b26619093eaafac78dafb7b3278e45a744,269,268,v2,984168535338055448,,1172535823636920051,-1447932836661397,88462266402810564,89910199239471961,-1.610421118971041278
1,1658,2024-01-13T02:00:11.000Z,18994851,0x1049042e2d22f6645db7f6f0166c7a20d26ed93e82225a134407c781d1ae400b,0xe237947bf5625f66b537bb85a58da65caa9bba47209902da0d0bc1d60780b390,228,227,v2,1033182172883582577,,1172535823636920051,-1048934462030908,87413331940779656,88462266402810564,-1.185742243200748421
1,1659,2024-01-14T02:00:11.000Z,19002002,0xc57132712e888253dea0288447099246dca243a1ceb1c787a26e32f9a11eb717,0x29d896019f384eb062fc19a84d34976b453290127cabca211a331e9ab03d6b91,426,425,v2,1103313853276343230,,1172535823636920051,-472899592998928,86940432347780728,87413331940779656,-0.540992526539665179
1,1660,2024-01-15T02:00:11.000Z,19009163,0x87e4700430b66abfce7a4038d296cb38d773508166ef870911141b59f09e7627,0x3ab6b46680c6da1c9429699d545f9d4e83a1949e2daa2876f126335f2aa32361,185,184,v2,1137775556630546841,,1172535823636920051,0,86940432347780728,86940432347780728,0
1,1661,2024-01-16T02:00:11.000Z,19016322,0x007db85cc79830f9302be879ee789ab33bc561f0ccd4dee1f7dbd11b952c1446,0x1afa6896575397d84b1fb0229799b6056a5a8983fe4eea537ddf89ab89d88e17,260,259,v2,1144000000000000000,,1172535823636920051,0,86940432347780728,86940432347780728,0
1,1662,2024-01-17T02:00:11.000Z,19023486,0x6f114d888d2cfcc7b85f6f5f8c6834f12439df59da8790f9f34c9048d08bc33b,0xdaa9d9e200fa96b115cce1e9e390b28b6919a3363ec8801ef0977386b5cd37f6,203,202,v2,1141712288995235164,,1172535823636920051,0,86940432347780728,86940432347780728,0
1,1663,2024-01-18T02:00:11.000Z,19030630,0x0a6a1445b64af91aa86240e302755b7580641b6b319ba20ca1bc8c309561b3a1,0x4efe50c12ff3f559aa19edd494541fb9e7c90ecdb5661c90041e52241b2b7252,424,423,v2,1123382651919114878,,1172535823636920051,0,86940432347780728,86940432347780728,0
1,1664,2024-01-19T02:00:11.000Z,19037782,0x8f33c6738fe4354f56dd6b04ece90683df52cf9df99a420cfddd6c50a13a8a90,0x6ca72e890215b71acc46690466f265cb9a8452d25e944bcc2d26c868ee8d7cfa,374,373,v2,1108202258153300959,,1172535823636920051,-470341241542767,86470091106237961,86940432347780728,-0.540992526539664827
1,1665,2024-01-20T02:00:11.000Z,19044947,0xad395e2c5fb783da2f4cc71b22a433d8a1655a227215efbe5d8c1cf850175864,0xdd56f4e4ab47b358aa28cd2a1543ca5cfdc88f5c6dd888a047ee202326954863,462,461,v2,1031939726564146668,,1172535823636920051,-1025312397980837,85444778708257124,86470091106237961,-1.185742243200748589
1,1666,2024-01-21T02:00:11.000Z,19052114,0x2c30d0ac6bd5b86a3f097ea78d981a1ec0106cad341b6d6d77ec1da2bd8ae46c,0x3fd5b7374e8ab17b62518291f773d91a6b809007c7d35deae327d40b0ce80579,352,351,v2,1020822802068742207,,1172535823636920051,-1104273479079252,84340505229177872,85444778708257124,-1.292382630950085617
1,1667,2024-01-22T02:00:11.000Z,19059176,0x56def6ef96ef66f5e80badefdcfd4170af400f185ecb091cd6438a51f791f88c,0xcdd909fac41df4df31b3a355ee966bcc80633e7fd11de9e02c1c03a7f5121dd1,228,227,v2,1041067963403055104,,1172535823636920051,-909888662610355,83430616566567517,84340505229177872,-1.078827616858496193
1,1668,2024-01-23T02:00:11.000Z,19066267,0x4f9600b1a86b13c4951b7d30e2778fc7bb56087f1de8bc5f6f1f416aa38a16e5,0x04e71ce614a714b5264da7c6308af877f6a4e2d4add96b2b72b4906ad4bd7373,265,264,v2,982631525053934640,,1172535823636920051,-1343584268875756,82087032297691761,83430616566567517,-1.610421118971041821
1,1669,2024-01-24T02:00:11.000Z,19073384,0x8d101015231237edd93c83397e81c8319e0614b32ba1dd60bf0344b61a1ace41,0x4711a105af993cd20460ce6a987156325821c27450710d53b372a13f0e7519c0,308,307,v2,936117654229303680,,1172535823636920051,-1665725703467907,80421306594223854,82087032297691761,-2.029219057922680225
1,1670,2024-01-25T02:00:11.000Z,19080520,0x74251b31dcaf40ed0da2d186842ae77b22fbf8c86bfd09d70e52a3e3ff56a1ac,0x73ec44c134d6c18652edf4565c228b370eea1d5c03c5d136ac2099cdc2061aa1,377,376,v2,1123230492296491199,,1172535823636920051,0,80421306594223854,80421306594223854,0
1,1671,2024-01-26T02:00:11.000Z,19087662,0xb3789f3e308563528b43802e743f2da9d5aa0daf6e906f6624aabca5977a181f,0xffdbf4066868833ed4003853e91db8cb28be9f373741543f1e097d74faa0e23b,289,288,v2,1342359868906467366,,1172535823636920051,1124872854217653,81546179448441507,80421306594223854,1.398724917382087638
1,1672,2024-01-27T02:00:11.000Z,19094799,0x842cb2c733d3a0e248c7bebc29cacbc66fcac52606e7a586d45cc53c560392e1,0xf8710ba38dae7dd380a53d2ff858f35d2cabded5e0f54886842c427a9003d9fa,216,215,v2,1282846811382255217,,1172535823636920051,792353944749779,82338533393191286,81546179448441507,0.971662866499777259
1,1673,2024-01-28T02:00:11.000Z,19101924,0x9ec699791e784bb343732cdcd5f5d4842c0b4202fdc204858634ecfacaa877c5,0x4d665ed3d6b229e0c8baec7adfa19181b9a84ffaf2d350e100391ea51ddd4851,178,177,v2,1195752759912378193,,1172761436498053317,0,82338533393191286,82338533393191286,0
1,1674,2024-01-29T02:00:11.000Z,19109064,0x2eba0c5afec1f226458ea88fa9456f0d94acc66f193773987ecdbac244706cfb,0x7d024702d33f0e26fbf961e0559400b8fcf19587565934c1bd0b68de0c5a7283,234,233,v2,1128154020062142726,,1172761436498053317,0,82338533393191286,82338533393191286,0
1,1675,2024-01-30T02:00:11.000Z,19116206,0x77e57fa176daa9bc290001d7625b824ae9c60b93669ff2423984b03d8dfa7af0,0xb8376cce651f525329c10800e6b07d9085f6875e5e56f4e25d35c8bd722e3ee3,578,577,v2,1033772885789424128,,1172761436498053317,-976322772875024,81362210620316262,82338533393191286,-1.185742243200748822
1,1676,2024-01-31T02:00:11.000Z,19123356,0x7afadee63c9838723fa3860f9452ba13adc45aedb57336fef6ea7f3f1e4cb39f,0x74213d5d0fcbe965923644efb8063263858ce2ee7e95d72ce34cc309013e89e0,132,131,v2,1020158202353224731,,1172987049359188231,-1051511078213994,80310699542102268,81362210620316262,-1.292382630950086499
1,1677,2024-02-01T02:00:11.000Z,19130484,0x88151f1e0e70a5aa71d8b502b541ab61b693c0962e60f43991f40ca8284f9f73,0x6738fdfd058fdcc9e09f3ca9c86ed022968fa249b048b04096b476ee9a7520fc,342,341,v2,963414912801317092,,1172987049359188231,-1462173346405619,78848526195696649,80310699542102268,-1.82064576045572339
1,1678,2024-02-02T02:00:11.000Z,19137608,0x81ad4722ab7bf6808d2949a9fa1dd31f5a17e80fb824547683d4ad297cc04364,0x3038fff63f9f6a4a776914161dc53e2f3e9e5a3874f53d7bf6f5b8480c34413f,656,655,v2,1045712993500802717,,1172987049359188231,-850639676085081,77997886519611568,78848526195696649,-1.078827616858495877
1,1679,2024-02-03T02:00:11.000Z,19144731,0x860c94a0cfc12c182f72a8706ebb72eb230137c36c8ab62a92fba33ae819ad9c,0xebfa9585a540fdd3bc3ec124a552be5d15774a85dcd819ec168012cf920f6f62,684,683,v2,1113896694824185503,,1172987049359188231,-337688866262734,77660197653348834,77997886519611568,-0.432946174993890977
1,1680,2024-02-04T02:00:11.000Z,19151849,0xa03515ebe9380b7b796778abc9ff44535e621d882274bee89185f1a1ce0dfea3,0x38a64858f419f8507083923c43fa12fd89e4ee014c88997690bf01dd317ad657,428,427,v2,1160493846770366781,,1172987049359188231,0,77660197653348834,77660197653348834,0
1,1681,2024-02-05T02:00:11.000Z,19158963,0x74a1b744483422750dd64a78c9a5ea15db0052afe7b6f369a3f1e7f7a38df272,0x90806f4c1ed57a696fa36373266af5c4a46b9f8bc71fe80bb9061b04084a1868,233,232,v2,1083877313474219572,,1172987049359188231,-587639636428484,77072558016920350,77660197653348834,-0.756680583085206741
1,1682,2024-02-06T02:00:11.000Z,19166085,0xedcef298fa0b9b780f0931ab23a75f95b8a568bf15bb55d5d650682c633131d7,0xc07f3ac295478ccc1fc8bce989c3eceddd99e81f4dd22a948bfab649c4771c31,331,330,v2,1064270108788224602,,1172987049359188231,-666116798558057,76406441218362293,77072558016920350,-0.864272337258897123
1,1683,2024-02-07T02:00:11.000Z,19173211,0xb2edec164502fa4e1fa08f1722cd353816279e8d36d95aabfaf4113d2a9f6cd3,0x430c10cb194c815eee79def6da7be79be73d5574aefe94aa57c68c697f757b45,245,244,v2,1111876044061698011,,1172987049359188231,-413353136786262,75993088081576031,76406441218362293,-0.540992526539664783
1,1684,2024-02-08T02:00:11.000Z,19180335,0xcb136cab035b3e759924a183a6f8f98920bdd97cc2f8cc95059411aacb9f5fc5,0xc0b2d80ef9e7b68d3413ee5016925dbd854207156f9b43437ae3cf3eb2a8939d,213,212,v2,1137898860891463754,,1172987049359188231,0,75993088081576031,75993088081576031,0
1,1685,2024-02-09T02:00:11.000Z,19187462,0x59c5b08f32c70f8563a431a4a54c8c2a6fc53b8d23df002e227df29406bced8e,0x99a0a7beb80c8cf35dab900c36caf97ce87b805e22a9a645d0360528fc08eb98,216,215,v2,1203797777281615341,,1172987049359188231,0,75993088081576031,75993088081576031,0
1,1686,2024-02-10T02:00:11.000Z,19194595,0x78dee6d67f28f9665faaef5aacd2e882c141da9c1e5b7421377859d577c9a193,0x273bd97bec1d32e308243f4d8c244a3f705ea3c602eca037de210aeb7b51af84,139,138,v2,1314007041146534317,,1172987049359188231,901082147296000,76894170228872031,75993088081576031,1.185742243200748126
1,1687,2024-02-11T02:00:11.000Z,19201716,0x7b07dcffc25bea415fa7396ba81d35cb9fc7203c008befd0c07b4ea8050f28b4,0x7813ad95b4c23d012a8c06808a806b462363733483cc86c06e92922b97e8d794,374,373,v2,1320611859216820288,,1172987049359188231,993766900251134,77887937129123165,76894170228872031,1.292382630950085844
1,1688,2024-02-12T02:00:11.000Z,19208832,0xe71654b24eb38c623e6607acce60bc023c305912ca3f95a4be922ae9290a1f2a,0xf301bf89b17c80e5cf51a5d8f5e9bd45d8c28574efa0d1ff568ca8db04456458,244,243,v2,1337701408528013416,,1172987049359188231,1089437984259940,78977375113383105,77887937129123165,1.398724917382087186
1,1689,2024-02-13T02:00:11.000Z,19215973,0x9e0eedbe9498ee19052abd64e33c2b41cb440d9e5a2576693a94ea19d01631e3,0x703a0e0d70ae810ca36cead9e06cf99fea625a637d6954b7379d8cef28b45556,263,262,v2,1295811198563535785,,1172987049359188231,852029733793106,79829404847176211,78977375113383105,1.078827616858496183
1,1690,2024-02-14T02:00:11.000Z,19223098,0x095f9deaf0672a442beb3128f2501c8f38f96bb73130641cf72f722a47191ec6,0x75c57de9e6fbd9fa6ebe5b9b60041b9ea79eec7ae18b83d246af679f2f29a62f,289,288,v2,1326610433414490789,,1172987049359188231,1031701362635731,80861106209811942,79829404847176211,1.292382630950085504
1,1691,2024-02-15T02:00:11.000Z,19230217,0xea174c818691ea5ba6ae29f9d0178ea4dd4649f029e98b28fc4c7bdef50efac0,0x3c77edc645313919940b75f2eaf3c7befe79416db8c9d68a1c5e5f79eb140762,328,327,v2,1403164042473415384,,1172987049359188231,1556697457091966,82417803666903908,80861106209811942,1.925149840335812044
1,1692,2024-02-16T02:00:11.000Z,19237351,0x8cf5cbf290f1b1b0289443ac5edcb8e0b02139c8cd6f5403c09994db28c347d1,0xde9fe72b2ac09d36b56a2881b44a5c9624e6452f451a155f334ad047cb3747ff,149,148,v2,1474700736692681838,,1172987049359188231,2095309787058822,84513113453962730,82417803666903908,2.542302383508218547
1,1693,2024-02-17T02:00:11.000Z,19244477,0xf8915ce2c1d5b8dc9e2f8a9ab26c4e37f9420bcc0fd99426f759812840a515b3,0x2ef4421b2470304e72e561fd5293362f0c23dfe679dd6d0d12680edc602a7397,213,212,v2,1325615500472308879,,1172987049359188231,1092232799154154,85605346253116884,84513113453962730,1.292382630950085256
1,1694,2024-02-18T02:00:11.000Z,19251592,0x3fed090b9264e6673401d4884ebd3f59ee372c9c1be9ccea1321acbbea63cfcc,0xbc14fc27c30f5608197575e23ea266ce9f440e41cd54d9d0d0154e3e416e4123,662,661,v2,1288079322832033818,,1172987049359188231,831795361280096,86437141614396980,85605346253116884,0.971662866499778214
1,1695,2024-02-19T02:00:11.000Z,19258685,0x82b582f2986196371e46a0342441f20149a4b8e5ea40c8cdab8fe3e277478e82,0xdf4c195b76e8d7f285ef2c1b0a3251369e276e69e5530033e409ca69e3e7f7e7,946,945,v2,1292927149610630906,,1172987049359188231,839877607930922,87277019222327902,86437141614396980,0.971662866499777789
1,1696,2024-02-20T02:00:11.000Z,19265800,0x5393afb41d55c369a8305c8f0456f459f90a25d0a9e5ddcf521de8cf445cdcc1,0x60a2944e707f5dce97a75b3d8fba81df76f1daa05b280d648874d4b6bc4ee76a,354,353,v2,1276195362720028817,,1172987049359188231,754311133922710,88031330356250612,87277019222327902,0.864272337258896806
1,1697,2024-02-21T02:00:11.000Z,19272934,0x3a411e02c8e363dea36e69e384c2b0e4b33d27863e40cd16f385956a21d246fd,0x2269c99b21b600dc046260f41c0cb417be8510f1ec8f37a43c5bd9a4e86101d3,271,270,v2,1246781977906663799,,1172987049359188231,571246169790369,88602576526040981,88031330356250612,0.648912344592106924
1,1698,2024-02-22T02:00:11.000Z,19280048,0x850ade9665c0d5246dff89eade2dfb2e5b13e653b46729c96e42e1569ae9e484,0x7d346a660080dd7e0b3b7a42d2acb8462d77595d19d49801bf19faa9dfbc9565,260,259,v2,1254957544441221322,,1172987049359188231,574953056704148,89177529582745129,88602576526040981,0.648912344592106595
1,1699,2024-02-23T02:00:11.000Z,19287179,0x1b33a9af134bf82763fa2997e23935be834d65b99b714a70a1e3e8ac6c9057e1,0x6263987ffe0f78d4d51a9b6dd1a811fa4a73ab360708af11fa05d2caa56a7ec4,230,229,v2,1216830304266107218,,1172987049359188231,0,89177529582745129,89177529582745129,0
1,1700,2024-02-24T02:00:11.000Z,19294321,0xdfab391c57627540dfdc6f2555062c5106ebdeab6267d4cad542df5304e704b1,0xa5915ae6cd7327958d2c11fcc190bc1f9733bbb4f877bbd588247dc9d63dff38,255,254,v2,1198922997901443082,,1172987049359188231,0,89177529582745129,89177529582745129,0
1,1701,2024-02-25T02:00:11.000Z,19301477,0x8294193268068adf840ed93545811596cb1c207ef28bb827e0df2e136e6070af,0x1dac3176a0e8f0894145d2474955df259b2d011f1859f707db4323830954cb08,312,311,v2,1193844330463609440,,1172987049359188231,0,89177529582745129,89177529582745129,0
1,1702,2024-02-26T02:00:11.000Z,19308627,0xe4be56ffb3b3b9f02f5d14a0361a08bfebcff23291d4dad3ff017a854a745eb6,0x73fded706f0e1e1da44842541891fb43ad38ec15d75d27a6b6067059657a6c55,251,250,v2,1223844838772678973,,1172987049359188231,0,89177529582745129,89177529582745129,0
1,1703,2024-02-27T02:00:11.000Z,19315768,0x8ab58e8cdecdc60da29b1fd1d305eb0344883fe18b69392c649d7b8d2fcbb546,0x59cf00c471180720e0f34bd8fff84c9b613c7e9fbf2c6adf6b5326f5e3608601,497,496,v2,1305223582402322944,,1172987049359188231,962071817170810,90139601399915939,89177529582745129,1.078827616858496508
1,1704,2024-02-28T02:00:11.000Z,19322917,0xb1ab9f152cc70ce1cf2b478f1a822d54e7ebf8f8ab05f833f7df6c3f697d4f6f,0x7f469bdef4411d0bade1bf4629b9fbcb80d282f1cef36e2e715ccb2029702676,286,285,v2,1405180902443736576,,1172987049359188231,1829129970342633,91968731370258572,90139601399915939,2.029219057922679899
1,1705,2024-02-29T02:00:11.000Z,19330061,0x94b250801960808f4ec271b61dff8d60fafd8c8d71d73267147f1267059bc2ee,0x0e31b5e5dcd8d5f72674dd90b48a27d8bd068c5e268ffad43d40b4dc2c95614b,317,316,v2,1399074642025495040,,1172987049359188231,1770535885133405,93739267255391977,91968731370258572,1.925149840335812279
1,1706,2024-03-01T02:00:11.000Z,19337201,0x64847f3fb2a51debda8c4f21a8f0185934ab2c28a40d3508715011d453fd0364,0x26d979eeb492b03473f86fd5ba8070d12a5baa706f429e4265cfba26d6dc08c6,242,241,v2,1414336950679532083,,1172987049359188231,1902175075903488,95641442331295465,93739267255391977,2.029219057922679649
1,1707,2024-03-02T02:00:11.000Z,19344364,0x512873136901c6eb93906a2b6220b4407d4f4e2460ae72763f198fc729f0e62d,0x6a9015ae192193a2be48e496f9b07cb8a0178145cc543635ce58f030f1222770,283,282,v2,1369383791700358315,,1175210947561788270,1540229985791692,97181672317087157,95641442331295465,1.610421118971041722
1,1708,2024-03-03T02:00:11.000Z,19351518,0x14b5ad774990c80b436d84e6b84b8909c49bce9a4b1745ee79e00609ce1e08ef,0xc57d4694b496328f68141f467586e58040f92a82e02a9632e20b31bc7e685be5,252,251,v2,1329889490312956947,,1175210947561788270,1255959053492862,98437631370580019,97181672317087157,1.292382630950085586
1,1709,2024-03-04T02:00:11.000Z,19358674,0xb2f59717335612c746aa78d2a8686098a7f5c94d8912f82d95a967b251b8487d,0x3c76234273fa62346b886f0cb946b3c51d8f12bcd22218c9f7fdf8001f40222a,298,297,v2,1298566030759899658,,1175210947561788270,1061972352607180,99499603723187199,98437631370580019,1.078827616858496333
1,1710,2024-03-05T02:00:11.000Z,19365839,0x2b684a78fa0528c372586b20d6eb1745c29da783c50c3e1d20d9887fa494b4dd,0xa5cf8c9cbd3ffd6396557e98c5a93975da261774cae68fe1a83ab27285408a12,466,465,v2,1289945786739144597,,1175210947561788270,966800701692640,100466404424879839,99499603723187199,0.971662866499777423
1,1711,2024-03-06T02:00:11.000Z,19373007,0xdad0f09d51a3fe961b79c65fb54256127363994fc187486633349b3bb39c000d,0x2cf4ddea17f7b139485d4ac132e35f434eadbeba761eb0d4ce3fd6c5b5b92c69,140,139,v2,1309884597496302592,,1175210947561788270,1191272597490706,101657677022370545,100466404424879839,1.185742243200748248
1,1712,2024-03-07T02:00:11.000Z,19380173,0x6875d36e3ca517ff11926079d3576ac6603dfb83a56e45f08f2663e1c0c109ab,0x3b990fbe8a5d0c841d132d478813de2d4c9334f7947f7223de2d5277068654fd,310,309,v2,1427590920631604705,,1175210947561788270,2168187327992691,103825864350363236,101657677022370545,2.132831864253168885
1,1713,2024-03-08T02:00:11.000Z,19387329,0x73b29e44d12a8298342ce30f44bb86a76c7c9fa81a8bc995c57c23e37a4d0cd7,0x025841ec248e4dcafe642b6d39e03a67ed995ccf883e530e1d4030d39e8078e1,361,360,v2,1758428998040218112,,1175210947561788270,4871395833810074,108697260184173310,103825864350363236,4.691890468998567373
1,1714,2024-03-09T02:00:11.000Z,19394419,0x33424a5f42203fbd615a588b03eba02141700c485f01d235f9faba51b4635405,0x593e86fd1b1ffc9db1bdb4bacb0a73b6e27f9e429ea367dd394df77aef3b80ee,206,205,v2,1727108453055283821,,1175210947561788270,4914483963008939,113611744147182249,108697260184173310,4.521258359853769842
1,1715,2024-03-10T02:00:11.000Z,19401577,0x27f2404f953e330fbcd5f19c936067ba448b32bfd102289e1c0aa29d5d7f3409,0x77604fd40652d0315ed6534064ca098a8a5a029313546b625ffbdd3323d05ee6,416,415,v2,1666730611254550675,,1175210947561788270,4635430535347977,118247174682530226,113611744147182249,4.080062822856454678
1,1716,2024-03-11T02:00:11.000Z,19408730,0x5db4b27c9593f96f7a199f4b5f6e1d6216cf6e787e631e47bc8bb8f8a96166ef,0x16bece1c36134f3055496d1ef90b43b856169058730a4f873e89ce4dd642a027,120,119,v2,1545581082022451200,,1175210947561788270,3712278627839678,121959453310369904,118247174682530226,3.139422686255630298
1,1717,2024-03-12T02:00:11.000Z,19415879,0x9c2e4bdaa24e0c4867951028d778ba3f8284cc4fbf705a5d3161b9b1e9a5bae1,0x1429e3040c31ca235633236c79230278b6ae99d4538e7d449a1cb5cacdf9f422,394,393,v2,1553997998271676672,,1175210947561788270,3828822745259096,125788276055629000,121959453310369904,3.13942268625563024
1,1718,2024-03-13T02:00:11.000Z,19423035,0x2d86ad4acb781a73c85e21a222f97752a9c404baf1436b0611b78cf933ed9640,0xd60357252c5aa736b956c94deed88e47ff3bb4c96092fc3d135d3d2595a7c087,427,426,v2,1661525919836148871,,1175210947561788270,5018185868920701,130806461924549701,125788276055629000,3.989390765401254733
1,1719,2024-03-14T02:00:11.000Z,19430151,0x96ff8095589aed13d346a8a4595d1b5572f9f67b264692ee549c8beabf606dfd,0x67ddd98e4a2d916f38045a6b845616609e0d0df1d000c857f5894477f22dfe95,462,461,v2,1761928942541583616,,1175210947561788270,6137295919872187,136943757844421888,130806461924549701,4.691890468998567049
1,1720,2024-03-15T02:00:11.000Z,19437240,0xd72f53bb30a536f9c156eae12ea303fa3130c9cd1206ff812803d9ebd8a0da0f,0x948ee8b58d9da681fd6e5f913e965beed8e00097d455f02b00fba90e688aef90,222,221,v2,1716708386679080801,,1175210947561788270,6073007616652732,143016765461074620,136943757844421888,4.434672826454866425
1,1721,2024-03-16T02:00:23.000Z,19444360,0x6a4d422814f96d069a2ef08d480c1cee0c3bac0479d221175c2a57fb7585df71,0x6281541a382634df159ad949a8180665c991efb28903cc3bcd3dd8b94128db09,37,36,v2,1624133817194538753,,1175210947561788270,5309782792694677,148326548253769297,143016765461074620,3.712699539509484574
1,1722,2024-03-17T02:00:11.000Z,19451463,0xcbf68ba7c0ab5136605c0baa209315f18231499beb0b50035f4041d985651356,0x010f783263518cdb83202c2bb6d209bf3bf671fbfb3119436d886d78518eee87,40,39,v2,1707114308673960589,,1175210947561788270,6448128215175199,154774676468944496,148326548253769297,4.347251581789127339
1,1723,2024-03-18T02:00:11.000Z,19458573,0x070babd6089aa6c1afcdf1fb3b74df3477186eba7cad441abbbf7381741cf2e8,0x548852c17e1f86bb51e83d419a1b2e72ff6a2fdca723bf05bb13694d19189dd3,19,18,v2,1807628314769137408,,1175210947561788270,7774032609756468,162548709078700964,154774676468944496,5.022806564429372846
1,1724,2024-03-19T02:00:11.000Z,19465688,0x66e655f8ca07fabbcb8d2489df66305be9bcf6dbcf8856b66c9dcc70b28ef226,0x563c881e8544e6d288d951e49b81c4b68a10d9be2fe446a2b5d3a6e486cff70b,173,172,v2,2173707261818006834,,1175210947561788270,11460435163621431,174009144242322395,162548709078700964,7.05046212214004686
1,1725,2024-03-20T02:00:11.000Z,19472802,0x96af7f9cd54bfb2117ae358b0a569e0879bbc105e510b3ed417c1889f2edd45b,0x5ea1242050d8c61c04cc959fe697727a6a562bb2056829aaba698f35b98043b7,208,207,v2,1924824491089833472,,1175210947561788270,10071644926060055,184080789168382450,174009144242322395,5.787997504334853129
1,1726,2024-03-21T02:00:23.000Z,19479937,0xfb695c5d8389ffeb8bd24e20e970ee00209f7929b4112f5004a3ad4d6eeca8f0,0x45a9336cc792ffdcd2d9003ae1555f4a5ac237873c66c61765d29b849c6a3ccb,39,38,v2,1854465731691942966,,1175210947561788270,9829245445712693,193910034614095143,184080789168382450,5.339636737824761192
1,1727,2024-03-22T02:00:11.000Z,19487053,0xc85469cc842056511028f2c6962ca0e99257572a96334e16eead8d9d7b67b550,0xbf8b77a5143372b6c91ced510ff9391c1684c5cbfa8dbba6b158b31032bd0a1d,12,11,v2,1952482079955530702,,1175210947561788270,11499320075553182,205409354689648325,193910034614095143,5.930234656725344602
1,1728,2024-03-23T02:00:11.000Z,19494187,0x31b40a24af0db1b50402255ae3c0b51bf359efaf72b7a20f82b1cfe6779181bb,0x7bdf7bbbbd35c6f51f57ae8f541f43bb7d3b055667fd7db9314db21d6283e865,14,13,v2,1950000000000000000,,1175210947561788270,12181256739961412,217590611429609737,205409354689648325,5.93023465672534466
1,1729,2024-03-24T02:00:11.000Z,19501307,0x66510ef456e4e0a29e1f3bda872121e90ed1dc31bb7f44fd481db7cdd03a68f3,0x130a1c708597dae99cad32654f77f9e87dfcc6b403ac19a0a9dd40f05465a66f,156,155,v2,1942619026508845213,,1175210947561788270,12749868517062423,230340479946672160,217590611429609737,5.859567392771901786
1,1730,2024-03-25T02:00:11.000Z,19508405,0x1bb52c0662d647b9de94312d79d1fbb3ef9604cdb9b41b93654974b9d32b1bcb,0xbf541e1c6f354f45ffa117bd7234153d9f7ea3acdfb43096d22c0046a729159e,208,207,v2,1733379792315838718,,1175210947561788270,10414288205716211,240754768152388371,230340479946672160,4.521258359853769699
1,1731,2024-03-26T02:00:11.000Z,19515504,0x9cca25264fdc7a3c7563ec5393ccef58e29e8f33be6262eda1676fa9d4c0f875,0xbf312b1eb6d658242f2fd0e65227f7e69f52c66a30bcd9d651e8664d88501a42,287,286,v2,1468597339714579703,,1175210947561788270,5876155665548064,246630923817936435,240754768152388371,2.440722445766343794
1,1732,2024-03-27T02:00:11.000Z,19522593,0xe8536e4b6c065ecc52160ba9799072ff5de8dcc814724bc0a2896b6cd083f98b,0xc1a69271f2980667d9b07246499434d8c572b8e102f38cc9258a58f58047675b,247,246,v2,1390733685551127184,,1175210947561788270,4490275458464046,251121199276400481,246630923817936435,1.820645760455723945
1,1733,2024-03-28T02:00:11.000Z,19529502,0xaaac49e26900ed2c42f585f553bc3703b142d44219efb588021237676d4176e0,0x65d354ba108b6277676564aa0b02bfd4d6c89c6eadc02e1cbc09568d954b0aa1,291,290,v2,1237488469554514293,,1175210947561788270,1358546920642107,252479746197042588,251121199276400481,0.540992526539665436
1,1734,2024-03-29T02:00:11.000Z,19536547,0xbbeaa172e3063d037212100f39d86d504bc6608241759af762dc31f65ab6f60a,0x7c3f9039f03b81f8fa623b4d1e0198bc2d8b35c6d195160c18908ed616c8cec8,143,142,v2,1188479997141285315,,1175210947561788270,0,252479746197042588,252479746197042588,0
1,1735,2024-03-30T02:00:11.000Z,19543669,0x29958625d9be406f660f0c00948056288f178c9cc725ce52b555ebd38e993e91,0x9b4c69692fc16368d09a8aa27b723a6f2f15c83496f87f321939cdfe8f6594d2,226,225,v2,1212951438299427097,,1175210947561788270,0,252479746197042588,252479746197042588,0
1,1736,2024-03-31T02:00:11.000Z,19550773,0xcec8d98ed8d12f18021959ca3cf19249cdba4a45c57e1a8d602b5e07a929edff,0x2c10fdeb547b2a606db9c34bbb1f9ccd2db1ef8c40019d82a49b21fa8c6e1225,268,267,v2,1128605525080382797,,1176883705775048287,0,252479746197042588,252479746197042588,0
1,1737,2024-04-01T02:00:11.000Z,19557885,0x5c59219a987ed8832993e8ed10923baacb68f2b0c2021fc2456d70fca00ab613,0xa19b3b963b430c497e844eb9ba16c7486a6c0bb492efe3d3f4eb2a9e28349605,321,320,v2,1074135602429454162,,1176883705775048287,-2182112603562513,250297633593480075,252479746197042588,-0.864272337258897757
1,1738,2024-04-02T02:00:11.000Z,19565001,0x917b0193d85f2b9fca5281209daa8214d7bf02ccd02c9f1d9113836a228fbe73,0xebd8d74e38eeae4bc716dfcf85b9b28cd8a1b81dcc6c245ccd845e64a7655d07,293,292,v2,1148390390661950020,,1176883705775048287,0,250297633593480075,250297633593480075,0
1,1739,2024-04-03T02:00:11.000Z,19572129,0x3210985b0be5c182056e6a8a381fb12e85349dcf16fdf507597c45594a2a26b1,0xd637afe97d663e77b3a162573f6a628a598055892e799f24213861a1a5a43e73,290,289,v2,1003444594833051321,,1178556463988308305,-3766342409218717,246531291184261358,250297633593480075,-1.504745512430935455
1,1740,2024-04-04T02:05:11.000Z,19579306,0x8672722f360b4c53ed278b1b05e2e37cc2b610ee69c3732c63bf287092018edc,0xc90110a9a71612b419b1b8fba898f4c313035b34de6efe7d4f1754d3076c43cb,60,59,v2,994231564202632840,,1178556463988308305,-3970191978103340,242561099206158018,246531291184261358,-1.610421118971042169
1,1741,2024-04-05T02:00:11.000Z,19586425,0x7fc64615b811bb1914266213ff2097f54d7a807680cd39c2a83c9e53e6014548,0xcf13e1821725880ec4c4d8d7e9eef82b8ffcb1d79aa8307cfc23d33d2d9beb01,308,307,v2,1084134892594951347,,1178556463988308305,-1835412739811044,240725686466346974,242561099206158018,-0.756680583085207041
1,1742,2024-04-06T02:00:11.000Z,19593565,0xa3f5dac7d0126bc2926f7068d429799edc4ea82bd1c939cc874ac2b64a2dfd38,0xbb7169fb2651bcf26b5f33c4cbe0db67b93daca687fd502c97e1831337733752,85,84,v2,1259466327487734749,,1178556463988308305,1562098696084216,242287785162431190,240725686466346974,0.648912344592106767
1,1743,2024-04-07T02:00:11.000Z,19600705,0x67a66472d04ceb6bece61821278094fccf571653f282548399f44ed1f64efbca,0x3e2e8800f066a31dba86a33602522d4a422047d75989ee767211f71e47036433,69,68,v2,1464953202212569088,,1178556463988308305,5913572355809595,248201357518240785,242287785162431190,2.440722445766343724
1,1744,2024-04-08T02:00:11.000Z,19607837,0xfbadc9a08accb26b7a2f0ec89252429e16e84d375310ea94c6a047d8d9b9a690,0xf1786eceb403ee553bcae58ea1ddb43863b6689fac629e803fdb9e418096c2cd,17,16,v2,1440514389091196160,,1178556463988308305,5549700725911012,253751058244151797,248201357518240785,2.235967112107013373
1,1745,2024-04-09T02:00:11.000Z,19614972,0xd70bb462a7e460da9c4956acaf03715526134f01ac1cdf3f23cece5621d91d2f,0x9c2435d48213fee4b042a1e32e3ca1b618fd187ad9a3b3d4f01dc84d1011087d,3,2,v2,1343978579006813786,,1178556463988308305,3549279279781686,257300337523933483,253751058244151797,1.398724917382087911
1,1746,2024-04-10T02:00:11.000Z,19622109,0xe1d998e7588d0a3e6e8f65285e66f35bacb4cbd56616766445148fd9b0ddee88,0xd252809bdf964306a4ddc2e1511400733ba3a139b4a8fcccd46598ac658c53e5,337,336,v2,1205528960534666986,,1178556463988308305,0,257300337523933483,257300337523933483,0
1,1747,2024-04-11T02:00:35.000Z,19629268,0xb93302f0fb28d6febc410c177e84ee93bfc36a0638c2240e598cc151a69737ba,0xf3f3c7788124b3f6e6745b08910433b84b3287ca629910e46e54ee7f9fdf2e72,744,743,v2,1172397546948241182,,1178556463988308305,0,257300337523933483,257300337523933483,0
1,1748,2024-04-12T02:00:11.000Z,19636407,0xbf729079cb3050e76629cfe002fda4910346c7565dd11b55a2b47711308b449b,0x95875f47cc79ee40587e9f9bb57a71894cd96189c33155ce28c4bbcafc4aff94,326,325,v2,1275286436918488308,,1178556463988308305,1946941694256306,259247279218189789,257300337523933483,0.756680583085207177
1,1749,2024-04-13T02:00:11.000Z,19643542,0xca5f3d86467f362d23405d44fca6baa938a4568edc58f0184bcb343aa83c0f02,0x25d04a17247e7974c3886292aa12be1a1c45c7e758885163317de07e69cbc726,196,195,v2,1129334683415071942,,1178556463988308305,0,259247279218189789,259247279218189789,0
1,1750,2024-04-14T02:00:11.000Z,19650662,0x928ce66679d744b4d74e70582c6f488039054ee7c441d29af7e1aba2caeb091b,0xafe01c3a3bced5b0f62a5f72d597595c112b7f59a2f9ef7416bd3be6fdd71603,130,129,v2,997390001761845283,,1178556463988308305,-3901011800135008,255346267418054781,259247279218189789,-1.504745512430935462
1,1751,2024-04-15T02:00:11.000Z,19657796,0xa78d3b5260863fb0b59db26e7beb0950fbf1d5fffb37625ea2885925c5237b75,0xf07851e8187c7a0beb789dc42abc0f242031c28d6a142503f74bd1aede863996,146,145,v2,978569333483988862,,1178556463988308305,-4381049328624389,250965218089430392,255346267418054781,-1.715728752538098753
1,1752,2024-04-16T02:05:11.000Z,19664956,0x7ca6d889f8193dfeecbbd88026d6ac68b66432d573b03593da994e88615cd263,0xeb0a99e7ad70af1ff0c572ffc9ded9050ec2826b065391c2a4f90a34e4521793,156,155,v2,997731858490409840,,1178556463988308305,-3776387856963214,247188830232467178,250965218089430392,-1.504745512430935425
1,1753,2024-04-17T02:00:11.000Z,19672067,0x56d765e0cddf7906125faf13913c37294d74f5233435e6d0f914675457989c4e,0x757a08af47b5206843fdb8542c78dc6fedfdddff92d608f7ecc728c7ca639bb5,186,185,v2,957616800568325517,,1178556463988308305,-4500432957947511,242688397274519667,247188830232467178,-1.820645760455724143
1,1754,2024-04-18T02:00:11.000Z,19679219,0x2a311bd1978c0a3bb234629834d2339b654b6d0c38f0966c470c2eefcaec0358,0xe2f8365853f7013f22deb4fa7862fc6d4a7af64e50952e7c6d24d0cd1c11b521,210,209,v2,953349068314133657,,1178556463988308305,-4672115292643957,238016281981875710,242688397274519667,-1.925149840335812209
1,1755,2024-04-19T02:00:11.000Z,19686373,0x589c83b773c981692d103310f618e884524034248a04d86671de69c920f29680,0xcd3644ce718d1062e6230cc45d9eba0169ef0d8e42898f9d9a085f8db7c3d667,425,424,v2,966739878741005001,,1178556463988308305,-4333433347097361,233682848634778349,238016281981875710,-1.82064576045572383
1,1756,2024-04-20T02:00:11.000Z,19693509,0x57f3bfa844e3e7169dcc2104bc139a661dd6d4a8604b864062bb0ffeea88a9d4,0x808da5d2619b0a8e2a53ad64b5c49c8aad4603574145dca951b0bd46067647e0,142,141,v2,986544330885650007,,1178556463988308305,-3763277945827604,229919570688950745,233682848634778349,-1.610421118971042071
1,1757,2024-04-21T02:00:11.000Z,19700663,0x94688a76cdc81a041a80e40dc1c9f6d7da1032ed91e0b750ab0a954cc303ab62,0xa6dd74d04c3ed3b7ef10405fcb46a43546e96da0956f8eea15b31f8057cf3be5,169,168,v2,1116313727244496067,,1178556463988308305,-1243847694479307,228675722994471438,229919570688950745,-0.54099252653966557
1,1758,2024-04-22T02:00:11.000Z,19707818,0x3c171dd18c9bf1a991fc65023d0c072bcb4b7213072357b7766ca72db65385e8,0x1b0793019d44bac3fad76c4ad4ac971787d24f0b7b71acf3d919668093819666,326,325,v2,1155950565333347638,,1178556463988308305,0,228675722994471438,228675722994471438,0
1,1759,2024-04-23T02:00:11.000Z,19714970,0x3d87ee5f121ddffb34b94d9c44ace8211c56b84cc00c9109cb4a03119d07f6a3,0x742f46085e0a51d6750cf31f68361cdb32d8b2e8d2423053af90c0e6e166d918,267,266,v2,1166286615848301559,,1178556463988308305,0,228675722994471438,228675722994471438,0
1,1760,2024-04-24T02:00:11.000Z,19722122,0x904c43debff00e2a4adc4b0d82a92afa89bdcfa1fb46d304e1972c6f839b7d55,0x7368f256e15ac64e3117d1c28790d900f65d1b70cc72f232e693de067d6f3cf8,349,348,v2,1153515570481656849,,1178556463988308305,0,228675722994471438,228675722994471438,0
1,1761,2024-04-25T02:00:11.000Z,19729262,0x75d7bc2f3df14ccec8ee185d40eb14cd3d8b69d2281a3a7f356dcef4048ba14c,0xaf4575ddc7e305310420b2dba968d0877b6f473cd27c7a0790904e4890706651,479,478,v2,1084386949008252483,,1178556463988308305,-1730344794128879,226945378200342559,228675722994471438,-0.756680583085206887
1,1762,2024-04-26T02:00:11.000Z,19736418,0x2f90e6eeeeb14256825f501dd370f440d10cbd15261f862bfd7231c8d93bd073,0x8bbd5cac63ba52bfa8240ca07987e2cc056237a8e0413c3540d020265375db12,330,329,v2,1083942868372452601,,1178556463988308305,-1717251611051281,225228126589291278,226945378200342559,-0.756680583085207294
1,1763,2024-04-27T02:00:11.000Z,19743555,0x5fe697b2fa689442ad187a37b1dfa1f98f795efb085a5018f9daf3bef43cad29,0xce866e728a250151e5f7088af397ca510d26a379e4fff3d4425d6ad83a746f58,260,259,v2,1136369910899628141,,1178556463988308305,0,225228126589291278,225228126589291278,0
1,1764,2024-04-28T02:00:11.000Z,19750695,0x3044417b672cb379209709afb35331d6d26ecf20b3c85914929ed3e0c5f8104a,0xc2a66aef5a9914160587c4f8a4494da8492c1f883ed97bc68d580e546a7947c7,297,296,v2,1059677235317152196,,1183194419805031743,-2429823230578289,222798303358712989,225228126589291278,-1.078827616858496593
1,1765,2024-04-29T02:00:11.000Z,19757846,0x961194f156a4340e92264e90bff9ea5b97322476adf3014aadebb418ab0b822a,0x65a944386878f122f7565d1a4d8db7aec99afa213a170f67688123bc193d1603,573,572,v2,1077185148212250752,,1183194419805031743,-1925584103811518,220872719254901471,222798303358712989,-0.864272337258897733
1,1766,2024-04-30T02:00:11.000Z,19764999,0x49579b75b861bca711ab6f66e6e95351d26a9f86f06cbbbce0a3403005a3a1ad,0x976e93134fe89f3c49f9db442c7fbe8a55f617c4e0178caee4b33e51a6920984,400,399,v2,1011215838325016407,,1183194419805031743,-3089401759917691,217783317494983780,220872719254901471,-1.398724917382087649
1,1767,2024-05-01T02:00:11.000Z,19772159,0x1de435d892be19eda3df56153497099e8f06801d52b10867cc06b088594f0e3c,0xe570b920afa2d88e5f17639086440ec9074eb33aab2dc81fd5aa2abd3b67ad49,203,202,v2,969298874385112478,,1183194419805031743,-3965062736952251,213818254758031529,217783317494983780,-1.820645760455723885
1,1768,2024-05-02T02:00:11.000Z,19779318,0x9b2e5979561ceee1267bc570104dcd4179994a41b245f361fcab02cfea11ec54,0x7c6e9fb2457bce54050a8e79444b97adecdbb5a34a176c9cb5f4997c4d46e233,230,229,v2,971036034104535177,,1183194419805031743,-3892872990332520,209925381767699009,213818254758031529,-1.820645760455723815
1,1769,2024-05-03T02:05:23.000Z,19786495,0x46f2dbf9b83dfa40574d345ba0ceb54b4ed77912021c388803a9adac72bba0fd,0x01a0af6469761e32c0e78af1f4922939567f026526a589e5658ec2431dee9d35,38,37,v2,983850806478996300,,1183194419805031743,-3601750133863784,206323631633835225,209925381767699009,-1.715728752538098939
1,1770,2024-05-04T02:00:11.000Z,19793622,0x6dc82f5653dddce686e08a60c7879b369057ae2daceec431705c5d7cff707567,0x11ad7ad1c0f6376882857f19924fbf3aff2ff57a60c677bb5986fb5584215c2d,295,294,v2,1054367097725128066,,1183194419805031743,-2225876318171208,204097755315664017,206323631633835225,-1.078827616858496711
1,1771,2024-05-05T02:00:11.000Z,19800776,0xcd2dfe475b04481200afbec71aca13d4837d718ac63625588beb713d4d923928,0x9daa3265c3480b03e1b72dfdf488a8f8d55afc4dc6b39d334c554d2ac01b7214,227,226,v2,1118566760348985056,,1183194419805031743,-1104153603092955,202993601712571062,204097755315664017,-0.540992526539665396
1,1772,2024-05-06T02:00:11.000Z,19807925,0x3c17eb80f1973f0d2043c97fbb39c4354b55625cd4a5d7bae901995c3fa7dc94,0x0e4b1f18ea812d7295496837cc7a4c49c4ad70e1d94dc276b971d6a791f3ac82,149,148,v2,1097019022685343546,,1183194419805031743,-1317250540245008,201676351172326054,202993601712571062,-0.648912344592106829
1,1773,2024-05-07T02:00:11.000Z,19815075,0x6a49975596b7305713639b26b40a6ffaad0645a3a490d96dd1cd25ca628cc0e9,0x7bda4122a93682a1ebe9fdd8aa25fc85799ac8e768c8448f11677d20f5bf52c6,341,340,v2,1082778868315056256,,1183194419805031743,-1743032913975525,199933318258350529,201676351172326054,-0.864272337258897839
1,1774,2024-05-08T02:00:11.000Z,19822222,0x8290afc9421c528a50ff42fc47138ef543bcb84398f8b18ad020bafe9fe60a89,0x4658cddb69db3f6a4c269eac562bfd42ef94d49fcecb815da7ac38370d12eb3e,239,238,v2,1072291470506054209,,1183194419805031743,-1727968362670717,198205349895679812,199933318258350529,-0.864272337258897911
1,1775,2024-05-09T02:00:11.000Z,19829369,0x124af432c9d99f472d0aa57833d832d4665160dcf0a22c706ddc300a73a14af8,0xfbbd713b50736c7d66cf4602f79c547b8dba84b0303eb522dbd5c4107cdde50b,153,152,v2,1128958829458673678,,1183194419805031743,0,198205349895679812,198205349895679812,0
1,1776,2024-05-10T02:08:47.000Z,19836562,0x5391311c01b7f673cc2b7618484ac746264cfa33308ddc955313243c46fdc855,0x37ecac59acd4e1199622a138682d22179d685cd76144d49033dd275bfb7242c8,65,64,v2,1362098934113909831,,1183194419805031743,2982486107953276,201187836003633088,198205349895679812,1.504745512430935566
1,1777,2024-05-11T02:00:11.000Z,19843672,0x0349df615ff44a71f0240c987212d85e1397cc4cfdf0971c88c794ac167a6ed3,0x98e6757565c77a0a8d13258901e3ca5d1d1c3ac4f2aefe8735b8af63c41db236,70,69,v2,1274809655385019065,,1183194419805031743,1522349290568801,202710185294201889,201187836003633088,0.756680583085207064
1,1778,2024-05-12T02:00:23.000Z,19850826,0x4f065ffec23a35548650c03dff0cb1efc6a9ebc65b06fe94687b02fe5a48b3bf,0x79a81b79e2454e405782998c8f568b395cc7ebc40c237eed8194e7b8c3332a9b,412,411,v2,1341748991948073434,,1183194419805031743,2619791225909001,205329976520110890,202710185294201889,1.292382630950086147
1,1779,2024-05-13T02:00:11.000Z,19857973,0xd7b5c9586240ad31aaad15128b1bfa8968a175535058e45642c5323c02d9c1d7,0x75651675bccb755b728e9ee4b03ca598f9fd778091ee9d19c2a7d14fc75af07b,392,391,v2,1345200423924015178,,1183194419805031743,2872001544441581,208201978064552471,205329976520110890,1.398724917382087641
1,1780,2024-05-14T02:00:11.000Z,19865131,0x62791cce36cec2e37deb199a19e7aa71a79df3a399f58ed492c6316b87946238,0x9185eabed83f8747da4f2b986c1a3e0dedb55d29aea6c5af8aca5052198b6144,263,262,v2,1358934908094464422,,1183194419805031743,3132909921718794,211334887986271265,208201978064552471,1.504745512430935497
1,1781,2024-05-15T02:00:11.000Z,19872251,0x08c542e6ff8e84f74b9c5fcaf4d340d493b6bd66b9d48023a8ab504af8db5044,0x543bf1a16c7771409f02450e854920dc69baa49d95819a592fd70e84edcd2d40,13,12,v2,1414696998643853243,,1183194419805031743,4068513258641569,215403401244912834,211334887986271265,1.925149840335812286
1,1782,2024-05-16T02:00:11.000Z,19879417,0x63db1a5ea9590c55855971318ada6eca45fa833fba07150ec8cfa9dda368f081,0x049ff7e3fbcf93bf4f7231ea5cde40c898b6a0e5fbd2859977e1946c5fd51ce7,391,390,v2,1323217671855824028,,1183194419805031743,2554129121852139,217957530366764973,215403401244912834,1.185742243200748751
1,1783,2024-05-17T02:00:11.000Z,19886575,0x22d75c4a57b2bf6b13e6939b29ad814f173dcf9ff56c19ef2fef04dad24c43e5,0xd369bdc00b949741b7c8d8e8f9ba9faf666f27819e761eaebe31d8504f8c68e2,658,657,v2,1316157120509935163,,1183194419805031743,2351386030619404,220308916397384377,217957530366764973,1.078827616858496323
1,1784,2024-05-18T02:00:11.000Z,19893717,0xfbf8ab009e4ef310a3cfeae535636ec5c0f81d0222db840a2f0e897c0d319b37,0xb528ddbfbc79474c5d3a137e12b90728a409f9715a217bcbea47c18dbf2d34e8,339,338,v2,1240203520031287440,,1183194419805031743,0,220308916397384377,220308916397384377,0
1,1785,2024-05-19T02:00:11.000Z,19900864,0x17ed7309ba23e35e505b5d16a3cf261fe14f70e63a688f035242d74b0222adc6,0x22d921bf019ff9716097d8b573b0cc987ff8b73804c457f114b9abe4bd773553,308,307,v2,1268089279191002219,,1183194419805031743,1429611754739731,221738528152124108,220308916397384377,0.648912344592106622
1,1786,2024-05-20T02:00:11.000Z,19908017,0xb64970c294b8a0e57af9f5d483cfe0a4e52da18defb91786609fab6e14f633bf,0x150b40231d938d96434897a74d94f66b8490cad513d3ada61f7c20df55abc713,306,305,v2,1225557661260993479,,1183194419805031743,0,221738528152124108,221738528152124108,0
1,1787,2024-05-21T02:00:11.000Z,19915159,0x435e34b2a4c7410a9a0ae286936c60f651b8f57d0ed02e8e42a593ac0fd67a4a,0xa40a4461cc7df950d2ad5414dd5d333f328f921e92bfe8e44deea2301a37197a,275,274,v2,1363674243469733538,,1183194419805031743,3336600551699494,225075128703823602,221738528152124108,1.504745512430935462
1,1788,2024-05-22T02:00:11.000Z,19922313,0xa64dd335f9e933bf7fc7f9d7bb05f320aa1bcd8d13fbe21e83f8689cfcce7d07,0xb05d55eeab6f712cf3ed70fd980a52c15d4bbe9b476af6bae0cdcfe5ab358716,209,208,v2,1426837805688949899,,1183194419805031743,4567267406301989,229642396110125591,225075128703823602,2.029219057922680081
1,1789,2024-05-23T02:00:11.000Z,19929460,0x77bc5c7cda431b22eb5a67a477339cb6f303d036d6f9eb339cdfa3ffbed37544,0x0dc393e8ae923fd1520da8398f2a3c7e768a5f71ae9068766cf16a4a2d1f9209,205,204,v2,1388871604049973617,,1183194419805031743,3940040618078857,233582436728204448,229642396110125591,1.715728752538098658
1,1790,2024-05-24T02:00:11.000Z,19936617,0x2555a131cf0f6ec2360dab4c0f3c5b87c93d68ddf7d3a6bb6c3df05443d7bb7e,0x5eee6561711ecd03c89d31861b8f10ea20ba03e7e03644325212d99a0ef25ed1,374,373,v2,1328110738712571144,,1183194419805031743,2769685624983981,236352122353188429,233582436728204448,1.185742243200748725
1,1791,2024-05-25T02:00:11.000Z,19943772,0x78a7381cceebb3a54780721d98c416a7756a6d9cb9d62f5d2a81f6592fbc73c5,0x16e3c4d1d3dce2580c94fe910b96646ee0f6ae7e865dcc1ef389237d2465ffca,260,259,v2,1260375567258567182,,1183194419805031743,1533718098655280,237885840451843709,236352122353188429,0.648912344592106807
1,1792,2024-05-26T02:00:11.000Z,19950927,0xc9307941af6c90df1573acca1a2ed6a0a773f15571330ea58f4e79d8f8fb59a7,0x284c582ef2381bfdb384e04f1089f933c5b4e18b90432542126a900843d2247e,445,444,v2,1268521607984742561,,1183194419805031743,1543670584728697,239429511036572406,237885840451843709,0.648912344592106614
1,1793,2024-05-27T02:00:11.000Z,19958084,0x2636cd913424990e60744b33ca0345f548cd94b0af1fe3765f74e0b0751ce0d4,0x0be3f14714f67e3204976f8770ef13e8de9834cd8f95660c19da4745711bacfa,108,107,v2,1271366425712210535,,1183194419805031743,1811716620189596,241241227656762002,239429511036572406,0.756680583085206946
1,1794,2024-05-28T02:00:11.000Z,19965241,0x2bdafa6abd374f2deb8b57afce36e588bf01a9c61f4821d4ec83d98de0993aaf,0x30f41eec05fb433fab9192090dbd60df5efff75c09a96c1db8c708a121420d92,375,374,v2,1300035828976860761,,1183194419805031743,2344051427828949,243585279084590951,241241227656762002,0.971662866499778043
1,1795,2024-05-29T02:00:11.000Z,19972398,0x433bc285c466a87826892ec49a9bcdd3d50005a5f01e33a9feedcbaf3dded8e1,0x5e32877376618e698569902597bd3f48178c252bd406c1be5b4cec6bdbc92b44,386,385,v2,1249667926864141904,,1183194419805031743,1317778155598423,244903057240189374,243585279084590951,0.540992526539665098
1,1796,2024-05-30T02:00:11.000Z,19979543,0xf96cd9755fd818d9fc8ba6628fd160cec76f3cfc5c1c2e73ab188ae8760c4e21,0xcdb946e436e39ca0aa917c0c2003e86b1299b4d85dff3c1ff0d3bb39a5ec98bb,540,539,v2,1225709869076356969,,1183194419805031743,0,244903057240189374,244903057240189374,0
1,1797,2024-05-31T02:00:11.000Z,19986692,0xe16b7579b63eb4546778d727f97024366eaf2e7f4a034ac553bc37964c18cfda,0x413a0faa47923813c8137323cd8eac4bf1ec671d2deb7f489fbcc76ccd8c6970,264,263,v2,1157914574509232602,,1183194419805031743,0,244903057240189374,244903057240189374,0
1,1798,2024-06-01T02:00:11.000Z,19993844,0x249c00570b2443eb1578ad1c139a255a347fb3e741b26894246a7d0c0a01c660,0xad46ba87019b2372789bfad4c9c511741eb72c557b7fc376e078d7c28a0648e5,328,327,v2,1191130225498371585,,1183194419805031743,0,244903057240189374,244903057240189374,0
1,1799,2024-06-02T02:00:11.000Z,20001014,0xd70026df747519ee1e01b1a311422aa53760e47a8df12648946f23d3cb173786,0xb53ad9b45a1657710f826845629859f0619ecc5c2bd9e8feceef98634705c9f5,246,245,v2,1214118392941151382,,1186672080907359946,0,244903057240189374,244903057240189374,0
1,1800,2024-06-03T02:07:23.000Z,20008208,0xf21ff0d86830266d19547147f9c6e21ad4e1c12db1a45bd8fd1a63c6b0fb1c0f,0x11cd51df81ca5a16ef0bf3823fd2131bc46731f65fb4137bbfd6ccded5064f3d,515,514,v2,1216199318169446375,,1186672080907359946,0,244903057240189374,244903057240189374,0
1,1801,2024-06-04T02:00:11.000Z,20015331,0x3c6940c77a651888a7bfd586ee416b6cdbbb31a65f594d0ad3198b9c43fbb0e4,0x1d6c092e3369045259e2adc5b1260c45c87934a4d513b1db25f6f25c904368a7,129,128,v2,1249912491143866377,,1186672080907359946,1324907236936583,246227964477125957,244903057240189374,0.540992526539665218
1,1802,2024-06-05T02:00:11.000Z,20022499,0x93fa33bdbba950b854e9a741cb331c9e6568091c4f1e6ae572086fdb538d605d,0x44e7db7fa8301b00418880207e0ac32ce6963d3800a9696d37e64bd099e19172,177,176,v2,1234031374583533402,,1186672080907359946,0,246227964477125957,246227964477125957,0
1,1803,2024-06-06T02:00:11.000Z,20029666,0xfe8404864914e249faecb498cdc863b9cb4067a644613525e845a542eb3c60c5,0xd23582ce0e22efd9ed4257620da8db64c01c5a8783ab8fa0fa88c2d0b45c4b17,411,410,v2,1271146676220735516,,1186672080907359946,1597803657329938,247825768134455895,246227964477125957,0.648912344592106835
1,1804,2024-06-07T02:00:11.000Z,20036822,0xc660cbb09f9ab1398e0b8e9ba33a98db3eb08ab69762ea038deeaf2c95effa07,0x77efa1b474871193406a45ff1aebb67c30a80f42d4a3b0498e21dead04eb2c5b,200,199,v2,1320960163612130866,,1186672080907359946,2673612828326214,250499380962782109,247825768134455895,1.0788276168584966
1,1805,2024-06-08T02:00:11.000Z,20043985,0x2a2fba91da0f9c1b6ed2f6530c0d7a5df96feecd90d86e2813c4caacaf63d8e1,0xacedd0c7669079fbf2758d054cd1c436f192583c12625e01e52dfa6cf9c1bcaf,564,563,v2,1331225370881495395,,1186672080907359946,2970276979032082,253469657941814191,250499380962782109,1.185742243200748769
1,1806,2024-06-09T02:00:11.000Z,20051146,0xd13b5eb168fc31558937acf26f0aabc2b571290054931c5e5cc6d2ab8e492228,0x4dc2d451a464cdc338382812e76e94d9c5abc961a438e72c09f831cb2667766c,199,198,v2,1343406875027773006,,1186672080907359946,3275797833968602,256745455775782793,253469657941814191,1.29238263095008606
1,1807,2024-06-10T02:05:11.000Z,20058331,0x2b5b4c08728b0d3be7fc7d1bd9c303733263b898fda90f3044332cf48532e1c5,0xbe94ccdaf1f561cbefda4fb068a75eef660907c250c63b37fd6194ad45c349c8,103,102,v2,1408162949006136699,,1186672080907359946,4674425255744515,261419881031527308,256745455775782793,1.820645760455723926
1,1808,2024-06-11T02:00:11.000Z,20065463,0xdd68ef9e7b58e93f953baec55ef5d8f8cd86a7f4b8c6cb3af0ae4b55b832650f,0xec9a5a568ce5bbd266a48acf3bf19262dc734afa72cef054253e5e4fd28f3a54,50,49,v2,1401350802093902725,,1186672080907359946,4759529980988899,266179411012516207,261419881031527308,1.820645760455723871
1,1809,2024-06-12T02:00:11.000Z,20072623,0x97a733b2307121ccdba181eb53c3f5aaa0a89e198cf79fed840b3dd11ac75861,0xcb88cb17546852d65e7ed6e193c5d8b61cf8879c3f43e317dd00fe6233c864e5,136,135,v2,1298751183427433453,,1186672080907359946,2586366495076441,268765777507592648,266179411012516207,0.9716628664997781
1,1810,2024-06-13T02:00:23.000Z,20079782,0x37071dbe67faf1634ace988b7956e0a2dd4522e77bf4dc15de70c00f76bf156b,0xfe58c3c55e12440530219185407aebcdce8704059dfa4f8a8260ae2723a3c61d,572,571,v2,1236484677621998429,,1186672080907359946,0,268765777507592648,268765777507592648,0
1,1811,2024-06-14T02:00:11.000Z,20086921,0x45840febb46c74a1d68433d867fabe86178164c713a6f78a1c9f9da82bb0f4ef,0xb65915dec25acb91ef8f623573bce3d61b416e407b5464ec65492fe2e7bf65b8,217,216,v2,1143980002846906200,,1186672080907359946,0,268765777507592648,268765777507592648,0
1,1812,2024-06-15T02:00:11.000Z,20094084,0xcd110c0239f76bd3572f8520f92609edd8f3751800a0ce43a68c252b4b1faabe,0x25e9258f1a28ff966e025a9f21f80464d818384399f72532dbd5a2908f988330,114,113,v2,1030390002984747484,,1186672080907359946,-3473482226446081,265292295281146567,268765777507592648,-1.292382630950086246
1,1813,2024-06-16T02:00:11.000Z,20101225,0xf716c1e7172dfc3e8092526eb404ccbb00f6d952a36c871d62e66c02e727be9e,0xdc6cb9a6a8c7494062cdf0047280d74d51de3a0194dc7dfa2a597ce94747c0d0,75,74,v2,1075564174164647218,,1186672080907359946,-2292847920994142,262999447360152425,265292295281146567,-0.864272337258897773
1,1814,2024-06-17T02:00:11.000Z,20108390,0x1b962e5275cfa1ac9979409236209e559d51f6a1669c828ed37cd1def63f990f,0x39957c7f4004f6fefaf757ea854b30aad2bd196d6b6bb711acebe89d80de40e6,105,104,v2,1103950003275439925,,1186672080907359946,-1706635880129049,261292811480023376,262999447360152425,-0.648912344592106862
1,1815,2024-06-18T02:05:23.000Z,20115562,0x2602034f3489b0d2768bbbda9b23ed5896f2d34b0bd791030fd7fb1d52c3268b,0x98627415df9809f58e563c3986f6eed413ac79da17c4a7c4acc8d707204dff28,150,149,v2,1125571238984783818,,1186672080907359946,-1131257232836761,260161554247186615,261292811480023376,-0.43294617499389149
1,1816,2024-06-19T02:00:11.000Z,20122673,0x67c5bdf745d93917d8c33c98c2ea3b47f4b14c1892405836628f8bbb7771a2c3,0x0146054a1c72d3bb34cf58eda19bd961211cb3c05547417c00c45c72d1046155,162,161,v2,1025554868864160111,,1186672080907359946,-3638944484703917,256522609762482698,260161554247186615,-1.398724917382087986
1,1817,2024-06-20T02:00:11.000Z,20129824,0x7509f66a445b4765f6fc5b3f6c3a33afab38564108739f82f2112cd43200f704,0xd91f5f36bab11cad17a78c909567de5a533ed76863f5aff7834e6a640eef6502,366,365,v2,954813587663010086,,1186672080907359946,-4938444612267695,251584165150215003,256522609762482698,-1.925149840335812488
1,1818,2024-06-21T02:00:11.000Z,20136973,0x6532e7a0405f026ff5c66e8806519902a08935eb46fdc9dcffa2767c4b7e03f6,0x448ad5ba0f2f6f96c18d626b70aa6be28d70af6f22b010914e169a53107b8cc0,181,180,v2,1048251341855764729,,1186672080907359946,-2983139723390036,248601025426824967,251584165150215003,-1.185742243200748844
1,1819,2024-06-22T02:00:11.000Z,20144127,0x5c91496c4786413336e985d144f731af074c0727e57ce62a4e56538ec3207ee3,0x6e50e3d20cddbbb48c51f86496f6ea0c3d510abcbdadd5bb1e1a4fc2cf2832e8,211,210,v2,1004047597561312805,,1186672080907359946,-3740812773967438,244860212652857529,248601025426824967,-1.504745512430935658
1,1820,2024-06-23T02:00:11.000Z,20151276,0x180669cfe58fea7cf09ed2ba016813afa1fd6b4282fbb697986b5a060345ac87,0x4d01769294f5e2733e285c1d355b5b380b5826e40e44140608c2fe9d3fddad52,28,27,v2,960232733170629099,,1186672080907359946,-4713925992932417,240146286659925112,244860212652857529,-1.925149840335812223
1,1821,2024-06-24T02:00:11.000Z,20158425,0x25f01738279a5cab1d2d141a17f652b5169998528b484ef1933120e287f0087a,0xa2f122de85f1c754191ca87a97de551673294ea9c32001f5d7adc0373c561bff,216,215,v2,977095555341220002,,1186672080907359946,-4120258888376900,236026027771548212,240146286659925112,-1.715728752538098843
1,1822,2024-06-25T02:00:11.000Z,20165574,0x7926d97f751014582add629c6f806ee5e481335f2e73f39f9325f0badca820fb,0x7047088292557f3e385ee029d7f06e6e84ecf2c0551e7512152cc33c8e0f2d63,4,3,v2,917337053224840492,,1186672080907359946,-5277464356984384,230748563414563828,236026027771548212,-2.235967112107013403
1,1823,2024-06-26T02:00:11.000Z,20172737,0x60779b306e4418b0507bdd5bd8995c7d2c43cb46d2db777086b9104c875e2849,0x9c3ac6fc26d71331d96d75624aead2336efe961dd8e368e80ed882b78b10f4df,22,21,v2,943274952386729678,,1186672080907359946,-4682393824691131,226066169589872697,230748563414563828,-2.029219057922680452
1,1824,2024-06-27T02:00:23.000Z,20179898,0x8aebf593f08892e9308ab97cb9c839bcfc15d5b4336bf73b51eefebf07c30be4,0xfd93bf751c4e057366ad1a28fdb6d66d7dac37be3addfbf37d2ebf7080db38e6,106,105,v2,927757029252769546,,1186672080907359946,-4821611299309414,221244558290563283,226066169589872697,-2.132831864253169681
1,1825,2024-06-28T02:00:11.000Z,20187059,0x9491549cf5b0f67024f9821d80196e92ac3901c77d6cd3285adf58142ebe9039,0xfd0805afa350c85c6de9c6ef15c1e0a0a52dd3e8f05d0e3d1af7c94cff07c0ed,18,17,v2,931424852115749065,,1186672080907359946,-4718774437147312,216525783853415971,221244558290563283,-2.132831864253169885
1,1826,2024-06-29T02:00:11.000Z,20194219,0x9dd3cb2b1fceae62fc492774c08005102860e771dbf123137a3323f0d6241d09,0x13b3901643d563ae628abfd9caa5b508d4333406e57b18c0f1390ec36742630d,30,29,v2,954021058533591768,,1186672080907359946,-4168445782139904,212357338071276067,216525783853415971,-1.925149840335812477
1,1827,2024-06-30T02:00:11.000Z,20201379,0xd83c04320a93f387e6c1993deb7c5a394d6eb791bc2c7a558977f2e7311dcb1c,0x5ae7407915c9c60ea4f0f3d96ad435edc4d741623db4ae6fc462e1caa23d72e5,2,1,v2,962869253380321792,,1187961297256693274,-4088196954820552,208269141116455515,212357338071276067,-1.925149840335812134
1,1828,2024-07-01T02:00:11.000Z,20208544,0xc8299bc10c5d49799673733ee2c31ef6d9fa6ae8f2eae3df5c9d229a3acc3c1a,0xf23a59820b544070870870150ac856fa456e31d44c601e7f48a1c7fc88baf795,29,28,v2,991080384552371809,,1187961297256693274,-3354010232839002,204915130883616513,208269141116455515,-1.610421118971042278
1,1829,2024-07-02T02:00:11.000Z,20215711,0xb1c58111e1c5a1c4e456333bce44d45a6117c49c04ed276e226ccdf8b02ad938,0xc2ad05cc43881a76f113a8cc58d0cc5cd09c236db96e5529a78ddb5f409f7df7,157,156,v2,1053883942174152274,,1189250513606028252,-2210681023094189,202704449860522324,204915130883616513,-1.078827616858496505
1,1830,2024-07-03T02:00:11.000Z,20222859,0x5262343bf09f935e90bac3041cc1546a0423aa38e7eae903092810069002d86c,0xdc545c5d67f4c50a0e7bd760e083b9b3724cc55c031b7f7ca2597f26475ffe3d,81,80,v2,1054502283316811835,,1189250513606028252,-2186831585696399,200517618274825925,202704449860522324,-1.078827616858496539
1,1831,2024-07-04T02:00:11.000Z,20230026,0x25b1fc49ad2582ad4a2a8fd0dd8d4734b27e8a38d1d27ff29e767f3c60411fdf,0x2e61198ded347e91ec5ebf4fd07daabee2d5053a1b0b08e78fcc8eb8abfe247c,684,683,v2,1054785023567955007,,1189250513606028252,-2163239442615722,198354378832210203,200517618274825925,-1.078827616858496704
1,1832,2024-07-05T02:00:11.000Z,20237181,0xfd4ffd59199b6fc9b87348ed61b0eecb0fb2995c068a0d5bd41b147eb88ede9e,0x337ba6b113583a5913dcdd50a1feea740aa70708ad5b9505ea5a92fc0f835ff3,384,383,v2,974162553475297093,,1189250513606028252,-3611330588886921,194743048243323282,198354378832210203,-1.820645760455723957
1,1833,2024-07-06T02:00:11.000Z,20244347,0x1680361ecb38502c63347cf1c30f7a1032da1cdca074c2851b68c0c773c1950f,0xb21337559dbd2b8433d5f0c33e3410eb94bea367274c0c95bafacfdd60433156,118,117,v2,956810940913328567,,1189250513606028252,-3749095482321432,190993952761001850,194743048243323282,-1.925149840335812257
1,1834,2024-07-07T02:00:11.000Z,20251512,0xbb5f488618bf0aede3eb4d0bd80fc99ebb74df2b2f373054e1061f6062ae8a3f,0xa8fb57b64a2aa293b2ce14d9f75575750f33d0c4aba7f50e349c9f1cdc0338e1,292,291,v2,971327463495119529,,1189250513606028252,-3477323303669988,187516629457331862,190993952761001850,-1.820645760455723792
1,1835,2024-07-08T02:00:11.000Z,20258670,0xb6c3e8042c34172b341ccdb5d1458355270a0475535767336b2f8ce8e1f4325c,0x1c956eb58d699731db38aed5614ddd143914a1a718677246b778cba2c0daadc0,3,2,v2,956722340944083777,,1189250513606028252,-3609976092600921,183906653364730941,187516629457331862,-1.925149840335812238
1,1836,2024-07-09T02:05:11.000Z,20265840,0xd7a6de5884fb680b84b5c5a2babf354f3392b7a827d2a55e282fc2fd9eb8b231,0x5011a2d9f1cdbce39a9cb7139f34f5c23bfe1945019e00fed9b6fe9a84164482,172,171,v2,926247221111151816,,1189250513606028252,-4112092286212030,179794561078518911,183906653364730941,-2.235967112107013394
1,1837,2024-07-10T02:00:11.000Z,20272971,0x4f16225b9368aac6b006b42d1bc8abe2da2054768ca593b229742481c593479b,0xbc2cf6c312902e424bebe36d2ade1f8add8fe9a949742ed917ccde946dbee45f,64,63,v2,1015660725075016254,,1189250513606028252,-2705450589423911,177089110489095000,179794561078518911,-1.504745512430935666
1,1838,2024-07-11T02:00:11.000Z,20280139,0x0c73c98fbf533fafa9e4e0decee092afd87ab217f6908459bfb88b7088b9b0b7,0x8ad09b4f3a535df51db58dde923648d1d051c10c18d47a280715f6fc08ca4129,171,170,v2,1119035404878065991,,1189250513606028252,-958038853061575,176131071636033425,177089110489095000,-0.540992526539665596
1,1839,2024-07-12T02:00:11.000Z,20287301,0x4bbfdcbe2efa3321e45a5388014beebed817d3529117314ac04c99d3f01ec700,0x193b21d90a8151c2ef3d16be94547af6d4ba9e077dee70b10c705ba51deaffe9,267,266,v2,1152430690206402645,,1189250513606028252,0,176131071636033425,176131071636033425,0
1,1840,2024-07-13T02:00:11.000Z,20294463,0xd6405baed29d825060d105a86b5ae2ef23c016d6b5c895721ce860dae6d38860,0x012ec8e59608c56bb57d172987119b4079f05955e2c2771689c40e0fe1bc27f5,136,135,v2,1160096047059165767,,1189250513606028252,0,176131071636033425,176131071636033425,0
1,1841,2024-07-14T02:00:11.000Z,20301618,0xc4efc0ae9455c2646bf46fa16f83f255ce46ac6aced50ed9ce7fdb2d1ebafbc7,0x7585165f0221b41c2fcc14b90b41b1aa0108cc55e08fd537c4310f7af66014c5,316,315,v2,1182851100194586166,,1189250513606028252,0,176131071636033425,176131071636033425,0
1,1842,2024-07-15T02:00:11.000Z,20308785,0x06c6848b7cd5e35a0d4d73c970ccd855b2db0eb470a78f2435f7a8e4654605e2,0xf838451fc8fab1b8de8ec1e68537e98c3dcf095c6f5cc4287c10f4202f120c1e,248,247,v2,1200538221382210320,,1189250513606028252,0,176131071636033425,176131071636033425,0
1,1843,2024-07-16T02:00:11.000Z,20315942,0x1f2c73ba0c29cdbc6bca9ee79317b2be059de4f431519d3e870bfb200262bafb,0xe2d65260f943704df65eb61d02963b817c8f2bf030a8dfd902768a1e5a471d19,42,41,v2,1287430110819418442,,1189250513606028252,1332749619849761,177463821255883186,176131071636033425,0.756680583085206795
1,1844,2024-07-17T02:00:11.000Z,20323120,0xa83a4e385e1a4e1b2af20a4588de767d98576971cd2a4385c8b2bdd881f46f96,0xfff7c32f34a3cd99e8dcf2b69aceb24dc23b4bc22cddaa8c779b1ad54c627731,373,372,v2,1292473361473933829,,1189250513606028252,1533770715757174,178997591971640360,177463821255883186,0.864272337258897636
1,1845,2024-07-18T02:00:11.000Z,20330287,0x22db98f00c7b966137d25157775871df933492de95618cb9def4b8ef890a625e,0x3af7b849483c087dd72f586b427a330da97a6dd5ab28079bc9ddda8b8631c324,68,67,v2,1323629382942443253,,1189250513606028252,1931075455701743,180928667427342103,178997591971640360,1.078827616858496413
1,1846,2024-07-19T02:00:11.000Z,20337449,0x3b6bbaa972e63fef880e4aac9183e79a1b311745953ee35750c3166d247fdf30,0xeb13e97e930b07a6ef1cd96873554558667b85ccf2ae5d0ffae25982597384d5,247,246,v2,1315421718158879590,,1189250513606028252,1951908431020229,182880575858362332,180928667427342103,1.078827616858496157
1,1847,2024-07-20T02:00:11.000Z,20344618,0xa0d23d4f4879d93f2349b7338d0f3b8476b619828fc9adb708e122ced3c46ef7,0x54ad54fc8ea24ca38edb3b541a4fd6b068896665f2170df7fe735f1cd543caf0,60,59,v2,1307825486081522240,,1189250513606028252,1776982645656664,184657558504018996,182880575858362332,0.97166286649977777
1,1848,2024-07-21T02:00:11.000Z,20351784,0x8cd77370784f70e8804f4fd4db148e1e057f1b3fda6ea3f25327c8a03e7152cf,0x35b8353cb9efe7625a87173f7760ad4acba1f4c911f8ce393256d7ea1be31879,97,96,v2,1271827645958722834,,1189250513606028252,1198265692354971,185855824196373967,184657558504018996,0.64891234459210682
1,1849,2024-07-22T02:00:23.000Z,20358950,0xfc4534ae53d69fa07f75a04f428a97eb69d6fc902349c1fe9cacb90a6027bef8,0x9c090e5149b31d35099c13986bd0fb4c321145ed10dfeb1f51e90b91c6236afa,318,317,v2,1146718938712234292,,1189250513606028252,0,185855824196373967,185855824196373967,0
1,1850,2024-07-23T02:00:11.000Z,20366107,0x42dd7ec2e40d8e4876bbd1cfcb4a53d877e1f03d78daa6c5718e7dfeeeb8e9f7,0xaa2e44a0b216899e31ffe23878d94e150b8a7e879fa1d2584d70dff6046bb552,386,385,v2,1114482612710921971,,1189250513606028252,-1206041386353675,184649782810020292,185855824196373967,-0.648912344592107098
1,1851,2024-07-24T02:05:59.000Z,20373302,0x041f59df44fc5556daa9d4d0ee7f81b4cd1e8ceca77359b763aaee64658ad560,0x21fcafc408a4279b2e2d0fd3a61bec03d11a679738d2be0c9a4d9e021709fb05,268,267,v2,1108000567991947460,,1189250513606028252,-1198215234916736,183451567575103556,184649782810020292,-0.648912344592106982
1,1852,2024-07-25T02:00:11.000Z,20380434,0x15346f453905ce2902a4a2fad964432042d46688e94a8eb00734890a1a6a1e6c,0xd3e5aebf3c08495f5722f51349144ceb24ea7c66eb41b3f61cb0431826e2301e,463,462,v2,1100368960510605509,,1189250513606028252,-1388142391206246,182063425183897310,183451567575103556,-0.75668058308520693
1,1853,2024-07-26T02:00:11.000Z,20387594,0xaa02e7f657db74649da3a571d68845159753220685c2e2114daa7d979987fa0d,0xa15fb54b46d7c5627827d5810bf0c3a2684cbd6711821d2338c772e9c2093964,295,294,v2,1047092073573723691,,1189250513606028252,-2158802941823661,179904622242073649,182063425183897310,-1.185742243200748811
1,1854,2024-07-27T02:00:11.000Z,20394760,0x9ca00fe818abb0ae4122055ae3860c1ba73184ae2e570037757e0e7b7df96d06,0x32e2e4f8ca6e60bf057e281358c1fcf89c383aa849a026c8cfdf9c7fa9feb485,74,73,v2,1057103794811011674,,1189250513606028252,-1940860748752444,177963761493321205,179904622242073649,-1.078827616858496621
1,1855,2024-07-28T02:00:11.000Z,20401921,0xd5e3e6853a346ca0d7c49ef246a38b2b1dd7f8346613175c6691b2bc34b81c7c,0x3e74be5775eec5260f83bdbb5a16eb8d5dc56227be096317a3b0c415aed4624a,5,4,v2,1076692527333962009,,1190078835110474935,-1729207786256833,176234553707064372,177963761493321205,-0.971662866499778029
1,1856,2024-07-29T02:00:11.000Z,20409096,0x79d9f3da73c7db9a2f193fcae6335961b843e7d5127af80b4645151dca21fa35,0x9923b68ba816f945e908fc8af5af2128be600ea75841cf2e891505977a4b1d3f,226,225,v2,1045597424251945111,,1190078835110474935,-2089687550420973,174144866156643399,176234553707064372,-1.185742243200748524
1,1857,2024-07-30T02:00:11.000Z,20416262,0x472d5b42163d3f1ae120b7a61216162201dcf924ee23f6c5682a5bfaa729cb32,0x1f907ff0cf634e2ca566e162ded218752043a485d1ab30ac24d7344f8ba71c8c,219,218,v2,1049054762704949227,,1190907156614919969,-2064909242384725,172079956914258674,174144866156643399,-1.185742243200748764
1,1858,2024-07-31T02:00:11.000Z,20423409,0x2d716485b8782114bd77c1cbca3d504bfe7375c9dc193b68639d02689be344d1,0x33d5d5ebc09a896eeec76aa70dc842dca2031d09a32f23d68a33011440c561e9,97,96,v2,1006396700354705063,,1190907156614919969,-2589365429460395,169490591484798279,172079956914258674,-1.504745512430935669
1,1859,2024-08-01T02:05:11.000Z,20430597,0x7de64f1c712ae230ec91f50b164a8987b6fadb6675061add926c77c5bdf97078,0x47ea3a9e2d68af216fd78c89658ee9c25f95247440d108daeddb6b18be77ab7e,73,72,v2,970602746056947010,,1190907156614919969,-3085823268239310,166404768216558969,169490591484798279,-1.820645760455723873
1,1860,2024-08-02T02:00:11.000Z,20437734,0x2d81c2f14c939bb7ba70bc7c08874bbbc1e65d91a9c2b06771903220e2ae2277,0x6f1a7a7bcef988167c0caf52f08af6856ec0ac3fe46b40e267ca85552b9bd433,16,15,v2,928655836611142640,,1190907156614919969,-3720755890300163,162684012326258806,166404768216558969,-2.235967112107013469
1,1861,2024-08-03T02:00:11.000Z,20444892,0x1fe7de22ebb4739ceb0ce7b61946803ac749ce62295e36ecf5b89b628a9a8600,0x4d568850540afba54843c5eaebe11f06f02e6c157333a383a1073ef96c290711,3,2,v2,938526482858397869,,1190907156614919969,-3469776452940002,159214235873318804,162684012326258806,-2.132831864253169651
1,1862,2024-08-04T02:00:11.000Z,20452058,0xf5425521f6421dd62531ab62058645e9babc18b8f8007e0a6daaf73812f21b40,0x2b0b6ff24b26ec1ce6c6c49d49accafa92a31b193641e9d422cdc8f98f6fd088,63,62,v2,912627348611386918,,1190907156614919969,-3723390602897614,155490845270421190,159214235873318804,-2.338604071723954136
1,1863,2024-08-05T02:00:11.000Z,20459236,0x93f58ca8870f1719f48d03100f045556c593284e761e5bce8d41e75b8b7b7909,0x0a3f35d0b5a4c9ba6c1b01bb4dd37004477ee39099b69ceaef4e28a607247da5,154,153,v2,880747624175438796,,1190907156614919969,-4110127599324754,151380717671096436,155490845270421190,-2.643324494234142497
1,1864,2024-08-06T02:00:11.000Z,20466404,0xe8023e1ed8cbb449b0ae8ac17765e0d6496b63b42b3a70873fa7133dd2020b55,0x5cb982aa2be7755aac04ce3b9711c916b67052691a621f488fcaa6a9d05d93aa,19,18,v2,825217696292715841,,1190907156614919969,-4604189478928048,146776528192168388,151380717671096436,-3.041463635369684463
1,1865,2024-08-07T02:00:11.000Z,20473568,0x12ae7765191147ba66c5e50ba7551dc1c5fc406b133e0ef454ca832d7546d020,0xcb76691d4e721d8aaa2577a26c2218eb9c3a25c6393e27e0b4fa343acc423faf,235,234,v2,945779759890757766,,1190907156614919969,-2978417282632737,143798110909535651,146776528192168388,-2.029219057922680557
1,1866,2024-08-08T02:00:11.000Z,20480739,0x0f5f3e782bce5f71bd3732dfec4af7876aca34b499f5d5678710af5bd3d0046b,0x988b047b86471557c953de9c6223e7f241dbbe9ef1ca2effed3c542eb56796e7,29,28,v2,908471826108302971,,1190907156614919969,-3362868476792528,140435242432743123,143798110909535651,-2.338604071723953974
1,1867,2024-08-09T02:00:11.000Z,20487914,0x4a2bfc1beb621633c2f922952b32079f42a06f0f8b5c0fde00e781c5132261a7,0x790669b57da5733460f1f38f072aadb2a856ec521906d2cb6c39d4565f01084d,27,26,v2,955323713105131059,,1190907156614919969,-2703588845469165,137731653587273958,140435242432743123,-1.925149840335812187
1,1868,2024-08-10T02:00:11.000Z,20495083,0xd05bfc001aacef519d01150b25f75e70242bf85c22ba57fc3e5ac1b96f763c29,0x25a685455c8b82b3d3356a6de95fcfc2e3d732d4cb9fa0cc18822bc161c5a407,54,53,v2,1016567279449741430,,1190907156614919969,-2072510876551426,135659142710722532,137731653587273958,-1.504745512430935154
1,1869,2024-08-11T02:00:11.000Z,20502250,0x7d9cf44a1e809402c65aa2a87212e0ffb6323c1679eb643669f15ac8b997c527,0xe5b78973d58e82ed5f7a7f1a5ae48be65772ab763c3ccd21c773fc7fefb35bb2,129,128,v2,1001327853909717680,,1190907156614919969,-2184683484028540,133474459226693992,135659142710722532,-1.610421118971041588
1,1870,2024-08-12T02:00:11.000Z,20509413,0xa56634bcb45f489bbc22601496eb3b429a985258705ffcd249908c80feeb007f,0x846267041dfd6ebc202d50f1577a23ac6fad7f1ba71c3ddd4f774e7f4f005ec7,31,30,v2,1014363728164478868,,1190907156614919969,-2008450935455136,131466008291238856,133474459226693992,-1.504745512430935066
1,1871,2024-08-13T02:00:11.000Z,20516577,0x90a86cadd3b54e0c1c05e51eae2e2861014f95e5a95f9709878dda7685a3ec5f,0xdbad9162fe58e57a1c98556ee691b8712c6ee527be9b17f0a5c800f8dd22746a,25,24,v2,982622408668545579,,1190907156614919969,-2255600104066906,129210408187171950,131466008291238856,-1.715728752538098828
1,1872,2024-08-14T02:00:11.000Z,20523744,0x1c2fea5ffa50af4084e884917063bc7038b5a4bf3f5e49dbefabeb7688754c59,0x00e0d4607940e650b4ab954c4ddb4190053729c603a87b73dc272741e4ee81f1,184,183,v2,974020532495264189,,1190907156614919969,-2352463818727282,126857944368444668,129210408187171950,-1.820645760455724145
1,1873,2024-08-15T02:00:11.000Z,20530908,0x50ed4389b6c2f8a256e83464251dcfbc6d05efcbef87e57ac7f610d2d9c6c845,0x5e4828043a8f6946c0dc5533cbbbb97baeca41619f32b5a9a3ce803a5d51163e,494,493,v2,945849019854690561,,1190907156614919969,-2574225583613431,124283718784831237,126857944368444668,-2.029219057922680489
1,1874,2024-08-16T02:00:11.000Z,20538058,0x8e5e09358aa48c08c3e2b9a348d6fd3eb536c73367b52f9c110f2b424313c668,0xeb9a9dd1fd71ff908b76d7a389bd39cf1a5a2dc99a6babc8260583dc67c27671,17,16,v2,962621596665264786,,1190907156614919969,-2392647813749588,121891070971081649,124283718784831237,-1.925149840335811883
1,1875,2024-08-24T02:00:11.000Z,20595338,0x0c8df49c3f0e2e9d8c053028bf588956bfd874c37ce5c9a9ef5cd5a2074e14ad,0x3426cdc84380f91cfaf014d1e23ba3d6b35aa4b5d8528f0cfa4f8d3487528c99,113,112,v2,982734551819774537,,1190907156614919969,-2091320151427468,119799750819654181,121891070971081649,-1.715728752538098925
1,1876,2024-08-25T02:00:11.000Z,20602486,0x066506eb45bebdf2482a9731cd0ab877e2fb16c3f8b9c2c1db19f78bb9798b37,0x1d1061c917303acc3d1ad83126ce84a48bb4f377dbf5da68152433cf3b68dbcf,364,363,v2,1082644953825542696,,1190907156614919969,-1035396106439361,118764354713214820,119799750819654181,-0.864272337258897996
1,1877,2024-08-26T02:00:11.000Z,20609644,0xb647235c5112d173488311d8c138d4ee1efa88fa28dca53b51fef83b439e50c0,0xc8fc6df6fe4dfd7733cf1a41ccc09934b869dbabeac2b69682a17fdc368aef5b,151,150,v2,1095411278338608543,,1190907156614919969,-898666811741337,117865687901473483,118764354713214820,-0.756680583085206644
1,1878,2024-08-27T02:00:11.000Z,20616800,0x742c768c632db07256bb544923d4f63303c11d3eacf09b765fb626a783c8354a,0xcd0b6dd15af5a61d7f5e59844ef0ee436ce1c1622743771abfa678de1097afa3,250,249,v2,1033583420332559702,,1190907156614919969,-1523275678288480,116342412223185003,117865687901473483,-1.292382630950085823
1,1879,2024-08-28T02:00:11.000Z,20623965,0x70369430da44ac8fbc9e0c36c83b8a4362e6adb6332ede3e0fe228b6782c8118,0xcd6f80b80c8f52fa6327741dbfbe9d9d7ae45874a4aae0052a9a4ab6f7179a86,11,10,v2,989453557098486672,,1190907156614919969,-1996120217909584,114346292005275419,116342412223185003,-1.715728752538098257
1,1880,2024-08-29T02:05:11.000Z,20631150,0xa5382dd75863455128a1c5148157d6ab26e70b0b59feae1ecfe7d6283087bd1b,0x64bf986ea737fa1bc990569d9580473ae96bc63f52b1e4826da929ade6644c0c,347,346,v2,993515156462718300,,1190907156614919969,-1841456835213251,112504835170062168,114346292005275419,-1.610421118971041525
1,1881,2024-08-30T02:00:11.000Z,20638271,0x75c8ccd7cda15323c797bac40e04770ce46ef6a533daecfabb35b7e6826ea65a,0xaa02b704d1d87715b461b406ba2150c9b05d619ad5fb91d263e01e9dd9c97fb5,128,127,v2,973203172678103994,,1190907156614919969,-2048314511831437,110456520658230731,112504835170062168,-1.820645760455723834
1,1882,2024-08-31T02:00:11.000Z,20645428,0xdd62a028e559fb2a464f7583ad5b728f48d14c85d0b5ab26383331b943a60855,0x289b23283a111dfe67786ea46ba4657cddad073b597264133fa638bcbdfcefb3,85,84,v2,938620873355755471,,1190907156614919969,-2355851868744130,108100668789486601,110456520658230731,-2.132831864253169689
1,1883,2024-09-01T02:00:11.000Z,20652591,0xe6a2b4dcb4aa586e702e97edf3937362cc26c7c13b01f8d215dcbf19200b1e23,0x13df8bbf9ff6dfbd5392ccb56bbe1f809a00b602081f25168eed61c648a52cc3,185,184,v2,1005794171178844544,,1190907156614919969,-1626639962517628,106474028826968973,108100668789486601,-1.504745512430935024
1,1884,2024-09-02T02:00:11.000Z,20659757,0x92a1a390b1f1ebdd67c4dcd58853a56bea8f2ee4a5fc2956b8e6d3fde0233e65,0x4b40cf5d397873029815626d5003edb4cd99da57ee2b8da7a6af75dab98074d1,29,28,v2,989876567306470938,,1190907156614919969,-1826805526570010,104647223300398963,106474028826968973,-1.715728752538098357
1,1885,2024-09-03T02:00:11.000Z,20666925,0x849b9d3eb7a6344cc33bc53601eb3c614d8e40324052a416e33fff90315f94de,0x5dcb0c523ef06b99d4c779ebdf7f3312806b36965923ea9962835fb70c534a5d,13,12,v2,960023497160393600,,1190907156614919969,-2014615852283491,102632607448115472,104647223300398963,-1.925149840335811723
1,1886,2024-09-04T02:05:11.000Z,20674115,0xf2b51f2115356e2e5e7c22f5250b7062ef0a133bec418da88a0344002b7c0809,0x3135de356c4cfdb8d6cdea7109b1f7c32d55261a6d608e2102b3133f9e4f1133,440,439,v2,985329377951265635,,1190907156614919969,-1760897155466875,100871710292648597,102632607448115472,-1.715728752538098347
1,1887,2024-09-05T02:00:11.000Z,20681262,0x5e6d0f2051b57b40fd81656e25de3ee488175044c569076847d91cdc777bc26f,0x0a8d1ddc50b8244ca2e1dec2b7591bfd720b011e653be78600fac5c5c2610f71,3,2,v2,981355274470894018,,1190907156614919969,-7649364599520230,93222345693128367,100871710292648597,-7.583260536901698634
1,1888,2024-09-06T02:00:11.000Z,20688425,0x3b959eb0a70195cd549fd9606897ba8c43e319f4de41bf39a05b9330068b6e35,0xc95e328f7e7b334fb7df0af2f104141319a9df1bbdb40669701899752a8d38e4,47,46,v2,1040913097277827088,,1190907156614919969,-6727134557466403,86495211135661964,93222345693128367,-7.216225366835277481
1,1889,2024-09-07T02:00:11.000Z,20695591,0x706941231615f836195d05ad6c7213935ac6af88d557d835aba872aa0a4a6b3b,0xbd2487516cd142273527fd8ed62d99dd5fbe972b8f5a570648d9b7706e09f05b,42,41,v2,1000787416777233371,,1190907156614919969,-6498420999990008,79996790135671956,86495211135661964,-7.513041374970076105
1,1890,2024-09-08T02:00:11.000Z,20702765,0x4ca51afab7b6af9cd39f396cd1a876b403da295c773b7dc2f7d96f0e72f9e6fa,0xffd1d2b2fa0d47cd03d6a5739d38a90d5b7f04994aba30a042a064ca7a4a2838,127,126,v2,1023457829690976406,,1190907156614919969,-5899978234048836,74096811901623120,79996790135671956,-7.375268712710428352
1,1891,2024-09-09T02:00:11.000Z,20709927,0x5d17eb1f0b5bfecf93b1baf795e795462a0c8d018b2ae61333d4b53d588ecdc3,0x3fc9cf803e281c4295156fefaae154fb8abc82fe15e492abf7c31c7aedd38a3a,409,408,v2,1173590531985613255,,1190907156614919969,0,74096811901623120,74096811901623120,0
1,1892,2024-09-10T02:00:11.000Z,20717094,0x24e583daa228a142b5bec3c731134354b3ba247ad54a03794cf8b6e568cb9296,0x48f000c43e8525a8604f8045d44c6b2993a74c29bfb35154ce779cadd51da7e3,38,37,v2,1266357090924950798,,1190907156614919969,2826034263694679,76922846165317799,74096811901623120,3.813975515500922112
1,1893,2024-09-11T02:00:11.000Z,20724247,0x9c94726d7a0c5c4f60d3ff37497d0f2bd77f48ce46dd7dbf06bfbd0e2968165b,0xbe2c43c7810def8fbedd73453f380fec8ca7765b7d3dff9533f23bee8dbe8b6b,40,39,v2,1186901180486286553,,1190907156614919969,0,76922846165317799,76922846165317799,0
1,1894,2024-09-12T02:00:11.000Z,20731410,0x0d5f26a594436003757af6b2323099c6638fa500029776a53bb685d3168f3520,0x718532a97bd4bbd5d8718328bf094e13544f87f7ab6f125e773de352b102ac85,140,139,v2,1191592132695177271,,1190907156614919969,0,76922846165317799,76922846165317799,0
1,1895,2024-09-13T02:06:47.000Z,20738598,0x2dac864919ab3287e26ae520037c79a23ce9b756bbe6e0ce3834b4815f80e7c4,0x21fac69e8fccd62438aac50d55a8620eb879e27f3a61e3393e8a63fed5f43b78,301,300,v2,1205939060098469706,,1190907156614919969,0,76922846165317799,76922846165317799,0
1,1896,2024-09-14T02:00:11.000Z,20745730,0x4d3e326da7fea638b4a040fcabb465ff14a405cf66bb2a520745c7ec1c65ab3d,0x92165d01c571948ae810cdc8e075d729ac2de2c7d4976427beb130665d255877,257,256,v2,1216745699351767344,,1190907156614919969,0,76922846165317799,76922846165317799,0
1,1897,2024-09-15T02:00:11.000Z,20752887,0x70b91a34482d0d877bbab040b2446880158691183ac8a28b3ef705009555b963,0xf42adc6554fb6724bf34a64977f43960dd1912e168ce64e9c93adf98e9f94555,223,222,v2,1215571857349160629,,1190907156614919969,0,76922846165317799,76922846165317799,0
1,1898,2024-09-16T02:00:11.000Z,20760063,0x24d05b553018d1a1a7460537f429661e202953ab5eef14e101671d32695477fe,0x21b2b2bc48cf1f523b455ef1680301d47d06a90cc708d82301747e24fd041f52,185,184,v2,1192905218510990620,,1190907156614919969,0,76922846165317799,76922846165317799,0
1,1899,2024-09-17T02:00:11.000Z,20767213,0xee39a9b1ba084dc8ce7f8577faec3837f33529f7e745a6a8c6bca1dfbe5d6ce5,0x873e93fc134a483f175eba88d1dc2a842bd31d754587b35ca5b8dcd618fc538d,32,31,v2,1149921123878583567,,1190907156614919969,-2381919701261493,74540926464056306,76922846165317799,-3.096504900692856907
1,1900,2024-09-18T02:00:11.000Z,20774358,0x54506e6ce0fc47ce0a6f0e10c7d21436cfb27768151ed456a20546c3bdf3a607,0xcd476869631d7ce2b48667121257b193bf35961cfbefa8ba5019c88d27d21a3e,67,66,v2,1138591639093199575,,1190907156614919969,-2897474316577905,71643452147478401,74540926464056306,-3.887091902426339467
1,1901,2024-09-19T02:00:11.000Z,20781514,0xd3ce408a3e17200f4f1dbe933b92d18ad79bac22f20d721ee7dbaa66338dbd37,0x673052b15f82b78ca33668c8bb39ad11ec802fe7604ac4bc928a5003d018305c,336,335,v2,1187667602564247802,,1190907156614919969,0,71643452147478401,71643452147478401,0
1,1902,2024-09-20T02:00:11.000Z,20788680,0x4eb75ace6eb93f58c84111e3bbd47becffa2cb459afce6e92c6eac9fab4895b7,0x37710418156e90fa6c6d58865022d588ee7f75726a4f28ae0a4950093bb3e9b1,85,84,v2,1291825204355490709,,1190907156614919969,3098317322156037,74741769469634438,71643452147478401,4.324634323564050836
1,1903,2024-09-21T02:00:11.000Z,20795833,0x6c61edf497d51010da189664a93ed1cfbb3973bb06bb9d94ecfa0452581b83bd,0x6a57e41485c300f6f910786381f4335e51ee555f0e7067a5e0ee67b9c663b2a5,40,39,v2,1238859025578832580,,1190907156614919969,2144519568768652,76886289038403090,74741769469634438,2.869238424492896669
1,1904,2024-09-22T02:00:11.000Z,20802988,0x45e4aa48b6ebf9520904616db0f681e6036e3fa2495b37c6607f11f1a3f4a5ed,0x95ca60673ace8e65b72a7563103107704154a6152e0175a657bdb2ba4a69867d,767,766,v2,1189929643179992111,,1190907156614919969,0,76886289038403090,76886289038403090,0
1,1905,2024-09-23T02:00:11.000Z,20810159,0x83cff9a81b0adc4dad8c1d744120c1bba27c3b8533bb07892d2608c1a90a46f3,0xd7d70b74e2033b918f10e3eff818b1027ed867b23d7c28691813e498014a255b,183,182,v2,1173455974827893724,,1190907156614919969,0,76886289038403090,76886289038403090,0
1,1906,2024-09-24T02:00:11.000Z,20817324,0x8124945ec0cdb08a3ee9d87ad4743cd7fe31887fe9eecebd54ab00af9dc6d580,0x559689a2530735f3fe8b9020335817c20065a44d28e0b8170eb06a336d99dc37,260,259,v2,1208271161504368790,,1190907156614919969,0,76886289038403090,76886289038403090,0
1,1907,2024-09-25T02:00:11.000Z,20824501,0x8855ba63b278af182009278aaa38d8de056a61c70e43e85eeba5171b7cf69634,0x637c8dd7a5f44b16db9110f8b40749a89519fc67e8e13837b9422da2aad4aa97,198,197,v2,1216210452173092747,,1190907156614919969,0,76886289038403090,76886289038403090,0
1,1908,2024-09-26T02:00:11.000Z,20831658,0x2c69bdd0204da50cd9aa5d6d3218caa98779017f2055ee53bba788aa11f17afb,0x87db647f143aabc6bc4bef5d222a004a4434761f0adeacbbbba7446074d5c57f,146,145,v2,1232945315099887473,,1190907156614919969,1988796063681617,78875085102084707,76886289038403090,2.586671939242970937
1,1909,2024-09-27T02:00:11.000Z,20838830,0x12cd03a70cc8b868d83ddf457e25045cfc475de8fc106afe3ac18fe9f717818e,0xd7ae60f308c9ff85f36e73091368b09ad528104f0c8cce6042d9638b6b427baa,204,203,v2,1183164698963678850,,1190907156614919969,0,78875085102084707,78875085102084707,0
1,1910,2024-09-28T02:00:11.000Z,20846006,0x3c7cd9cdedf151f6bfd6ea507942048e466a159ae45546930a7f75261a9d0a58,0xb94f0e7bc099fdfcc09f0dbae6ea0bacddad11e2321b5d896dc1f7a2d1ebb861,1241,1240,v2,1144002055114982985,,1191484080931248268,-2785547984987486,76089537117097221,78875085102084707,-3.531594268814123418
1,1911,2024-09-29T02:00:11.000Z,20853171,0x1ea96530cf9e96664656b54a4d8a04b20e7033c3c3241ec67189c9ce6ed2e050,0x79aa1c181bc123e1ff1372ad52a55e4b8486c1d732c5f16f9df1b1cb00b7652f,84,83,v2,1048875651602144750,,1191484080931248268,-5415197528279996,70674339588817225,76089537117097221,-7.11687537268932615
1,1912,2024-09-30T02:00:11.000Z,20860337,0xa65587e1d95f1957cbf3df98edca550b316180f8a31262ba7128c638c8a90c3e,0xa5606497b6546e7d1a56db892668d53ddeb7dfd962af9068b00e36b20fb3e046,16,15,v2,1067183645901538024,,1191484080931248268,-4821787807739325,65852551781077900,70674339588817225,-6.822543848011102926
1,1913,2024-10-01T02:00:11.000Z,20867518,0xab49b1932d32ff90dc9bc3b501a0d402728a1299df4b8130c871024fdcd1c169,0x48a3794ac259aa03e328f265362956c55ed174101aeb742394c0aac57b97b2ff,11,10,v2,1139659316149247200,,1191484080931248268,-2521526039198473,63331025741879427,65852551781077900,-3.829048337536115579
1,1914,2024-10-02T02:00:11.000Z,20874685,0x1ca460da6e302cef8f99c9155db91ddc3dd414633e6e4b9236c6e8a3ecf2c1bd,0x89edfb1f2dd879ef9f45087ddee96898375b666298c9d1190a95fa4a892da1fa,304,303,v2,1165158482305839200,,1191484080931248268,0,63331025741879427,63331025741879427,0
1,1915,2024-10-03T02:00:11.000Z,20881861,0x2c321297d8d0edb5cfbadbba66b52176c21950ec22b297db6626b73fb2864448,0xb6bcccb97a29bc7e9cbf4a7a8ee66f9e4dd161951c95f3cb767c7a405bfdd6cd,2,1,v2,1154165847031637760,,1191484080931248268,-1798169545168312,61532856196711115,63331025741879427,-2.839318523747234479
1,1916,2024-10-04T02:00:11.000Z,20889025,0x4c70c7dd2054ee062a068fdb915c9c7494e598e3edc65501e01b2800e9296189,0x78a544e254ab4eee4d498e44ad5e5d4b942a53b3699afa580ca4722631605bb0,122,121,v2,1180313691390035712,,1191484080931248268,0,61532856196711115,61532856196711115,0
1,1917,2024-10-05T02:00:11.000Z,20896203,0x792fecac8e2ad6665d6102b2ce799358328f494698a849d5e85791840addb4ff,0xd869a50e7d796d4aa3cf1c612bad166629ff2415e56cdfafca231c92c2a816b1,7,6,v2,1245339809563612928,,1191484080931248268,1901282219633834,63434138416344949,61532856196711115,3.089865052835717559
1,1918,2024-10-06T02:00:11.000Z,20903384,0x08a5f062f5454d1028c3fcf42b8f3fcb9c191c1d43d0b50e32b5435dbcf3c3b2,0x18861203f6702eb01d9b767c00d94de29a8606f402071ed9d96353993ad12223,295,294,v2,1219380200213039167,,1191484080931248268,0,63434138416344949,63434138416344949,0
1,1919,2024-10-07T02:00:11.000Z,20910553,0xd342edce17a522a96e62acc2696d88a35601e28d6257f54f5f44be1bc299098f,0x9da27400e24678e05c92540ef68a21db5aa6b5471583608b30667f47e3f5a697,10,9,v2,1275500387355786857,,1191484080931248268,2542206858961088,65976345275306037,63434138416344949,4.007632045501295223
1,1920,2024-10-08T02:05:11.000Z,20917753,0xf7ef59de27b5b7d97d7674aac0f58c238e20e575cf48054ed5e8c36208f9e43c,0xe9543a378a5fcb333c0ebd2e0798e371164d97c4209538ad2323470c729d38eb,53,52,v2,1230000000000000000,,1191484080931248268,1591840834379201,67568186109685238,65976345275306037,2.412744791692793729
1,1921,2024-10-09T02:00:11.000Z,20924903,0xc67c73ae8f3f693a005df5b136e11fac6985e9be81a7428c1c8639dd4ae84944,0x0cbfbf183e9c2e26bcb87f1ab1d0c923b609cb4289d504163b79e4384c95c565,292,291,v2,1209392443031661400,,1191484080931248268,0,67568186109685238,67568186109685238,0
1,1922,2024-10-10T02:00:11.000Z,20932080,0x57a319d68f0dc3dc52ffafcba8b149f23c61504ec03aa1e6c3f8be7c4ac53aaf,0xd26c1c0ca05065cb5acc69b769071dddd76fc7b0dcef742fdaec94c9f9dae9e8,190,189,v2,1216536559582018048,,1191484080931248268,0,67568186109685238,67568186109685238,0
1,1923,2024-10-11T02:00:11.000Z,20939257,0xd33c8d449ad55220d3a158f0d313948db41bdae7fb58a7794a0d71500612c324,0x3b94879b3ec8bcab561001ad9d911ce46044e7f0c85301cf6bae6665dd5a3903,261,260,v2,1223021497136975943,,1191484080931248268,1376642304194308,68944828413879546,67568186109685238,2.037411958875983208
1,1924,2024-10-12T02:00:11.000Z,20946407,0x20873f2c1fc8133a56a5b6e0453cdc99d10e6f416ce5159c1df303dfde334b38,0x218543011392240dc4bac3fccc1c972c3e6ac7e4eb8e40e4c7576804eee4575e,128,127,v2,1256113271787266792,,1191484080931248268,2395535629843561,71340364043723107,68944828413879546,3.474568992271661957
1,1925,2024-10-13T02:00:11.000Z,20953551,0x6b79d4d22f9a6518b9b9435eda2d1ce4c90ab8909b1b90a3b64cec9f4439d471,0xe34d25e86bc32bfa09d56e827318de2b39c1b700717e3c5c63c484b0114e283d,18,17,v2,1254432866538901070,,1191484080931248268,2457857869558436,73798221913281543,71340364043723107,3.445255575163680435
1,1926,2024-10-14T02:00:11.000Z,20960687,0x593f567d23987a5cee9d419d2b3bab21caa9e98e8da31271230a8e14952ee4b0,0x325d28aa9586f1581d7b46488b7443d1b142c4cd8f792d066c9eacc0bc3e0de9,19,18,v2,1254925850545649800,,1191484080931248268,2542537354838998,76340759268120541,73798221913281543,3.445255575163681415
1,1927,2024-10-15T02:00:11.000Z,20967844,0xd4e53838362bf60e5a269a74bf5431fc6396edc77010c115c6d299a4957a54de,0xa26fca9c518e33ba5b0fb370a69310320c77d7e333df21cebf52c1ff33757146,31,30,v2,1321229310396446371,,1191484080931248268,3557729680138198,79898488948258739,76340759268120541,4.660327869733259664
1,1928,2024-10-16T02:00:23.000Z,20974999,0x8df19763ba8a02058e065bfe37ea147da97d1243f796fecd955e476efe2f9c00,0x980069d20f3d4ab7d6bb81a32f98cdcd674cf30093c150639b6c589c42c760ba,60,59,v2,1318817687268464384,,1191484080931248268,3705829255754924,83604318204013663,79898488948258739,4.638171891028843641
1,1929,2024-10-17T02:00:11.000Z,20982160,0x08137d8b1851f12db7ea2e64de23f5ed6b36331201bf4d9ce5fc4aafd90298bc,0xd9b896fc2c1d6e57f9b2a93fa9788cee061e8305bf4d50179fef47b080527b8c,41,40,v2,1315332022524243468,,1191484080931248268,3851181491096482,87455499695110145,83604318204013663,4.606438487661269011
1,1930,2024-10-18T02:00:11.000Z,20989323,0xe7f60b2fa7c414873564c74cf02dffdc3ff391ccdb6c1b83268d7d802de6e8a0,0x0c135d315616fef0f5206a7f49593003ac93fd964df201e47c3b178ddc74527b,24,23,v2,1356156785138394368,,1191484080931248268,4243163744547925,91698663439658070,87455499695110145,4.851797496258741132
1,1931,2024-10-19T02:00:11.000Z,20996489,0x481e9e124afc964387db9d6f402678afdea47a29a03e9b36e4198a5bf8c5483d,0x86fa6affda5295f4db33e801ea54c568f635affdd5abccac58ecb4c578e36f63,3,2,v2,1368283568252022619,,1191484080931248268,4484275780421961,96182939220080031,91698663439658070,4.890230252235704957
1,1932,2024-10-20T02:00:11.000Z,21003662,0xae8f556bb68c6e3d040731d4da194a6114f7ed09389362ab5522d64226e80684,0xa7780454a7a4dfa632690d4ca1fbe21b85451bdb27d0389c6f76b5906f05f362,9,8,v2,1364936425169428000,,1191484080931248268,4694101403988693,100877040624068724,96182939220080031,4.880388811208952339
1,1933,2024-10-21T02:00:11.000Z,21010826,0xfa47e4beb01d14ba308d01dceafbd248ed8e67b5201b98d4d728909d33596ce3,0xe12009410cca0aabb74df4fc2b088b6b9d598ff537b1e76d296dfb71060941c0,49,48,v2,1345039373606801358,,1191484080931248268,4850640812223248,105727681436291972,100877040624068724,4.808468589299507034
1,1934,2024-10-22T02:00:11.000Z,21017996,0xb442d54da62ecc48bcda372a0078df6e3f524d6b6f5e67774e118bdb78768472,0x24d17d3a20523b71074df2438fc488be3955478bd08e93e932b396565844db5b,74,73,v2,1291911972397393526,,1191484080931248268,4572335600902340,110300017037194312,105727681436291972,4.324634323564050958
1,1935,2024-10-23T02:00:11.000Z,21025154,0x37463c0754dd92799473b59b3ac528d8381ff90ed9690ba2fae01f9d122f1886,0x7eaa5ee6e729551425381ab1635ecfb8dcde612f10df85936524ff47208958a6,86,85,v2,1175077079057391872,,1191484080931248268,0,110300017037194312,110300017037194312,0
1,1936,2024-10-24T02:00:11.000Z,21032330,0xe3037db99bd48c2ec4907d8f30c27ebd264aa9b69c82282a1012441909f976c6,0xc6c4224bc9ca4f943acb94c31158c35e998820461ab34e4ef937fb2231a17b28,3,2,v2,1127782074530825932,,1191484080931248268,-5010804697027900,105289212340166412,110300017037194312,-4.542886602944226729
1,1937,2024-10-25T02:00:11.000Z,21039501,0xa56f8f7193ead4636e0ae1783aa820acfc7d86448b578022769917bb789a06a2,0x9adfc1b87aad6c625c9a1ffa1f3701941e04cd35b7b8d067e71bede5bd27091a,161,160,v2,1226653655449680968,,1191484080931248268,2347589995224246,107636802335390658,105289212340166412,2.229658616534898451
1,1938,2024-10-26T02:00:11.000Z,21046672,0xb385af1611529367b7f99b013499b7f14bde658e1537e6b7066b5c8c351e4bf1,0xf6f228b031da5c2f0e76b385c15c272c649f48603e7d26071570fd9cee22538f,258,257,v2,1203369121898403948,,1191484080931248268,0,107636802335390658,107636802335390658,0
1,1939,2024-10-27T02:00:11.000Z,21053836,0x2c0d8bab02d2ab2275067b2730df57b179b17e8c1357c5ede2de1ec20e130a87,0x6903360ae8309eaf194e3806220d1f692eb4a24768752ee39af2b300062e7a77,21,20,v2,1221832276236872025,,1191484080931248268,2139739499135313,109776541834525971,107636802335390658,1.987925554001498858
1,1940,2024-10-28T02:00:11.000Z,21061011,0xdd9c245ca18b1107960ee24852e42db914b95c9200a39f32048a53b62f93a6c2,0x8b2d6711881c162786fb744d2f8aa12d01759c45e9c1be2d6ae3d608450fc476,27,26,v2,1231375887978521600,,1191484080931248268,2697301511747249,112473843346273220,109776541834525971,2.45708369627190879
1,1941,2024-10-29T02:00:11.000Z,21068168,0x9fb60e5208669d8d4948cad1dca0ff54855ae948cb451fc1832074f380fd78ae,0xaff14823068c79639ec9a8290a182bad86acb8ea827c630cb4f9353b1604551b,130,129,v2,1226040566861465767,,1191484080931248268,2454690201762411,114928533548035631,112473843346273220,2.182454274461979847
1,1942,2024-10-30T02:00:11.000Z,21075339,0x6c4caa3f2a860c29874bce807f6c4efce5d91bb0d7957593ff58c624f5b3ec83,0x10896d160aa308d0c4bad5332bb806d18832d6878fa8582a4fa3219322d1f0d6,172,171,v2,1185637873537303040,,1191484080931248268,0,114928533548035631,114928533548035631,0
1,1943,2024-10-31T02:00:11.000Z,21082495,0xd9b8004bdb5c0dd7ef7eda422c8f110e04fc14f45be1b5f4ba55390ca7015d47,0xd32c9f4ca8c4ef219df5065bed5345b74ad46e23e8be84a662e1994902258833,284,283,v2,1167551464440175468,,1192966679732981558,0,114928533548035631,114928533548035631,0
1,1944,2024-11-01T02:05:59.000Z,21089697,0xdf23b02491d71730043a79930a9275ff30f63e71b99e6edc40c7ecd294b3107e,0x5a71bb6cf11abcad1253758108ad9ae8729260764b51c04ca9781eb59b5555b6,11,10,v2,1138089642055231360,,1192966679732981558,-4599062598380606,110329470949655025,114928533548035631,-4.001671696662150265
1,1945,2024-11-02T02:00:11.000Z,21096836,0xa1f807818aaf2d9cd84ccdf0abe2d7bb3d48bfc2976dbf12bd3c164fd4b51f0e,0x7aa48ac4e942e7bba6b0e55862e0de1614d4cb14e2796efadfae28875d9d20a5,270,269,v2,1191915284212022428,,1194449278534711688,0,110329470949655025,110329470949655025,0
1,1946,2024-11-03T02:00:11.000Z,21103989,0x3fe642a0eb19e910aa05256858b311728b7fd388c52e7a2cb2b89c9f4df22987,0xa386245dc68deaab6c1a7794cf68ba8712fcebceaa365399caa8403fa6b50715,178,177,v2,1199658431556290816,,1194449278534711688,0,110329470949655025,110329470949655025,0
1,1947,2024-11-04T02:00:11.000Z,21111156,0x29e3e6cd960d632330bdb85aab1e31034611ed8cb5ddc622f089bc9392d79258,0xfb9cfdc8f576d15dc1e932b4229a9d7a72f4781b9a35b955bf11645215154488,11,10,v2,1162710149606457592,,1194449278534711688,-2622590590251222,107706880359403803,110329470949655025,-2.377053535811795026
1,1948,2024-11-05T02:00:11.000Z,21118327,0xc39909f0e9466dc0cd8119e4a318005181f2c5c93428bf7c71aaf876e30afd1b,0xe56ca94ebfb10c41c394c6adfffc50ddbd6b88dd28699c115dc68fa7b6ae5dfd,166,165,v2,1186926609531332096,,1194449278534711688,0,107706880359403803,107706880359403803,0
1,1949,2024-11-06T02:00:11.000Z,21125485,0x8219df833d37fb6b3b3daad599aaa6cd0849944f3783c1fa489c319c130e158d,0x26e3397abb5cacef996b2505df33be67fcb62a6f7a577c83d1706ecdd318095f,58,57,v2,1201317806907511040,,1194449278534711688,0,107706880359403803,107706880359403803,0
1,1950,2024-11-07T02:00:11.000Z,21132649,0x95d33fcf35bba8878aaf7af24f918ad8858a1a1befbe959c51fa07a1c3496fd3,0x8035e827f68eaeca84ac9e531473ab6aa5d2c7c8878b1e8339189489c01de677,384,383,v2,1223031595561088155,,1194449278534711688,0,107706880359403803,107706880359403803,0
1,1951,2024-11-08T02:00:11.000Z,21139802,0x6d64ba1a96d6b3a56d56775e3bf1e317cb46be2c81e2a892387d4566f612818e,0x23f7aad082edf396d0743634df1daeb1c2d2d95817894270c28b63d29691bb3a,80,79,v2,1321033770394087536,,1194449278534711688,4987344924360908,112694225283764711,107706880359403803,4.630479415724221964
1,1952,2024-11-09T02:00:11.000Z,21146967,0xafb2b6da2c7edf4d5c6f75af60d5df852d6e0af76fc7688a1e91d13923c10e3c,0x58554756065515d4bae9c1eefddb2e5943d1d00e8016207d424177e488bf985a,33,32,v2,1343682593350942252,,1194449278534711688,5389423027195777,118083648310960488,112694225283764711,4.782341786924022636
1,1953,2024-11-10T02:00:11.000Z,21154139,0x34cadb4c2f7a4af3210c1c3adb44a81b9260aa3a771fb65019badf0a04f2ee0f,0x3e5640969453d6c3a0f2bd7dbcbb87458a50bfb99d622664310ddb882636d729,2,1,v2,1369826398789252275,,1194449278534711688,5768875297639200,123852523608599688,118083648310960488,4.885414178978864396
1,1954,2024-11-11T02:00:11.000Z,21161312,0x21e03a8523cb77e38cdfe34da4f6caa4882320c3adaf5d6ad1990d2e4944e5d6,0x480f4620aac17045dc12bb6353a8bab17625e5905ebeac814ddb2422052f237b,14,13,v2,1346140981826435498,,1194449278534711688,5939738948050783,129792262556650471,123852523608599688,4.795815842091051102
1,1955,2024-11-12T02:00:11.000Z,21168482,0x386876b9dea1c309e3eea89dee50e5358697a8f78ee64f9b9f995fc89e1eac9a,0x22edd44dea19f2dd2cc682f8a4e3533c78faeb984f5231d4f0e55bfbb55f423c,108,107,v2,1300116010757406757,,1194449278534711688,5698699696525830,135490962253176301,129792262556650471,4.390631293632404853
1,1956,2024-11-13T02:00:11.000Z,21175641,0xc4c0ff7f946fee9d23d9439ce9ae3baba4530a75e0da82b9b1cbf3547f7137e8,0xf4c1619cb65a84a9028662064e3f4878f082f134afbc362c15906cecada99b3b,20,19,v2,1249096296318691977,,1194449278534711688,4233756082917413,139724718336093714,135490962253176301,3.124751653181326108
1,1957,2024-11-14T02:00:11.000Z,21182809,0x34f2554bff1fd518412b92deee94d816221232e8732a9258e1d356e4d16451a4,0xc5676d96eb7133c16b870f4a59fced3acd99ef1f920a057f42caf431e86973b2,156,155,v2,1166057024353323444,,1194449278534711688,0,139724718336093714,139724718336093714,0
1,1958,2024-11-15T02:00:11.000Z,21189970,0x0047712166d4d5ebc11ae2a8acacf18412d25617371acf347e16b79992b739f0,0x94dfed8db5628d976aaad8a4b8b664fc0ed9cbe0002309258e77581315ddbbf5,122,121,v2,1136365532433573393,,1194449278534711688,-5902840593084269,133821877743009445,139724718336093714,-4.224621572602194447
1,1959,2024-11-16T02:00:11.000Z,21197129,0x7e3c0cd5e83405f1c540717f4587c169b62bc8aa8cef9853d2dc8998888b719e,0x2f46ecc0c94bfd4826862bdcd60ae246b5b8d5ae7122736ed6720b6963cf92b5,358,357,v2,1179911754986251157,,1194449278534711688,0,133821877743009445,133821877743009445,0
1,1960,2024-11-17T02:05:11.000Z,21204327,0xa12353bc83356d9a3547bac8629bb0ed1015aacc6d206178f9c6566f1fcf4dbf,0xf6bdfab623b5e44d5da26dc11af8f6ce853295cdbf0c149a25ac59c0446e6e31,447,446,v2,1164975744263309056,,1194449278534711688,0,133821877743009445,133821877743009445,0
1,1961,2024-11-18T02:00:11.000Z,21211472,0x9712acdfc3f1c64c4becceb9809cd77d677de7e52689f5311b9600a68d7b4182,0x49d020c34c65bbf41188da1f4a8ed24b7920267f9d7b5b1fda58488103cc0d25,44,43,v2,1162998872517650328,,1194449278534711688,-3181017676579943,130640860066429502,133821877743009445,-2.377053535811794596
1,1962,2024-11-19T02:00:11.000Z,21218648,0x5f6c652a209a273334ea158fa9630b488d7c0fd1873d9bac37a673e7dcb83110,0xc585d779c28c8e12c4a3154a5c737c287bd1c68cddeb6ef29bea59354651f2d3,45,44,v2,1161090840288448855,,1194449278534711688,-3279756124466701,127361103941962801,130640860066429502,-2.510513267287875737
1,1963,2024-11-20T02:00:11.000Z,21225823,0x9f27f2fe723beafad968c98ca693ffa0e5bee6a87de6348e87f55a39e510cdb8,0x162d2e21c78eceaef96dc2f5a9d917493cefc8eed1ecef4996797dcfdaecd026,197,196,v2,1185830319644157603,,1194449278534711688,0,127361103941962801,127361103941962801,0
1,1964,2024-11-21T02:00:11.000Z,21232984,0xb174a0a32a723dfb14041ae4137e6739e036397d4f3f9ebcb20b99096210de0d,0x5446551eb6736a82b36bdf990a90ceb9aef5547b6c92f2681f7d536ff9b2bd1a,583,582,v2,1184249050553810395,,1194449278534711688,0,127361103941962801,127361103941962801,0
1,1965,2024-11-22T02:00:11.000Z,21240147,0x229fb94b5f14112942a5d0899cfe6444e7fb9edfcd3a582bb516804eb0c9303c,0x157d87f51feeea1538f66f8284ce659f141ac49c9392cb640bc32c8f68e2fca5,214,213,v2,1180189788892458957,,1194449278534711688,0,127361103941962801,127361103941962801,0
1,1966,2024-11-23T02:00:11.000Z,21247309,0xeb12df43ba3682da2de1d65238c4d80c9c6885ad70b6671d7c0d9230165ad1d5,0x0ee1a214d220c4cd5496355f182fa44945ac8caaad727968086e66157031e74f,160,159,v2,1182984448265624464,,1194449278534711688,0,127361103941962801,127361103941962801,0
1,1967,2024-11-24T02:00:11.000Z,21254478,0xea33307919b93ae90e4d96c9d045e0bae00fd8ea7f6a21dfa518738fd4acabe2,0xefb36b04d8cea6b465a9e81a9493f363a262bdcd2ccee2a05917deebc24c7af6,323,322,v2,1233834652215587550,,1194449278534711688,3129368920349887,130490472862312688,127361103941962801,2.457083696271908536
1,1968,2024-11-25T02:00:11.000Z,21261645,0x29bd4930121ff4f06a2de13bd5edee91a716296066c4f5edf64827fc30631b17,0x43cd1b08531c50c25d89b62682ea5320bdd294d09cf82f097c5da7ed414e295f,204,203,v2,1168414519806156015,,1194449278534711688,0,130490472862312688,130490472862312688,0
1,1969,2024-11-26T02:00:11.000Z,21268799,0xa274472e6e7c8c9aaafe32667f8779a32201eca6ec4bec83c43775d107849e3d,0x0118557dba434b3e8affba4e92b11d726aacf3365d56fc2de16dcc3f48d0b83c,205,204,v2,1182146133298759181,,1194449278534711688,0,130490472862312688,130490472862312688,0
1,1970,2024-11-27T02:00:11.000Z,21275962,0x38075921fc157f0e492f70e47fe0e336f763521e126da869423528b43173fc91,0xbb45003a53e08f08288de7821df9ae40d25ac5489594885769d2dd386d89f8be,21,20,v2,1150595301245393430,,1194449278534711688,-4287214810721011,126203258051591677,130490472862312688,-3.285461931956270264
1,1971,2024-11-28T02:00:11.000Z,21283121,0xfc26f0b04e0641ac4076e6ae31cb09fd650f14778243b44d43a1c98daa14fd56,0xb553d827828cba3cba7ae6970d658f36fb263cffd33a5cce72ecd67e75764413,335,334,v2,1255616510984573827,,1194449278534711688,4233356114928471,130436614166520148,126203258051591677,3.354395267036515197
1,1972,2024-11-29T02:00:11.000Z,21290233,0x2e2a1b6069c9f16d44e11a20063f6e53050d1f47400452c53d7d2bd36501a8b1,0xa54ea2a67a1b4ed398d5689498de8e643e5893213dcfc2ccc3166c20f12295b9,68,67,v2,1247932653191033555,,1194449278534711688,4030315357233468,134466929523753616,130436614166520148,3.089865052835716926
1,1973,2024-11-30T02:00:11.000Z,21297373,0x0a0570f26683efb2820c673276413ad9d1b33f718bad48be790221b14164b965,0xe096afb80abab9f6b90a29aa5cbf5728167c385d26709a873dcc064399323cd1,3,2,v2,1267067612643910715,,1195443586644136632,4964894910755033,139431824434508649,134466929523753616,3.692279528014345786
1,1974,2024-12-01T02:00:11.000Z,21304534,0x0a75b66292a4234e55a6d314a23a0dc23cd1b2cd7ef4bba5b3f89ff1b8b410ac,0x005d6c88853625790ce66fdc64797cb2094f0778d28db542c492d0c088d742bd,65,64,v2,1281129654889190402,,1196437894753559995,5615292882465173,145047117316973822,139431824434508649,4.027267738365343595
1,1975,2024-12-02T02:00:11.000Z,21311704,0x192d269ecbe51fbb9f2ae8ec182d125f8d8d74a41bfee93805fb0a02d091cfc7,0x0bacd5d9852c5a87295139900229e09d836c30eb3263333a22251dd09224b2f3,34,33,v2,1250679110779135347,,1196437894753559995,4481760188122798,149528877505096620,145047117316973822,3.08986505283571727
1,1976,2024-12-03T02:00:11.000Z,21318854,0xc968d368feaea17abefde1eff97eefb53d35635bffefbc818618b77b9ecdfbf1,0x9f3bb97aa4af4407c541200a3d4863183a132d145a59f6a071efa4a1e9441a06,46,45,v2,1316574277756911787,,1196437894753559995,6822956967692021,156351834472788641,149528877505096620,4.562969428737578657
1,1977,2024-12-04T02:00:11.000Z,21326014,0x6a1977fe7106b130589b258d8277e2d19dbdd2dc4fc1145164629e9ceaedc3a5,0xb581ddf4f3f0bd123ad3fdf9322b13133abe380d6f3a79dcaf026b0d82d3c272,53,52,v2,1315542424654697449,,1196437894753559995,7119849733806014,163471684206594655,156351834472788641,4.5537359749016232
1,1978,2024-12-05T02:00:11.000Z,21333173,0x8f9258b8572c75daf16139f4ea85dd09e0c307726f55d1a5ffdf4d6258a262f3,0xc14e9d987ae3b1c415ff553aaf66089638d4910630178ac041e90358884563dd,10,9,v2,1335739906827140696,,1196437894753559995,7724116312290176,171195800518884831,163471684206594655,4.725048469267912121
1,1979,2024-12-06T02:00:11.000Z,21340332,0x6274a772121a49ff098dd75bcf3ded85386521ec12c915b75fff3a36d12b47b2,0x337b54e8130e3daa77821c2e1a38ac85c84ea22f7b942d127c8ee8906637e813,32,31,v2,1390219343397298777,,1196437894753559995,8432187265135940,179627987784020771,171195800518884831,4.925463848750060008
1,1980,2024-12-07T02:00:11.000Z,21347491,0x2c0540c62db376907faf8364611c3e41b73230880f6a8a6e38610e8c47afe906,0xe854576cc0c0ac5e3c4b862d2e957dbd033afebf6f5e183a5e3e3ebf57652fe4,10,9,v2,1540386331512852599,,1196437894753559995,8977936674136227,188605924458156998,179627987784020771,4.998072285333967547
1,1981,2024-12-08T02:00:11.000Z,21354645,0x1971b7fc9a03c192baad0187586a115517f5de194ae7c5391a1fb3b903b12919,0xe4e33c447c225fc9d8719a6ecc3e01bf6fbcc881d55c1f11b2476fb45642296e,13,12,v2,1536319250903924630,,1196437894753559995,9426244623691173,198032169081848171,188605924458156998,4.997851817630693905
1,1982,2024-12-09T02:00:11.000Z,21361814,0xcc2b486b5fb0f2a03aabec1037f03cf3fa654c8c7e73ec2e82cf213a7bee1ac8,0x2c08742a620067fd63208d54cd067a78aad32fa3221633ddfae70a0f15bd0b4e,112,111,v2,1371474314031623163,,1196437894753559995,9669768640581041,207701937722429212,198032169081848171,4.882928205762596869
1,1983,2024-12-10T02:00:11.000Z,21368985,0x288f040a3dc94a4fbe44650ff850993e2bc78696ee1d52e4192f836318e0e410,0x117aa27987fa0b6af10cd0fc4762a2fb96e4edf8bc986220db373684f1c1b355,126,125,v2,1211882449452654263,,1196437894753559995,0,207701937722429212,207701937722429212,0
1,1984,2024-12-11T02:00:11.000Z,21376145,0x549356adf724f9b9d8ab09d2b6e858b5fb9b85c414c6cf8bee4c360f21635a19,0x0d3b58afb41792de6166b315aa7c91932f0f859ec2974ade634e99e8cb864a31,302,301,v2,1178850772696809895,,1196437894753559995,0,207701937722429212,207701937722429212,0
1,1985,2024-12-12T02:00:11.000Z,21383300,0x19e99a9fbf396967ebae809143c8852bba7ac726d20c9a432f1dd8a810fbb1ea,0x00a93da87763861a30a7bf1860df791e57455965124f03a1b457dd7ad22586c4,13,12,v2,1265752342271397667,,1196437894753559995,7506473238651546,215208410961080758,207701937722429212,3.614060283194431053
1,1986,2024-12-13T02:00:11.000Z,21390466,0x1363f50ad79d82d9dfe1912dcd8a77cbb28502775728a3e817b755ae4eccf488,0x74e6d10d2037404cda8a3bd1927726deb7a7aa737743d262e8828ed88f3e175a,3,2,v2,1298015449391578782,,1196437894753559995,9336498545818262,224544909506899020,215208410961080758,4.338352067246440353
1,1987,2024-12-14T02:00:11.000Z,21397629,0xd1574a3bf1284d065889bd0fe6c745b08e45d25bbda7156477cc9101170513ab,0x81447944b49a8c04b614bf27b5a682ba5a817e23c930511f066a116330945c71,50,49,v2,1249771282311822726,,1196437894753559995,6858603189880132,231403512696779152,224544909506899020,3.054446081606408073
1,1988,2024-12-15T02:00:11.000Z,21404796,0x0e60baa840aa8cbc387e915bbc5bf57386eb1909819c00103c34ad8697fc67df,0xe37c9aeb9a29a5b7fde1846243964d5795e6a0c6395e119c5b6546417e685039,142,141,v2,1200817378727753144,,1196437894753559995,0,231403512696779152,231403512696779152,0
1,1989,2024-12-16T02:00:11.000Z,21411955,0x003d524f9205cce6caf05a7417f6ac4101dce38f8abf3f3d156ea28db3f6a8b1,0x2dc65a0a7671a50fb647def586efc57c55b69b67a941236ace9d4b0c9a41c58d,323,322,v2,1245933565281130306,,1196437894753559995,6727763338750832,238131276035529984,231403512696779152,2.907373038699975649
1,1990,2024-12-17T02:00:11.000Z,21419127,0x6350dcd9f912462b8c166443c56ca198a09d918b8f8fc95bdbb187a0c8d341f4,0x2b2adaf373708d6b64fec7348c0fb879282b49707029b36cbb78fe76f86ba4d9,240,239,v2,1166678359344495854,,1196437894753559995,0,238131276035529984,238131276035529984,0
1,1991,2024-12-18T02:00:11.000Z,21426294,0x1e054efba523da400d405d1b4344017cf3ed9f6268dc3c91fd87b1727ebc0349,0x1f81285c78988d2f7974104f663c41db6614a8111d982f0f45f40a67dca4f8f0,46,45,v2,1147432320073600849,,1196437894753559995,-8696532687547414,229434743347982570,238131276035529984,-3.651990965793952321
1,1992,2024-12-19T02:00:11.000Z,21433448,0xcd07dd56747b1ab79c800f0fdc336412223541ffcd5523cd9cc6c845d23eea37,0x0eabeb5d91681bbd73ca320403ad32038cde3eb8890a904c92f05cb32d78bdb3,61,60,v2,1111388550344090881,,1196437894753559995,-12876756424077671,216557986923904899,229434743347982570,-5.612382953068078517
1,1993,2024-12-20T02:00:11.000Z,21440608,0xcb79a20a52f297b2fd87c6fb8c1b2d3bf09b3477dda243d2cafa22e9cf72de33,0x0b5da5b119f490fbc7948032fec6fc83c921e3ae887bb816516a6faa2fead10c,3,2,v2,1110231720949575459,,1196437894753559995,-12235299261214333,204322687662690566,216557986923904899,-5.649895178197064808
1,1994,2024-12-21T02:00:11.000Z,21447768,0x731b9c129097e2cb49dd71f5a751499662bc88a3bc73bb0a8d01a2c396b24325,0xe93995dc987c5916256584c369bd709b6bc972a123897312a10bf9f5f04bd508,16,15,v2,1053482359945918782,,1196437894753559995,-14541391039082957,189781296623607609,204322687662690566,-7.11687537268932613
1,1995,2024-12-22T02:00:11.000Z,21454912,0x77537b74dbd9201990ddd065ac70ab0011e60f08e1b931d2b72ff61faec41a3c,0x4468023f9b160aa523dd4b579266f9fec2bc055dd78f9bf37b9e9b2ac01f27d5,14,13,v2,1100403618514081526,,1196437894753559995,-11438670283991316,178342626339616293,189781296623607609,-6.027290616881799087
1,1996,2024-12-23T02:00:11.000Z,21462067,0xff0e0ecee778c1c7185120c8c4f971915549af51563f4b1123374c656f2ca118,0x735706bcdcc6a2feaf05febdb76fd970e3a0c3ba21d51c9c1ad18bca251aad2f,15,14,v2,1023375991264402924,,1196437894753559995,-13222239561796941,165120386777819352,178342626339616293,-7.413953597732684852
1,1997,2024-12-24T02:00:11.000Z,21469210,0x9d1fd53912f8f5c4b796d2577564a556425d7d3ace56141ba73dc9a981a02d7b,0xddb7b9c7efd1507ede8a09bddc2891f23732a6c0ebbb1606b1312530bc1dfac0,61,60,v2,999509628599375744,,1196437894753559995,-12448444488687930,152671942289131422,165120386777819352,-7.539011221817299874
1,1998,2024-12-25T02:00:11.000Z,21476361,0x48f7959597f0a1dcc03078d77b03619bb0a3b4f574ef7e4392b720d5acdc7403,0x772dc9aecadb6faf7c11abab5cbbfa23040b40a304f40fa26d13964282870b33,8,7,v2,1131974929450267339,,1196437894753559995,-7013736711094821,145658205578036601,152671942289131422,-4.593991931937399997
1,1999,2024-12-26T02:05:11.000Z,21483540,0x956f9f0c8174e969f4fb1c05845824098a69b4c6a8a38cbbef00ceed1aa6908b,0x26a61bdb6890a9c444587a2883f4e621c019e86f6b7d05772e43943c54603caf,14,13,v2,1305814288410064640,,1196437894753559995,6465727332467516,152123932910504117,145658205578036601,4.438972254812992964
1,2000,2024-12-27T02:00:11.000Z,21490675,0x844cbbebe417ee26463cf46753c1ff12f81c3576470a5d0981fc9c0a3097e51e,0x975c569afe33df217c6aab525860eca7ff1f07b12b7ccea93db38127abffc635,8,7,v2,1292200485816014869,,1196437894753559995,6444785232682356,158568718143186473,152123932910504117,4.236536033073692179
1,2001,2024-12-28T02:00:11.000Z,21497835,0x92a563bdb5269ee2f19e27a1738bd3bed65502be2fb3fe013c80b387c21a5c3e,0xea586ed498792a6d5e3746e586f86594a6604fe6756b68648d982974f9ac19c1,10,9,v2,1243493553932233137,,1196437894753559995,4426141214142024,162994859357328497,158568718143186473,2.791307936376989952
1,2002,2024-12-29T02:00:11.000Z,21505000,0x6931290b31020e580b533bbc9ed4394494d3c80fa2403b69a8e5a6f21adf9f1b,0x88d6859b8f253431766072221329c3b1ac2a0bd9ec9888df02f67721a18748ea,37,36,v2,1223204096481728850,,1196437894753559995,0,162994859357328497,162994859357328497,0
1,2003,2024-12-30T02:00:11.000Z,21512169,0x1d53ccca23fe71f61af1ab4116389f91b8ec62616380b7692eb5caafa317ed68,0x0e67beb1ae7b1c688664447b733d4cc491802b19348ecb5d1bed6636946fc92f,21,20,v2,1298052720384510427,,1196437894753559995,7071290850434089,170066150207762586,162994859357328497,4.338352067246440431
1,2004,2024-12-31T02:10:35.000Z,21519382,0xb6c8b48aa291a8a01dfe4335819de2dfa554793729d81f585bfa30eb090a48d3,0xb4e36b37154d43844214e56d5494a0c9f968e79c9fabf00d6c8c8b91f247b552,12,11,v2,1240696705702388507,,1198536094362099983,4399053385574996,174465203593337582,170066150207762586,2.586671939242970742
1,2005,2025-01-01T02:00:11.000Z,21526489,0x4cb4fa9828bd368d4ceff67efe5dfe2f813a63dc54627bd5df57229cc98fd783,0x5735179234000faaa635d3acccf239d5879077c386a734167e33bd75580a99d0,172,171,v2,1171209881743775961,,1198536094362099983,0,174465203593337582,174465203593337582,0
1,2006,2025-01-02T02:00:11.000Z,21533658,0xa4dd7c1ef69f52823b9f89cbe4e28bf35ef51e8500e173a8d5049c4b23cc1c06,0xe782feb3e6461d3046a211e0e50a742b95ec7248e6b110f5de5cfe1dcdd22350,29,28,v2,1129186690337055853,,1198536094362099983,-8445928408201977,166019275185135605,174465203593337582,-4.841038920224265997
1,2007,2025-01-03T02:00:11.000Z,21540829,0x256e76f8f0bcff13e8213d4786db5e30ccbf082be250601c1c6119bbbc0bf3e2,0x3f1f1edf0956e2be784169d93570b8c60dc195ed28e962378d79434ce3785462,118,117,v2,1221042243050443117,,1198536094362099983,0,166019275185135605,166019275185135605,0
1,2008,2025-01-04T02:00:11.000Z,21547994,0xf43ef5726607bc4194269b6a59cfccf47cbe39918aa713461cc552f8da9fe883,0x0ea220a32cf655e52f7703325c5a27792935eac72e238f5a13414ee4b403384a,26,25,v2,1264884572486774738,,1198536094362099983,5863411399905276,171882686585040881,166019275185135605,3.531765449142408716
1,2009,2025-01-05T02:00:11.000Z,21555156,0xaf3d5ed14dee19dd185a2d14f0fbe2c2f7398fd6ed955ff3a4bced8be3c441d4,0x87e67324eeb9fdd366e75ac54a9f71a8606faefae872c4000799d4cb5c0a5866,41,40,v2,1277832135648662476,,1198536094362099983,6672532103765002,178555218688805883,171882686585040881,3.882026884926360594
1,2010,2025-01-06T02:00:11.000Z,21562305,0xd9208e667967ff71161229c0d4602b6ab4ba3d51b9552b5b399276caf4e46049,0x6f8016b48cd940412eed62040dd981989b26cdac97bce8b26a2afe5ca8f3b128,327,326,v2,1232390882902112010,,1198536094362099983,3811578446777214,182366797135583097,178555218688805883,2.134677706295555235
1,2011,2025-01-07T02:00:11.000Z,21569464,0xbdcb58a7d7e11789e1409994a55eff425c8fc827f4db256cc84812fe008e05f5,0x6fca31ab81b5514045c1e896a383fc9aa6e7f9da25e60c2de64fb8f19ab5cdfd,187,186,v2,1222025263422761324,,1198536094362099983,0,182366797135583097,182366797135583097,0
1,2012,2025-01-08T02:00:11.000Z,21576629,0x97c918ae251e706d7ed84f324f21b75d7acb75d931d1761be408b0540b8ac777,0xf2958f8d38e1fd89fa6ce6edc2bed22906f051a728eb3763bedaac3b6415db3d,157,156,v2,1217834188375479092,,1198536094362099983,0,182366797135583097,182366797135583097,0
1,2013,2025-01-09T02:00:11.000Z,21583801,0x77d5c11b237f2774fd7dbfd26520ed562938d2855a3c31de96b5a7dbbfe32391,0x8bfb35a6dbfb42d0b20360abb98dd2818004512b4b240df6c92d0b863aa6f65f,14,13,v2,1117548410016044757,,1198536094362099983,-9877939561813018,172488857573770079,182366797135583097,-5.416523027746727563
1,2014,2025-01-10T02:00:11.000Z,21590959,0x81db2fff119a691cf786b16f38d05cfe0c44ad52d6193f0ffed81fe4d02ac0a4,0xa2e2a3d0464c936780bd6344e6e5a4bd2c6c5bf776640444de523e18f8336606,3,2,v2,1125567406830117370,,1198536094362099983,-8673440122790979,163815417450979100,172488857573770079,-5.028406034332692994
1,2015,2025-01-11T02:00:11.000Z,21598117,0x94f8c8742b0efcdc25b3394e548d1c6e1462ab80d3de1a067b8d6ddaf78c7a68,0xe854369f87b4a8f36abc317a8dd6f66499ecd6a4c7fa8cbec067a550d20f0ae2,35,34,v2,1107178835600595258,,1198536094362099983,-9605515824061680,154209901626917420,163815417450979100,-5.86362136942090934
1,2016,2025-01-12T02:00:11.000Z,21605281,0x9ab8b8e30acfc62085e0b79501d593ce15cb82c3befd5dc4ba9625880313cded,0x461407456a2c8ece4d221fee39a2d36157baf85dd5343abad873ece5356dbb22,7,6,v2,1118994724830914176,,1198536094362099983,-8289819409034955,145920082217882465,154209901626917420,-5.375672587542823924
1,2017,2025-01-13T02:00:11.000Z,21612448,0xf28e2a8a5c2e5e7aa1872278b23b683b10e25c47c3c2a35621b7177efd6864bb,0xb4eeec5a7ac88bd79c3ba52acdb1e993f29f45e0bd96fb07c466baa7ef35c683,562,561,v2,1188062671164987538,,1198536094362099983,0,145920082217882465,145920082217882465,0
1,2018,2025-01-14T02:00:11.000Z,21619600,0x5affe2127607ec0098dfd931540a1c5a8cf272fa0f4a6dac007a1ee04465940d,0xf9c94fdb45cfb1f3eb9ce558164920105bd0f6095434c030c8b0c3734c146e32,7,6,v2,1083165097966931515,,1198536094362099983,-9640626410788940,136279455807093525,145920082217882465,-6.606785210272780361
1,2019,2025-01-15T02:00:11.000Z,21626760,0x720110189dd98a7d54b11ac4b312f00ae04de5007394a4a8ac61a99482e203d1,0x5b86380e62ebd51f027585857badad4e949245e2f4af477642e9ee9216952916,295,294,v2,1210982897494439535,,1198536094362099983,0,136279455807093525,136279455807093525,0
1,2020,2025-01-16T02:00:11.000Z,21633921,0x02f01cda5d89907497412ea5f24a58aab6b66843149e83b9e5a413bbe4a5d06c,0x9bbbb87b880d62f630e6406755ac58173edf810178f30f1aee8b588f3f0a86f1,29,28,v2,1280149283744151214,,1198536094362099983,5378310801298123,141657766608391648,136279455807093525,3.946530876166130717
1,2021,2025-01-17T02:10:35.000Z,21641139,0x2a8767d21633f1a089c628947b0167c75222b403f17669ba5118ec93316dd390,0xd1be241e0c889989fd92aa00e411c7fc0333c627ef4af71534c1ced9e976b1b0,37,36,v2,1261436979200381894,,1198536094362099983,4838262560203419,146496029168595067,141657766608391648,3.415458732720699075
1,2022,2025-01-18T02:00:11.000Z,21648249,0xf12a1e89f7438daaa37f22e253a09ad94cd864052646e7467c3fd44f1c802e98,0x7512e858a99263e8a1dead33d98b9ea71b6b4fad1259d0be4102b767f11488f4,23,22,v2,1212386493984174560,,1198536094362099983,0,146496029168595067,146496029168595067,0
1,2023,2025-01-19T02:05:59.000Z,21655442,0x1e46edc29bc40e40107598614f5c58d8689850baef6773b4131561a7966b24ee,0x11b67dc17ec4c7182501745308f92318f98c4164fc88331904f9b2b196468e02,10,9,v2,1129468271629550769,,1198536094362099983,-7091929788634780,139404099379960287,146496029168595067,-4.84103892022426573
1,2024,2025-01-20T02:00:11.000Z,21662574,0x65eaa16cb430854282cee3a338e59c68c5ad032522fc3ae712b1854c7c9db3ba,0x2357c01e79753676e276898cfec541e27e18bacb2c608f865d7f880dd4bcee3e,24,23,v2,1067523388135217965,,1198536094362099983,-9650861758798356,129753237621161931,139404099379960287,-6.922939713913243249
1,2025,2025-01-21T02:00:11.000Z,21669739,0x0003960fbd4d9fa0f4cc12bbcda0cce62d34de372a56faa6369dc3ba06402a25,0x3fcd7bd65c9731bf55beb48d20424ff8bb3601748bbd7b44794787d2b3ac3ebc,3,2,v2,1105826145132730566,,1198536094362099983,-7652049191164438,122101188429997493,129753237621161931,-5.897385939228723535
1,2026,2025-01-22T02:00:11.000Z,21676902,0xa8c44d221e22c88156b66a0002a2af06ffd07e50cb6a4410875ac37fb0d181cb,0x820c47f09f93a65b4103f6cbcb4417a6247640dfe087c1c02bd8bf0112632338,183,182,v2,1308757849800513327,,1198536094362099983,5434081336515956,127535269766513449,122101188429997493,4.450473747543742538
1,2027,2025-01-23T02:00:11.000Z,21684069,0x90a6adb1e4716ee936da3b65774a8e3527a0f6137ffd3f771a70936e7e52e87d,0x72b077094a6c9798cfb763c9f5709805e86855187f8762240def71e7e8706515,19,18,v2,1283877485037357627,,1198536094362099983,5136186774344006,132671456540857455,127535269766513449,4.027267738365343596
1,2028,2025-01-24T02:00:11.000Z,21691233,0xf17d4f8d346e54bdd0f76bc21ba002ae6528061fb60cde68982208791e57f61c,0x9944fc9ebc7a363b56f807eba8465b4d235d6036c4c040966e5385129c6d95bc,315,314,v2,1202576237592289931,,1198536094362099983,0,132671456540857455,132671456540857455,0
1,2029,2025-01-25T02:00:11.000Z,21698400,0x7a00f58a6212bf79e664df5068b5ee4b41bed21b508685929bef74eb8a4eb51e,0xba2712e38c0bc76d19580ce347d318f1128a3e406d075c14ad07b3fecaa8f346,4,3,v2,1260859389938876695,,1198536094362099983,4491159083027499,137162615623884954,132671456540857455,3.385173570959027823
1,2030,2025-01-26T02:00:11.000Z,21705564,0xe8ff8a1e4aabfea2fd5b2ee2bea2d82ede76b492fd1a14ed1426ae9dbf845811,0x6714e798a2365c711bbf56f93e8eae1f66f6d849d84cfbc342f954dce4d66914,76,75,v2,1222141451538776291,,1198536094362099983,0,137162615623884954,137162615623884954,0
1,2031,2025-01-27T02:00:11.000Z,21712730,0x72046b43513b14ce32f09da9c21a855fc358e4fdc7d1c8cc7e2a5d3212f580f7,0xc640cba59310934e0cb575d7120379f799a09fafb7c3c0aa2e2b8f84d1947ec7,52,51,v2,1254524545719314376,,1198536094362099983,4333117625896017,141495733249780971,137162615623884954,3.159109795469272954
1,2032,2025-01-28T02:00:11.000Z,21719902,0x66a9213bf1de94361404a891a15a4826045afae069cbda7e9763b18aa6030bc7,0xca03ae069c6474cc3dbc2aefbea636959a2d8cf1cb1a5af1b3d841a8041cfee0,306,305,v2,1195560204629654066,,1198536094362099983,0,141495733249780971,141495733249780971,0
1,2033,2025-01-29T02:00:11.000Z,21727059,0xaa0228db29446e47dcb1b01b7a96cc7c74169185839a595ea4357410d6f248b3,0x698df6fdbc718e42181e70fbfcf8a62c48febaa9864176b6064c17663761aaf0,42,41,v2,1233148326829193841,,1199630316738595050,3020477873042502,144516211122823473,141495733249780971,2.134677706295555426
1,2034,2025-01-30T02:00:11.000Z,21734225,0x66eae31371ac59d0a17f16ce5e10c09f111e6f859dd7e0cf7a473dd882e150ff,0x173c7a766f138c1cabbc0fc80e5578a485d7575e0e8cf83d7a84b261a69cdc60,215,214,v2,1194213121933670000,,1199630316738595050,0,144516211122823473,144516211122823473,0
1,2035,2025-01-31T02:00:11.000Z,21741390,0xde9b53da5342254a37c3694b00b11075a2a888099c44f3e988d6c8a4baf3218f,0xc6f06fec02982bcf0215cc2f166f2cfd39541ccc4db06962bccc3eec925171ca,220,219,v2,1195000000000000000,,1199630316738595050,0,144516211122823473,144516211122823473,0
1,2036,2025-02-01T02:00:11.000Z,21748545,0x3e8448bc1c74959b95193598504687e2828bc4f3595d8bc0d4233a0769effb4c,0x2f59b68670e6b025597755982ddcb0261327a0572b283fa37ce2e90691fd08e6,227,226,v2,1195919076462126050,,1199630316738595050,0,144516211122823473,144516211122823473,0
1,2037,2025-02-02T02:00:11.000Z,21755710,0x65b15786136f8ec9526e3714e6463c590a4f4765dcffcb441d9487ec462f9851,0x1fde1f8a519aada5d2b1b30d606b5f81f2261cb33c22d8bf7d142f0daea8a3f1,3,2,v2,1251619907458869160,,1199630316738595050,4362208768360053,148878419891183526,144516211122823473,3.018490959919117704
1,2038,2025-02-03T02:00:11.000Z,21762860,0x3fbfc18710d68a312ba9c490851a91386de4d27add93af44f90dd04f41923c71,0xce8ba2fcc26c9a6fad5d8655cad57b975dae268a2bb0afe7e8dcc9a752370ff2,245,244,v2,1079082971901242493,,1199630316738595050,-10019282063345693,138859137827837833,148878419891183526,-6.729841753202962189
1,2039,2025-02-04T02:05:23.000Z,21770047,0xe7b32cbb65e88e700c3edfab87754ee2fa287ce667da46a8daae275914ce55af,0x3457d82cd495dc0ba8206c2e893ccdf8fea56f8ea8b63616a394a52d592afc87,3,2,v2,943826809579353247,,1199630316738595050,-10636935526892973,128222202300944860,138859137827837833,-7.660234460105174096
1,2040,2025-02-05T02:00:11.000Z,21777172,0x59250c58b8b570bc9c070f88dfb23e3cf500c5733da79167ebaffc6658ff50f1,0xbcbe8b32e06dbcf1aabb876c7a3b698625484ef2f0657193b985efe72c5c2224,127,126,v2,1171798714280284848,,1199630316738595050,0,128222202300944860,128222202300944860,0
1,2041,2025-02-06T02:00:11.000Z,21784338,0x6db474878384c41dd1ef9ab1a49d0a3ec078cd849749e47250825753187b8e29,0x93eae762553a54544a38c3eee170a3741f4745d726dffddc2a59c3b20706ff7f,3,2,v2,1265898270425854079,,1199630316738595050,4528507438994253,132750709739939113,128222202300944860,3.531765449142408592
1,2042,2025-02-07T02:00:11.000Z,21791506,0x7e588dbdd30d05b038a9390223df39bc5a05243972c0ede46d64cd96b0814e14,0x8b280ebd77fbc0b79c50814f933440de1c6ac05af601a2dc98799059c88ae137,322,321,v2,1188743843086802176,,1199630316738595050,0,132750709739939113,132750709739939113,0
1,2043,2025-02-08T02:00:11.000Z,21798675,0x9b8a44bbdec8796ba6b4248c26df08b131406a201ccbdc4d65d66937ed3166e7,0x66a315bfb614107d71488514a49fe6f9fae390a4233f0ecea53fcd91bd6adc9a,3,2,v2,1143700184786808793,,1199630316738595050,-5387282013208736,127363427726730377,132750709739939113,-4.058194508912617217
1,2044,2025-02-09T02:00:11.000Z,21805832,0x3e0057659c30fbdeb465fc9d6d36c70ec66c6a9e883cb5b5e6011a8a94c720cb,0x4f5968b3c51bdc862dbec43552df153b54fcfd6ba1d5ea68a24c5422719f293d,234,233,v2,1172935800608803487,,1199630316738595050,0,127363427726730377,127363427726730377,0
1,2045,2025-02-10T02:00:11.000Z,21812993,0xa4f15e1cd441d1877889eccde902004f07a3cffcf95a25760068757f78a2017c,0xe9621f10285b00df22432fac3bcd5c936065bd4364d54403a2653db8dc4867b5,145,144,v2,1187551753708731904,,1199630316738595050,0,127363427726730377,127363427726730377,0
1,2046,2025-02-11T02:00:11.000Z,21820157,0xa1ff6381a87f10c37f9dbb463f9d2fb24630e2548f141383dbb6265aed2398c3,0x8adcb4e94db8f03b2637123b654dbd7f173db1ae23c64dca20873ee4cf894bba,134,133,v2,1189355470172052541,,1199630316738595050,0,127363427726730377,127363427726730377,0
1,2047,2025-02-12T02:00:11.000Z,21827319,0xbb9e0a7b02689531ce17e83d7a052014a7002f7f059c7b43e3ea64501b5d8632,0x608533800aa4dfaa6c08e787912aaa7676fab4ce97673914f05efedbb2064705,111,110,v2,1170995749512322420,,1199630316738595050,0,127363427726730377,127363427726730377,0
1,2048,2025-02-13T02:00:11.000Z,21834444,0x6d01bb6cea86efbe30a9f280c704b5a073b924a9af0c7f41e8d3d6a7f7001c92,0x0656f72e1341aa0de6c53c229a11284090dd49a2bc97afcdff7de28a6aaabff0,3,2,v2,1149549153684789945,,1199630316738595050,-4727080999268818,122636346727461559,127363427726730377,-3.711490090712062946
1,2049,2025-02-14T02:00:11.000Z,21841584,0xa9152c51b2d2c754014d0742392c2248983624c3861d3423860dd9088e138f13,0x9324ec238d9364cff10597aa37b79cb1c06b0529e909f8fe98d3d6941ffc3992,85,84,v2,1201502952484853173,,1199630316738595050,0,122636346727461559,122636346727461559,0
1,2050,2025-02-15T02:00:11.000Z,21848715,0x72b537cb278bec564603fa2c5d54e7074b686fd61c3dad0f568d52460f0f1d09,0x049bc195310889b0bc02bf1b92d2ed996a6f8d936f5d4278946fe40b6832e2e4,135,134,v2,1199810892884397383,,1199630316738595050,0,122636346727461559,122636346727461559,0
1,2051,2025-02-16T02:00:11.000Z,21855847,0xe9dd084d4b1e767b7b7ce08cf5dc754dd3308e9e497b78e2cd2271cf2af7ae3b,0x44a5761d9dc13ae9808ef1355f0e3c2e7083c7c7768e6dcc7e86707a05a5c9e6,6,5,v2,1156011596628810162,,1199630316738595050,-3952414556851719,118683932170609840,122636346727461559,-3.222873693094665253
1,2052,2025-02-17T02:00:11.000Z,21862986,0x75eb437f71fc15f016e7b6f7b1aeb77aab7bbaa2d1a3602ea55ab2ad22c89cce,0x48455eaf2b98b9f0d3233a9752105aa20b4169639063826a120ae74a585cf839,161,160,v2,1177292429594212307,,1199630316738595050,0,118683932170609840,118683932170609840,0
1,2053,2025-02-18T02:00:11.000Z,21870135,0xefb46332c5ef67faa7275399df3ab1eb5898d16a355a1439de8af916df68bc79,0x124fda2e78ae0d068a6b6709f58f1d6d53201c7d03fdb5378f0673188f6974d1,6,5,v2,1026154178694140618,,1199630316738595050,-8799171659093547,109884760511516293,118683932170609840,-7.413953597732684344
1,2054,2025-02-19T02:00:11.000Z,21877294,0x3ef93ca0395334b3afc26635c3f0ec01d37c85e07da90cd78ee15f0a2f590b70,0x5a792e427ac79bf0fa7b9af96efe85e1cb1278c8c6704a052adebf6264162135,10,9,v2,1167058738419384525,,1199630316738595050,-2685482340468299,107199278171047994,109884760511516293,-2.443907897662343638
1,2055,2025-02-20T02:00:11.000Z,21884449,0x32ac377b9f863f465a68dd938e7f1cd488ec6466f1c9cdba0d471621f026d350,0x1e4ea9a052fdb66b8fddd7b49a4847d30c671aeb586a1c0d4c017171f5055d0d,139,138,v2,1190675413304058252,,1199630316738595050,0,107199278171047994,107199278171047994,0
1,2056,2025-02-21T02:00:11.000Z,21891590,0xc03bb2edbc1870f8c412ac3361cf0f36d80f189d6d1c596be9cd423b8f544fb2,0xfd89ca2543e4699e9663246066ac15d8199fcf9d2c2300db5b2ed5f0a3f398c4,205,204,v2,1259596464720256708,,1199630316738595050,3562359661065556,110761637832113550,107199278171047994,3.32311907490778761
1,2057,2025-02-22T02:00:11.000Z,21898752,0x18db555902dbc6ba51df96a210e7fca973d2a387fa7bbef368e64eaf9011f761,0xe36b0212005fbf1ae7c4e8bd7f6490c8ea230090321cd2f93dfc957c91f96e48,10,9,v2,1252154511766507322,,1199630316738595050,3343330025020701,114104967857134251,110761637832113550,3.018490959919117769
1,2058,2025-02-23T02:00:11.000Z,21905906,0xf1a6037111b5099c5588218ac0a8655a56c1a83ef054f7efa1a4e157c863aab3,0x570bbda3ac92896d365cca01690e46c35b21b8a2c4e132e10007ac4ed35c140e,201,200,v2,1189629386193436483,,1199630316738595050,0,114104967857134251,114104967857134251,0
1,2059,2025-02-24T02:00:11.000Z,21913062,0x5d254eba93fd248afc8e842c167efa6a650e73438d630b7151ebed9fb1a7442a,0x80b8e7c49f729d8df5ca862c0028e5730d3469342b9ca6d2000fedaa371fcbed,200,199,v2,1176844621481697461,,1199630316738595050,0,114104967857134251,114104967857134251,0
1,2060,2025-02-25T02:00:11.000Z,21920220,0xdb9a8dcea4aa68a03b39f72aae5aa869b519eee4015584741f3dd9513bd45315,0x9a88d86ce500debe7b68c500729cd8fa9a682775fbf10a91626021ae15ec63c1,27,26,v2,1137336881376155181,,1200724539115091697,-5124707006034778,108980260851099473,114104967857134251,-4.491221637651390806
1,2061,2025-02-26T02:00:11.000Z,21927381,0x1f185a984fdf2d494a30ebbf81ae223a57532559eb566eb48f58ff4f8b7db6e4,0xdaf78270570ee836397e2d6131884276e42a43ed4a6e286cf14ee73c89cb3c47,12,11,v2,1127302149338587063,,1200724539115091697,-5529456761855509,103450804089243964,108980260851099473,-5.073814944717783518
1,2062,2025-02-27T02:00:11.000Z,21934546,0x89c50906fa5a964bd30d5ee2df004b9b0b828b280935985baab5282254d8f860,0x53dc9a245294970036f1958b011eed76c1044540abc6ec88eff6ada2c7c538f1,3,2,v2,1149784379849797805,,1200724539115091697,-3900624844495268,99550179244748696,103450804089243964,-3.770511866809960942
1,2063,2025-02-28T02:00:11.000Z,21941716,0xef475a0badafdab332f59ba79d8c79f5d73079c4850a4db36edb158007379912,0x0d0cc60470f7cdb9128cc372056a5a21feb81ede66da2b63a892798a4cfea54a,176,175,v2,1174663077062297893,,1200724539115091697,0,99550179244748696,99550179244748696,0
1,2064,2025-03-01T02:00:11.000Z,21948890,0xca57fb5c0feb27ff121bc06e5ebd243a68b2dff7de9ee59346cfd069e6c9c666,0xee434951039e25d58a29d4fa5e8955327e686c6f7a1b244ecb9893ec50ca4be7,9,8,v2,1142691199833154671,,1200724539115091697,-4150919026270207,95399260218478489,99550179244748696,-4.169675090252707219
1,2065,2025-03-02T02:00:11.000Z,21956062,0xbd390a0a1836e3cca41f2ea90d2eb39ad5b13b96fd56ef6fbdedeeb4aacf0943,0xce1601f98d8cae536b019f52d73f720aeecfd9a65efa14fb8433558f2f7b4357,3,2,v2,1159850041852209801,,1200724539115091697,-2893217978509533,92506042239968956,95399260218478489,-3.032746765418970431
1,2066,2025-03-03T02:00:11.000Z,21963234,0x671ae83636577f28a0acb5f0a6fe807316b915be1655c2cc4073e904c8ad8688,0x6661df4294be2cd6d90fdb89e674afa48828fc67a169f7b1e93787d344555d2e,126,125,v2,1200159699275302749,,1200724539115091697,0,92506042239968956,92506042239968956,0
1,2067,2025-03-04T02:00:11.000Z,21970399,0x1dee2651ce5a469c2893cb31a3120820485224b1fc851eb60646bf218933c809,0x4513c883ec1338dc4704afdbed94b42925ed2a5cda53f552a3892c21f3ba39cd,7,6,v2,1149047690137549950,,1200724539115091697,-3487951300174264,89018090939794692,92506042239968956,-3.77051186680996041
1,2068,2025-03-05T02:00:11.000Z,21977562,0x09445ae2c86240ecaa0d7cf8b71803b94f35427b5aec1a70229f0c895af5ae93,0xb2ec4047004106f153071b6f6847607c24ab106a5556179592b70b10f1ee2ef7,3,2,v2,1109332223651612992,,1200724539115091697,-5219683802996340,83798407136798352,89018090939794692,-5.863621369420909403
1,2069,2025-03-06T02:00:11.000Z,21984727,0x3ae50f8556831e57720eda3530b04cda0a50eced101ff1c687d79c66dcf16e1e,0xe5d02013e22b128625fc65bd102b9e5ce3c6a66f7df1245617f0322502437763,100,99,v2,1140402206739725383,,1200724539115091697,-3630902304142513,80167504832655839,83798407136798352,-4.332901338106791666
1,2070,2025-03-07T02:00:11.000Z,21991885,0x122541f8af25f167b42dbfb71e523e97bb4dcf3fe6940cf4e42f2ae7e354f3b4,0x175e95b6357d3af6b1d51334f95d257da3853a3b0d7d7ba3e5e1825784844518,281,280,v2,1166759032053593993,,1200724539115091697,-2065800755735919,78101704076919920,80167504832655839,-2.576855497808165806
1,2071,2025-03-08T02:00:11.000Z,21999036,0x88e4aa56ba7ace75394f6656e040c6aa6842a76309f7573bafdd3c249b235649,0xb37567277910a58fc80416cf3a66c2f0e8e568ead2652119b446c9650dd9e22c,18,17,v2,1147055862295197302,,1200724539115091697,-3080827402781290,75020876674138630,78101704076919920,-3.944635317748098901
1,2072,2025-03-09T02:10:11.000Z,22006239,0x701f028bd3c74e94d811e9ff9dc8013457aa01f3142b13ec29e64e5b49e8d20a,0xbd2e0ac3a049be668b549f26a0a3033f9ca88cbcbc962e62710fe31aed53b066,113,112,v2,1157769833429160615,,1200724539115091697,-2417828098659805,72603048575478825,75020876674138630,-3.222873693094663995
1,2073,2025-03-10T02:00:11.000Z,22013347,0x5566b2b1fab728e7ec6ecf445579857facf6f4fd85f7bfdccf1b6243ab708193,0x5d5514f8be6ed6e935aeae20aa8367ce563dcb3c9b0cdd41534e32f964070b63,92,91,v2,1209873816334559977,,1200724539115091697,0,72603048575478825,72603048575478825,0
1,2074,2025-03-11T02:00:11.000Z,22020508,0xb9f6cb0d5a4cefe9cd627fc54ae71d255cc902f9ea97939a175496e227a12dc4,0xc5444339cca9a2fff7f4745e30f6bddad096e1d5e33f8ad78ab3a6d754bf3de0,372,371,v2,1136256177532860626,,1200724539115091697,-3335378193898089,69267670381580736,72603048575478825,-4.593991931937400492
1,2075,2025-03-12T02:00:11.000Z,22027661,0x1df12fcf3028cc3e3caa6f5437db9c01faac1d81c1a92bbc34a209224ec75544,0x9fad35d74fae790aa1c12818c3d17ba06b520426f8bde1bf7df4bf63ad5d85a4,143,142,v2,1065212139152214470,,1200724539115091697,-4847555497026922,64420114884553814,69267670381580736,-6.998294399570216123
1,2076,2025-03-13T02:00:11.000Z,22034823,0xf6eb82148934e69e8b687dcd83c4db0450eec007c405e10130efa490384cc8a4,0xb0cb263677f2e82a635859ea55aac82c4771c74c07749a5168d8bfc2f6d24465,110,109,v2,1090319363613338489,,1200724539115091697,-4167824909675990,60252289974877824,64420114884553814,-6.469757027203502712
1,2077,2025-03-14T02:00:11.000Z,22041994,0xc58b62faf6977ae13392498d1579055b26a56ff6fb2796ddb36e334c5a876b25,0xb1b2ff0cad70205a24ab3ed2c93066b148e3ae4e5bbdbae845a8c30f3584950c,104,103,v2,1106282104710036096,,1200724539115091697,-3593061120048962,56659228854828862,60252289974877824,-5.963360266551010528
1,2078,2025-03-15T02:00:11.000Z,22049148,0x32cc7c04fd96a8f1bb31993f3702c4a6171a01542ac5880452815fb6a1581644,0x4ff52d45deace27f4e77b13cd97db63df6ef6a19c3fc3e0e9d8755619e746e89,2,1,v2,1082110368474844288,,1200724539115091697,-3779163625020480,52880065229808382,56659228854828862,-6.669987752045438394
1,2079,2025-03-16T02:10:11.000Z,22056369,0x61a0fbeda0293f1eb4c73396def46696454163fcf0678cc953253e652f803a0e,0x922a5ff2136f98493097af29b1ad4a8ba34f86ae76c777cb268fb725bc797e06,3,2,v2,1088569975856847557,,1200724539115091697,-3446223995503282,49433841234305100,52880065229808382,-6.517057005369677102
1,2080,2025-03-17T02:00:11.000Z,22063482,0x4f10d4a5b61160c2e0ec5e1bf9852d025fdc81cb234e99847f24f68cfc813a81,0xc4d3486f9097d40718653ce4a804dea5006b725d7cc87640d2170a4ace29df6d,241,240,v2,1171616237595424230,,1200724539115091697,0,49433841234305100,49433841234305100,0
1,2081,2025-03-18T02:00:11.000Z,22070643,0x12d6d28ceef225658bf000ab93ca85ad3256bc170b1a275825880dfa7f41a398,0x5154a62f13d237332e8912db7c28329b8b0b05d3144c9d8bd2470fb1db96ca75,3,2,v2,1283610073686596419,,1200724539115091697,1961173416642925,51395014650948025,49433841234305100,3.967268914724655124
1,2082,2025-03-19T02:00:11.000Z,22077796,0xf52d681aed299e63d4d8bed6a96879d84014fcc5dd9c2a245ee179f176113c4d,0x3aebfb4e8f152e2552c61b3ae788d4d2fcb9538857fdf63b7c1b252a08a4c8d6,37,36,v2,1245498274575784378,,1200724539115091697,1393393091842878,52788407742790903,51395014650948025,2.711144458866645488
1,2083,2025-03-20T02:00:11.000Z,22084952,0xc001ced62867902cd38c7a5ecb3e341bf65b7fa85f41b97564679a63ee2499aa,0x7c0f5c7e1dea87dccd4028d6e5c5934b2cc3849f624f9bbbff4594083e6dc7c0,277,276,v2,1269465830020980910,,1200724539115091697,1893566888545661,54681974631336564,52788407742790903,3.587088471718978277
1,2084,2025-03-21T02:00:11.000Z,22092114,0x0fe2a30dbf5e9a74f3b6ef83fca266dbea7202ad98ab9de16fb3c120357efd2a,0xb55f3fce6542212cba24c672dbae0e44571d55365dfa6961f701bcc775a23310,20,19,v2,1258294929903840117,,1200724539115091697,1764181025117143,56446155656453707,54681974631336564,3.226256983240222849
1,2085,2025-03-22T02:00:11.000Z,22099295,0xe913649e354c2dcfab2e8855594a1a71a22a95a8e91a964f7d0f37d6bed90bb8,0x451575130ec19935f9dacf72b91603b0fb2d1d74fa6ea530fc5b46a47ee31bef,90,89,v2,1218748822774110204,,1200724539115091697,0,56446155656453707,56446155656453707,0
1,2086,2025-03-23T02:00:11.000Z,22106461,0xede15bd235d07bbd2d4f0aab435cae8c2d9287cb772c2a4256dbf2052fc4358e,0x6a3ac865a84c796a91ef4577bd07c0741f8b1bbe9a81ebe50d03fe29417d89ea,49,48,v2,1233458413342885196,,1200724539115091697,1177652997662369,57623808654116076,56446155656453707,2.086329855357870388
1,2087,2025-03-24T02:00:11.000Z,22113634,0x7fd215b867efaf5b7a3de3034a5668b649957b140233a4153985235f045d0c37,0xc36339c7e58bf5b7067f535fe90ad2ebd4856365e8adfbcbf343df88bf725868,110,109,v2,1233640681465430906,,1200724539115091697,1202222723745116,58826031377861192,57623808654116076,2.086329855357870513
1,2088,2025-03-25T02:00:11.000Z,22120796,0x394c34b157620f2074adffdb7ffc247d7fb8953082a0e4ad96b9e3ddb69304c9,0x10fa2bab86c602d849df400966305a2724b36f992094f4d17eb4ca3430887bda,429,428,v2,1217704261559415171,,1200724539115091697,0,58826031377861192,58826031377861192,0
1,2089,2025-03-26T02:10:11.000Z,22128000,0x7273fbbced07c037041fbd0980847689632f22d5a1afc911cc5ce2de8c998bd2,0x6d414470a4619191008a2ff1d5ee6f37189a78fa02a8a30fc25ce3934b9cebcd,122,121,v2,1226740706614322892,,1200724539115091697,0,58826031377861192,58826031377861192,0
1,2090,2025-03-27T02:00:11.000Z,22135123,0x44c65b37bd55a19e7accf7506498fa077aba72fc6edaa72b328fd84a4a3effb4,0x398bc4ff2224a3a6dd99c4eec43a71984a547f6167b5f7de5515d492c9a4ab37,94,93,v2,1214959075252892288,,1200724539115091697,0,58826031377861192,58826031377861192,0
1,2091,2025-03-28T02:00:11.000Z,22142289,0x90ace467aa586e3cdeab0c44b8af605b5a587b164576c148a4ad55911dd801ea,0x3a9dddae2635c47eac0fb3de420c75af9eefcbbe4fb88651c56dd4699d62b325,113,112,v2,1206299910164229869,,1200724539115091697,0,58826031377861192,58826031377861192,0
1,2092,2025-03-29T02:00:11.000Z,22149444,0x18550f63ea7980fb95979dc09872c6bd28240ad08b4a78c39b33bdf06f444899,0x137eb73f5a560f02937116565c1bf86ff00a0a96221f5ada37ccb2c2ca180732,6,5,v2,1061983162894877037,,1200724539115091697,-4149334578127533,54676696799733659,58826031377861192,-7.053568770388119446
1,2093,2025-03-30T02:00:11.000Z,22156600,0x1c7e6bbd6f670f634e55e2fdc1488eff7da3a199971fe908c546fd4ba3c4ebf5,0x267568769628dc4e94938af8348f3805be3a394e4105a546e1e562279d94b247,65,64,v2,969274593570049518,,1201986359617001676,-4172010576315883,50504686223417776,54676696799733659,-7.63032666658130249
1,2094,2025-03-31T02:00:11.000Z,22163770,0x3317887694a0780d58f76c7c415991fec2e09a997bc6a166be7a16832eeea16b,0xf7d101aa0942ea5a84f8a2c46bf2871f4d31c1ea781f2818467672593882af35,78,77,v2,984628278820390913,,1204896765525621763,-3840265754495898,46664420468921878,50504686223417776,-7.603781038273754463
1,2095,2025-04-01T02:00:11.000Z,22170933,0x6eb4cb2d089bf2cd83c80688260aac17f6e457304efcb6078e3e23a3a2993978,0x2505f347c1912f918b4537461e5277cc8baf3be4c298213e9cfc081246135ef8,16,15,v2,1023508965003937090,,1204896765525621763,-3480512248838079,43183908220083799,46664420468921878,-7.458599536569990542
1,2096,2025-04-02T02:00:11.000Z,22178098,0x20d9ef4b331bf80bd6f2d81c570d484f0ad710c942b92139506e3680fb2de049,0xcda35f698f0fc5eb1b255c15312a7da2919664b33880112f6c1321c411f33d8d,160,159,v2,1253137751013539496,,1204896765525621763,1222342546758653,44406250766842452,43183908220083799,2.83055100184325333
1,2097,2025-04-03T02:00:11.000Z,22185268,0x2dffa9280027c53faef1c736c31ad12aca0bc309295e97de78ab5a81e3a008e9,0x6fb3b02667eeb9c76027350238dc5f5a7bfd5c768ddc771a8bb6ac21608b3f64,65,64,v2,1201707142840720610,,1204896765525621763,0,44406250766842452,44406250766842452,0
1,2098,2025-04-04T02:00:11.000Z,22192426,0x8ad2da336099fbd3d93fc31fee8f24416dda88584fe0b1a757d7fc3f103b11f4,0x8c3363a032cd9199a7a4bc4e7b5250705264cf8e4ab48484ea7d5b8b965c5c77,365,364,v2,1082227215778066890,,1204896765525621763,-2997010584122652,41409240182719800,44406250766842452,-6.74907368302410107
1,2099,2025-04-05T02:00:11.000Z,22199594,0x99976eb4ea9b0b113cc8866f9f03e7eae2180b3d4b219c306c4164b4845e574a,0x7d60ad7f28d40497f7f33d56138ea0fcc9c584434cea6b671484b65344eaf39a,61,60,v2,1062506714714509633,,1204896765525621763,-2936864896574953,38472375286144847,41409240182719800,-7.092293612768378012
1,2100,2025-04-06T02:00:11.000Z,22206751,0x78b256becdc6af1fee19a7ef37d2c1205430d3db19f792ced321f3e027a545cd,0x843e8eb04f858eede385e35b65e4c416d787f9f71588598a8999050ccd9744e6,10,9,v2,1081279663212221356,,1204896765525621763,-2603792916810382,35868582369334465,38472375286144847,-6.767954662128939237
1,2101,2025-04-07T02:00:11.000Z,22213903,0x5c0426d275aef61e7a69d1873a4cb4cb63a33b2af515b961d519008c24f7e22a,0xb6aab00eb3c925a872dbc7ee0c85d686f00ff3e8b544415da9ada6becaf95512,288,287,v2,1089315286615573284,,1204896765525621763,-2361927744388900,33506654624945565,35868582369334465,-6.584948688711516362
1,2102,2025-04-08T02:00:11.000Z,22221053,0x700ad3c6bb3fb5b360a457dd72086432d7dc7a16bb795e8b84de59913ac9c9f0,0xa935fbc76a8f25aafbe420ee97a39658c25ce82132777d9d2329cbdefe665400,8,7,v2,1014545113844919966,,1204896765525621763,-2514637965589331,30992016659356234,33506654624945565,-7.504891173818330087
1,2103,2025-04-09T02:10:11.000Z,22228275,0x1e34127cc0448c7e60ff1f356ff5f11e848815f1cf1ddf2c87ce342202ddf368,0x5674ced2a9bf67b1ac7f4fb40c7d0cf4b9d2ca186f99f597a9a65ec3b6021ae2,169,168,v2,1121535868507053133,,1204896765525621763,-1703487972102548,29288528687253686,30992016659356234,-5.496537998240521218
1,2104,2025-04-10T02:11:35.000Z,22235450,0x2aa34400515dd0c996e6d4345ef550bf69c844411d7352cc9c0e4778b9b12caf,0x33f776f6d6f56565a58b5d8772832983b2d2847556381a43883d853fe5282091,3,2,v2,1298478720989585126,,1204896765525621763,1226765222958952,30515293910212638,29288528687253686,4.188551893673095215
1,2105,2025-04-11T02:00:11.000Z,22242570,0xf5a0408d72be2c88b9e358498ba0194ac3d6cd2c066a89062e84c02c8e9ee26c,0x8e3d905d47d8e2833bd2c003af23f58503988a4254e5870605fb78b269f15cfd,51,50,v2,1248037418903997094,,1204896765525621763,802164409707355,31317458319919993,30515293910212638,2.62872909586786714
1,2106,2025-04-12T02:00:11.000Z,22249745,0xa3c03227acabeee70b018cbc77cb544686ecb6f2bc58686fd51c124d3ee7622d,0x97be4cb516a75f11220d07ae73079048a6e90a51ab7c437f48c30d417ff33270,91,90,v2,1224178601154290812,,1204896765525621763,0,31317458319919993,31317458319919993,0
1,2107,2025-04-13T02:00:11.000Z,22256920,0x6388ed38f1e468aff9ff03fb1879f420fa1339869ffeaf735f6a397311842875,0xbdeb18f24ac078a5846787be8edd3cd551a6624978bcd163bdbf151e2954ab16,26,25,v2,1313667052627585799,,1204896765525621763,1386499475536124,32703957795456117,31317458319919993,4.427241385212342809
1,2108,2025-04-14T02:00:11.000Z,22264098,0x42da821fc276d57e4b958b7631280551cb2fef531aca8beb52f9c15748b67960,0x38900dd71092aafa531856e23230f1aa73e86f3bd97335ce564f931d25d90b88,206,205,v2,1299715480028004787,,1204896765525621763,1375152666667925,34079110462124042,32703957795456117,4.204850909081678504
1,2109,2025-04-15T02:00:11.000Z,22271264,0xcac2027af4add5199a4c068db6f99e5ac72cb146481980692f38a306b4479e3a,0x61fae7fe07a577f477c605c5847493a13f890471ef4519a5a5ac15a5e074e207,89,88,v2,1282662726355330215,,1204896765525621763,1307636737872010,35386747199996052,34079110462124042,3.837062411958593072
1,2110,2025-04-16T02:00:11.000Z,22278424,0x0f450c1bd82a2f913775214af632f30306270e748e1293ae53f41f3701acadc1,0xd261657b1bdff1f1bb60f3f93aea0670cab66e0e19100e7920d80482cfcf8388,113,112,v2,1226731566239910701,,1204896765525621763,0,35386747199996052,35386747199996052,0
1,2111,2025-04-17T02:00:11.000Z,22285596,0x2f7f38c64cf4648d054c0ec8120a057f1cdba0efe80b99491abde93a74a9f15a,0x8ab06d575073dc2651e6b32eb88870607f949a6105560549cc1210d1bd7d7099,13,12,v2,1120305545839047431,,1204896765525621763,-1972571000878749,33414176199117303,35386747199996052,-5.574321340501647108
1,2112,2025-04-18T02:00:11.000Z,22292755,0x1b4cc91c9cd66eadac5eb970e3f03531f11cd2391a43a0c125b9a84fdcf360d4,0x7e2635049aaf55575b703ccd35900c3207c1ff7215f75eeef3bf5a23e72ded1e,11,10,v2,1163239352792508863,,1204896765525621763,-1034671603531813,32379504595585490,33414176199117303,-3.096504900692855494
1,2113,2025-04-19T02:10:11.000Z,22299974,0x68fe8c0fc01c48e23e1bcda53000349d9969fbe131c8163a46df0e15b3771da4,0x5c65bcf675001635964a41571f70f1b0bffd000e8920526399b82f3b3aa8d94f,242,241,v2,1214447282661992289,,1204896765525621763,0,32379504595585490,32379504595585490,0
1,2114,2025-04-20T02:00:11.000Z,22307088,0x90b4a777075431fdd8650a84ff1080ec282e2e5de934a98e30191961ff591b71,0x2b1e151fe9fcb6c6266f64cfda7ff5f613d55e91ca835d677c5638427cd97b99,98,97,v2,1209345846154303788,,1204896765525621763,0,32379504595585490,32379504595585490,0
1,2115,2025-04-21T02:00:35.000Z,22314249,0x693f1c691d82ed10e5710d8c22a8a77af324c97e9c50bde411007cb252dc452f,0x29b5641e0dd669b62d9ca67d2a3201e2c0b0afadb719b49833f224f2aa1e3b7c,533,532,v2,1171317309584447232,,1204896765525621763,-812891758754261,31566612836831229,32379504595585490,-2.510513267287875242
1,2116,2025-04-22T02:00:23.000Z,22321417,0xe7f083219ec088b5311bacf88f409aa9158118ccc221f7f6f0d300c54cb5ae23,0x25787d49bd115b5689ca41967a593538a8cbdba46d11e264f12cc800709c5fc5,18,17,v2,1275320214200817857,,1204896765525621763,1149207549852934,32715820386684163,31566612836831229,3.640579227784819306
1,2117,2025-04-23T02:00:11.000Z,22328586,0xa545ff83b25f039ef998519c9d35598fcf768652e60e8f7ca24424f11d18b977,0x12f020810832ef928ab407437484c32c8c7541469c242df4bfd6cc34faab0ffe,19,18,v2,1260724412222737750,,1204896765525621763,1033528686503872,33749349073188035,32715820386684163,3.159109795469270613
1,2118,2025-04-24T02:00:11.000Z,22335750,0x41074521c7dd3587d12c52bbb75ecddf9266c989f9247478908e9433154b8ed1,0x4e1d424ddb7a42c158ad98db763a87d7354f2b69428e83a4af5878d1e927268d,41,40,v2,1338911730278166139,,1204896765525621763,1579861778523400,35329210851711435,33749349073188035,4.681162220632313101
1,2119,2025-04-25T02:00:11.000Z,22342906,0xc6bd4912e5317cb61d4c5e3644b4ea2d64ff7bacd7d30340bfffe3950099fd7b,0x828f961c2ac6014ebca57640321959ecfc9c7efe20be932e31d971b33afd1955,388,387,v2,1233052833182164655,,1204896765525621763,0,35329210851711435,35329210851711435,0
1,2120,2025-04-26T02:00:11.000Z,22350080,0xf339ed52fc0f0669db2f6da2bd338041e14dbc5cb780add293bd05081d67b019,0x3a693a6017e2dbbc35175ffede75b9c3b035ecf654d3cc3d347dc50306a256c2,237,236,v2,1239186862936560809,,1204896765525621763,771043872366862,36100254724078297,35329210851711435,2.182454274461980272
1,2121,2025-04-27T02:00:11.000Z,22357258,0x2c1c587f7063624d78db35da41e7f824611586770aa0f5e13b4e3da6b347607d,0x497f03adef27a4c12b00a97806e44e541363fc0021ee338223532988333b1018,258,257,v2,1240199540655019305,,1204896765525621763,804912440046458,36905167164124755,36100254724078297,2.229658616534897124
1,2122,2025-04-28T02:00:11.000Z,22364438,0xcba3cbe3eb174ea6a0d7bed6aa6245bd2634b9e166fa64ead3cff122795c1f2b,0x938514a89cf74134ece0cf42c3c4e8e6b319ea9674b03fd4d1b1adf2c9a1c601,60,59,v2,1229484996087465402,,1204896765525621763,0,36905167164124755,36905167164124755,0
1,2123,2025-04-29T02:00:11.000Z,22371596,0x3afba4599c6ff536050e7cfbfd348bc6196f727c5cdc9522b7a54ed6c6167c28,0x043ee8063a8cefd2604ce6ba02057c225df0642fed006cebed3399c0ad20aa3b,129,128,v2,1196527128060673702,,1208492067619826760,0,36905167164124755,36905167164124755,0
1,2124,2025-04-30T02:00:11.000Z,22378747,0xf352f608d7c15c8c26b5928af6c4fef6ee798189f3682493f13264c0aa420f8e,0xc49020c1e2d266c532cfccf997bb575de5d186ff65ee2c7b9ff25d9a37b9a2dc,281,280,v2,1205782976822431901,,1208492067619826760,0,36905167164124755,36905167164124755,0
1,2125,2025-05-01T02:00:11.000Z,22385891,0x9d2445c1dc59f3cbec856167ac27f498fc26318031066550e38e0c78fe464279,0xc3b482512903707536ec60114c336896ae17182c883be163dc3c6a288d64561c,44,43,v2,1173279276146628604,,1210438784307319999,-1023810403440562,35881356760684193,36905167164124755,-2.774165468178127258
1,2126,2025-05-02T02:00:11.000Z,22393022,0x8c5b0c402e4ac045d8a547da6221ee44ed05c07915e0835535f557c3fe43565f,0x9a8880ca6433578a667edf5b9ee1aa31cc43fa358e60c2e669cb56b90d73ee5b,186,185,v2,1230157461193044983,,1210438784307319999,0,35881356760684193,35881356760684193,0
1,2127,2025-05-03T02:00:11.000Z,22400139,0x6fb0b3d7fb6125a4544af7df42ba4196ecb241efa63239847d554f5533eb2383,0xc5b0b65ae429d0cacc3888a8198a03783b2254177c33ce893f2bfc0562f80d40,3,2,v2,1240720152722547818,,1210438784307319999,695334939416244,36576691700100437,35881356760684193,1.937872483623958739
1,2128,2025-05-04T02:00:11.000Z,22407287,0x2a91a9bd57035f426f1af1a5070a7c9640dcbdb54f55d73c7c96494bdab69fed,0x0970a276658ad3e472ddf0b610f226857513bb0d03b08d1926e1b5ffdea6d193,96,95,v2,1210052493700651431,,1210438784307319999,0,36576691700100437,36576691700100437,0
1,2129,2025-05-05T02:00:23.000Z,22414421,0x4369d808d3fb1ae54a5e459f16e92f5ab6c7c9197d4bf1f7cdb05fd4dbc94bbd,0x8c1227ad7a41ae82727aa2e68edef58102fc3ec0897ce8c1578c96f8ccad6e83,493,492,v2,1216784378483181190,,1210438784307319999,0,36576691700100437,36576691700100437,0
1,2130,2025-05-06T02:00:11.000Z,22421556,0x85ebac6f84cc62129f31bc76b2a51747ae9e5d5b37bee21fe054990ce21fedfa,0x273f300be10ced22c7301d7b7f3def60397b2f7fd44a8d9da0fddca7553b8d89,763,762,v2,1208982741935107609,,1210438784307319999,0,36576691700100437,36576691700100437,0
1,2131,2025-05-07T02:00:23.000Z,22428684,0x17f69833f9e90e241a42d2f3c13c07df39f6d75b058b52af7860bdfaaa8d8943,0x43d84f8fd824da8316c0df7ba1ba7d3609ea9d9a9859faefaf830b8b51b6227c,278,277,v2,1199866597730761000,,1210438784307319999,0,36576691700100437,36576691700100437,0
1,2132,2025-05-08T02:00:11.000Z,22435720,0x83b12020705d4dae598a70337569bfad4a64385c523c1abb9382c0ea2116476d,0xc8e53a46d7195b898bffe0dc2b808026dc7377e4aef12b09263c436b25470a24,65,64,v2,1234620549584253513,,1210438784307319999,0,36576691700100437,36576691700100437,0
1,2133,2025-05-09T02:00:11.000Z,22442817,0x4631972e9433f64af1012dc3772f08bd1d2e48ac190fdb6d58867f37a10b38f1,0x8b7ae6e026cd17c6c61705a5bb122d77ee4897b2078e166389518c2d2b7f4cb7,97,96,v2,1284195809296316217,,1210438784307319999,1359728075824624,37936419775925061,36576691700100437,3.717471462354508904
1,2134,2025-05-10T02:15:11.000Z,22449964,0xf70e0df78205344c3f7fab41476df49491273a4533f3823d20beee54b5370df9,0xa6a5672607257fb8a55da66cfd04163875cc327cd84b44d8e3afc4a77cd75cac,28,27,v2,1258065157631736601,,1210438784307319999,1058922295982686,38995342071907747,37936419775925061,2.791307936376989594
1,2135,2025-05-11T02:00:11.000Z,22456991,0x28ed403a44984d37bc9ff6c3ab0e36c735510161f13706cb9d5e6605c09cf8a3,0x4a7a14369f04fbfe015b6c1124e8f40aedb0b25de49d0e7969d56eca4c0fc950,52,51,v2,1287163283125032418,,1210438784307319999,1487272798808391,40482614870716138,38995342071907747,3.813975515500920945
1,2136,2025-05-12T02:00:11.000Z,22464101,0x996ad0596a9db10832070695347b5a2ae8b4502ad9ed607a53af342cd1a64f9d,0x282c84ed70d82b4d559972ed773f1a8648fa842b975ba2803e5416bb90c6c841,113,112,v2,1264594357321168701,,1210438784307319999,1250858169364333,41733473040080471,40482614870716138,3.089865052835716938
1,2137,2025-05-13T02:00:11.000Z,22471199,0xa58c7b2370f97a9de4a758d223164c90b653768d60a04449ef86faca05a184e1,0x2bd2c2b5a406b762a36377a23d266bff2a3bb55df31a3e250b39dbc354dedd7a,195,194,v2,1221236637789653768,,1210438784307319999,0,41733473040080471,41733473040080471,0
1,2138,2025-05-14T02:00:11.000Z,22478309,0x8d01d75e099bafec12e01dab66991c473eaf07a680ab5897c8e8bca277f15c32,0x152ab4fb708fd47ef4a4fdb62d750d2ac028c3805ceffa5c7f659737e083167b,53,52,v2,1249316902146912805,,1210438784307319999,1006922197167057,42740395237247528,41733473040080471,2.412744791692791835
1,2139,2025-05-15T02:00:11.000Z,22485413,0x1e13d244770dc2857374eadfce8f1189c4b5e91981adcfb63df193a55ddc3078,0xb1572f721ed2626b3cb3fc262b9fc00667b8b016991092ca31b2f2457a1d9351,203,202,v2,1239331603425791630,,1210438784307319999,0,42740395237247528,42740395237247528,0
1,2140,2025-05-16T02:10:11.000Z,22492580,0x086858664d6f14c6579d972a883006c4be1d92416f5bbe7aed50e2ab77ab5070,0x8c579dbecdbf7acd97e47c17a49aae3b81223cd013ac37d9b85ea8862890134d,329,328,v2,1206475562919148747,,1210438784307319999,0,42740395237247528,42740395237247528,0
1,2141,2025-05-17T02:00:11.000Z,22499645,0x89a04d3da0d3365fb032cc4ab64c0ec87bb436ad7e6d96d8f0ab18603d2d12ad,0xfd97fc9104e8af8c4d9d82087eda9b119e29e9566c3ef5aecd501c6120e17ab7,151,150,v2,1207642711895134735,,1210438784307319999,0,42740395237247528,42740395237247528,0
1,2142,2025-05-18T02:00:11.000Z,22506774,0xf009c120e590765929d45d015a7e064a0e0e436feca97b3b98eef45640e8a11f,0x9ea05c8972072f5f0404c757393a07699d2905061cf1662d164c73c27058d584,302,301,v2,1155657980162638425,,1210438784307319999,-1685952725473592,41054442511773936,42740395237247528,-3.944635317748098069
1,2143,2025-05-19T02:00:11.000Z,22513895,0x993a807b61c718b4316da27ab2d25efcc1eaab4a059390af7a0a1af1a75bd0e2,0xe4e20f7f071908904298f72c52b92853905f65acf702e2c4afaa78b5e1429db5,351,350,v2,1169725772344748842,,1210438784307319999,-1245077277336614,39809365234437322,41054442511773936,-3.032746765418968572
1,2144,2025-05-20T02:00:11.000Z,22521024,0x606bb9d73fca400061144deb57afc00ecec63b780a8f454090f3a2877264fb42,0x2b415c1ee0202718de94891f1aa313ed0ec84eb02753dfdea00bafa96a1c4779,139,138,v2,1144738988309992017,,1210438784307319999,-1828839027025543,37980526207411779,39809365234437322,-4.593991931937400513
1,2145,2025-05-21T02:00:11.000Z,22528152,0xfb2a4c17a020f6351386a32f09d3ca1b416911adf252531fbff2cac1a4643ef3,0x73cf64e79e8af8d9d7c8bdfc24ca06f5807bfaa26e7b26a0d44b937bb513a8e0,897,896,v2,1090086896366055470,,1210438784307319999,-2541012688060343,35439513519351436,37980526207411779,-6.69030406315032162
1,2146,2025-05-22T02:00:11.000Z,22535295,0xd36d711d483a3180bdcd37e1d355961acb661cadb77c5186bc3cd11c1e997f44,0x7e7948f93da711cb31cac8f3f8303945ea57f2ed6e2ddbd020749011d42b0ba5,122,121,v2,1073105365361841959,,1210438784307319999,-2485201754643793,32954311764707643,35439513519351436,-7.012516560891193796
1,2147,2025-05-23T02:00:11.000Z,22542446,0x893997a8c137f5478a6551dc564d034d9f4b24585b50669800e553a5111bbb2e,0xcafa4aad5b27534315acd3f15fb2471063f9d28afa3c238eca4810785041f96e,102,101,v2,1021399771875397327,,1210438784307319999,-2468939024178754,30485372740528889,32954311764707643,-7.492006028852526406
1,2148,2025-05-24T02:00:11.000Z,22549589,0xf79b12042e03cdec5d7fc93be245701d2a0c443c75090bcfe8ed4f47854ae7ae,0xcea84d3dbae957db7dff097bc7c1ce566e21e82da8abfd4f2f44fda690303046,169,168,v2,1087855970986455011,,1210438784307319999,-2057480268802838,28427892471726051,30485372740528889,-6.74907368302409968
1,2149,2025-05-25T02:00:11.000Z,22556727,0x30d0a345e5b0c4170298fb367210efb5b142be8444db5998eb2a86d528ecc8bc,0x368bdcd0d71b6f51632d967aa3a840c9d413552b8d0d8e2236300cf5f786e958,111,110,v2,1183118868526071690,,1210438784307319999,0,28427892471726051,28427892471726051,0
1,2150,2025-05-26T02:00:11.000Z,22563857,0x5f16cb860763aac2af081272d7765003a5acb4ae9178384035c8d1a09d2ec4d6,0x66b9bc3947f2820a2fa3eda83ab4d46e547a1f6df74e381c199a3f99e949ba3b,48,47,v2,1168651669827992117,,1210438784307319999,-880271083550692,27547621388175359,28427892471726051,-3.09650490069285374
1,2151,2025-05-27T02:00:11.000Z,22571000,0xd4b874c0940ce61681c05f245546cdcdb852bf052bab570ced9752d5b02f7a5d,0x03747c2eec83ca47e73a76dd5630df98e65c5e117479742e0fce304997fd4a02,196,195,v2,1213662002011392571,,1210438784307319999,0,27547621388175359,27547621388175359,0
1,2152,2025-05-28T02:00:11.000Z,22578154,0x46f84431de6c1aecc520e60b685e69af95a2a7523a14ef0aa49a63afc69e0c1e,0x5da7853c99b460f439cf6d3208d0708eb30e127f37fbd03f1a2f59cfd1b30439,202,201,v2,1270582106264716846,,1210438784307319999,906685973011154,28454307361186513,27547621388175359,3.291340331112373928
1,2153,2025-05-29T02:00:11.000Z,22585288,0x8c827049ae58ec3c7a3ff8cc64202773fd31b8ec2a020f2920e5209f9d69f0b2,0x1fa195519f7f6c09a1fb588dc5904ce1fdaf07f20fee2c33fa77a99fa30454c2,131,130,v2,1172680172787394064,,1210438784307319999,-789369569023303,27664937792163210,28454307361186513,-2.774165468178126709
1,2154,2025-05-30T02:11:47.000Z,22592491,0xc7f47ebc9fe5e0cf6b31cc12db2d1ea0f9f041bb487a5aeebf26a9f9a4939bf1,0x8d77e3cc7a84a00b2948acf10b0c014f42cc9b8ad891c5b1f264163e19297334,632,631,v2,1190834018517234410,,1210438784307319999,0,27664937792163210,27664937792163210,0
1,2155,2025-05-31T02:00:11.000Z,22599588,0x72558866a02dee16be6d90673ca2813407fdebfa37203d89ad4e5f2d569b36f6,0x5ff185308d215499a925c15f37397923909c7910bb502da8d682490c1b1d8a1f,100,99,v2,1132345527069040782,,1212361328188263329,-1475718970570302,26189218821592908,27664937792163210,-5.334257324765561354
1,2156,2025-06-01T02:00:11.000Z,22606736,0xa023f6c222d9cadca7cdfeac0b3a56d29a20cbf05993897de683c3d50502463d,0x6930c75e7cdc84bd5b2156c49378a37ed03ba163490b504cf61c7eb34f4d0804,36,35,v2,1141568500826000919,,1212361328188263329,-1280322748290638,24908896073302270,26189218821592908,-4.888739740625699478
1,2157,2025-06-02T02:00:11.000Z,22613879,0xb16ec1e74dac69a6bd41d3f5343be90e361e174676993e6f8fa4baa01efd7771,0x229b790845cb70d0f4be4b11d9eeef7e8fc6653583883f2e37f2faba23895ce0,113,112,v2,1179719589951373790,,1212361328188263329,-608750478355939,24300145594946331,24908896073302270,-2.443907897662341335
1,2158,2025-06-03T02:00:11.000Z,22621011,0x9c1e4f07bbd1272dea51a1a8a1ca686e81aaf0146e8a062b490c3282735402a6,0x5912c836bd21901840d07403b2ca139bbf08f4c53f4c49023f910dac755a1fe5,31,30,v2,1100070966995112767,,1212361328188263329,-1577957774406345,22722187820539986,24300145594946331,-6.493614485727652521
1,2159,2025-06-04T02:00:11.000Z,22628161,0x9f1534997d644e6cb6c04f1fddc101d61dcccc788a0e91746ef1244f385a28c7,0xb01b0f414ca1758122bcb94d950f66b5f5beea20b99935efad65a672bf106fa8,103,102,v2,1106299829537446014,,1212361328188263329,-1435496670538869,21286691150001117,22722187820539986,-6.317598824006001244
1,2160,2025-06-05T02:00:11.000Z,22635301,0x432ab5bb20e2d06086c689324ae80f95ff505fa5bd7a75575fcabbc04886fe3e,0x0248049d8dc748917074ca575eac39c2b0a4c31273a2aab2bd4ce642e385530f,181,180,v2,1222796143045094110,,1212361328188263329,0,21286691150001117,21286691150001117,0
1,2161,2025-06-06T02:00:11.000Z,22642440,0xc574311314d700cc1bd134c991b37b6a253e16554e7811fa4e8953df74e01c28,0xd59fe5e783839d1228b3874b68178bd634b5a256b11b3aa902a81146b4f496d9,518,517,v2,1345192458109339024,,1214283872069208239,988917690341476,22275608840342593,21286691150001117,4.645708829863978683
1,2162,2025-06-07T02:00:11.000Z,22649584,0x6934541403fb3b516ce95bc33fa97fbef86763c52991b12d48ebf32bb5d52d26,0x95cf88cc0cfc3f067c2b9ead9e6bbb96d3c2e90fc7c7681ed491f7bc4cce3ef0,26,25,v2,1306227657124818496,,1214283872069208239,921713408958769,23197322249301362,22275608840342593,4.137769771255299571
1,2163,2025-06-08T02:00:11.000Z,22656749,0xf41925e2f1a861eb9c46c5006c327dba7f38461ba1be3e670d2352f72baaf3b8,0xbb2d559bd6954a49fa42a50acb61234fd321c119cec031cfcaee49e8df332779,3,2,v2,1326951614251971018,,1214283872069208239,1035006503661069,24232328752962431,23197322249301362,4.461749906035988616
1,2164,2025-06-09T02:10:47.000Z,22663956,0xbd62abd35b81233e342bf3010602dcf5ae131e2cf386297f67bbf104177f9493,0xc610f20e3f1d734c81a3799f7e43156786e4f4a8b93f6ac6e6e7a10e81b4ed31,3,2,v2,1322707223233283543,,1214283872069208239,1069924448420548,25302253201382979,24232328752962431,4.415277043027688637
1,2165,2025-06-10T02:00:11.000Z,22671048,0x54fe3e65c45eedc1b5836d75862f660577e9cfd3526f76f087fb7afd9f23d85d,0xa123e25ea6e5c23818cd614f175a698cdfaf3483fed3abd08f1a2ceb2d627542,152,151,v2,1266206677882125760,,1214283872069208239,754512190585785,26056765391968764,25302253201382979,2.981996048259230213
1,2166,2025-06-11T02:00:11.000Z,22678201,0x12a18d5817828f3a536f82119d335c338f6249a706a65be759f8ea9e286915f5,0x030ed7093336d4a03c9e9949e252b95f91b324a2a6e98b08e769725a21238a45,208,207,v2,1315074432715505682,,1214283872069208239,1119500240837651,27176265632806415,26056765391968764,4.29638991638887079
1,2167,2025-06-12T02:10:11.000Z,22685406,0x957d93f96ff3792c6ba2f77c20cd588fd97219f7d3d26a87e8f878ad6d082c8d,0xd5cf734df27fbead7dbad2c6ca42c6b8ed3fe88ab062adcc4c8aa112cb7197a3,3,2,v2,1360357542979932849,,1214283872069208239,1291612214886071,28467877847692486,27176265632806415,4.752721482553046091
1,2168,2025-06-13T02:00:11.000Z,22692519,0x3c4492dc5a4cb9bee0dccb9b9b98688a1dc5da7b18ee8628b0c97244eb111957,0x0b129d6bb6324dc1f2034e99d0f4a36164814c121acbe9b4e127ace8c2bc7a08,3,2,v2,1294335682259866111,,1214283872069208239,1105130671615418,29573008519307904,28467877847692486,3.882026884926360304
1,2169,2025-06-14T02:00:11.000Z,22699669,0x73dac022c9a19dd15754904c2543da04a5477c42f66624f8972c4670bea2c3b3,0x8357646c6d8a4d35a9a4bd52ab6e896fa467a99e3e8271e5099a562a393a1004,254,253,v2,1260588357080288009,,1214283872069208239,813703274173248,30386711793481152,29573008519307904,2.751506576146927194
1,2170,2025-06-15T02:10:23.000Z,22706883,0xc399fff8e2d758ff968415288c30115db0f3f748b568a9739949ea69c9e67a39,0xc081144e475ea447be1595dc089fecb9b3dc3ce0a655aeb14fb2a1d309d4a589,415,414,v2,1238193328117171363,,1214283872069208239,0,30386711793481152,30386711793481152,0
1,2171,2025-06-16T02:00:11.000Z,22713965,0xcffee687a6a92afa8196c94eb1a052dcf75cf5ea95c9a62f8062142a65a10440,0x5885c6f73ca9ca6cb32edb5d48bf57e2defb552d3b0f7fbd9b287bd9ffda8aac,401,400,v2,1218991120873719324,,1214283872069208239,0,30386711793481152,30386711793481152,0
1,2172,2025-06-17T02:00:11.000Z,22721110,0xcb052416550d30917960ef0d38aaff15c74af85e1407dadf027103e3cbf4bf06,0x09317bc79cec2019316b2a2519abb0cad5e6e02a661a6ff8ebb41e236d563147,180,179,v2,1309203452656261644,,1214283872069208239,1277715927088222,31664427720569374,30386711793481152,4.204850909081679049
1,2173,2025-06-18T02:00:11.000Z,22728249,0xf9f3657838f7fae34ba22d99e623d2a549a14fd8da5a21bed7c410452be63f0f,0xa587e835f55c33491ca50f3daf833703e28771d73ce3baddc8cbcd4fa8deef4d,234,233,v2,1281713630469165407,,1214283872069208239,1118313317903740,32782741038473114,31664427720569374,3.531765449142407699
1,2174,2025-06-19T02:00:11.000Z,22735404,0x4fecbd8d99e31bf37b9f49735639296b4bf6c02492f401b6efcb71a3bd4398f7,0x3b054e24119c2f4e101741279a2c70ed3a0159e34c0b52a9d865d34078313f26,166,165,v2,1245272372265609973,,1214283872069208239,651696486405943,33434437524879057,32782741038473114,1.987925554001497725
1,2175,2025-06-20T02:00:11.000Z,22742566,0xbf67633776ca2c8c7b0c879c4c1e4a81ec0ad48ba0b4a88ffb1085daa9af7109,0x5c047afcf8ff48248359fc49d54a4200995d27072d8035f6ecced9e12751ae1e,38,37,v2,1224335231259370359,,1214283872069208239,0,33434437524879057,33434437524879057,0
1,2176,2025-06-21T02:00:11.000Z,22749713,0x837948aa96b34b9e44de6793149d29e0f22551a2ce47a2e80d55d6799f8b01bb,0xd07bd6af4f7524570fd8952cfde54fd90dd5c37d887d3662309dbb18c7bde887,106,105,v2,1099207179921728002,,1214283872069208239,-2194208093651653,31240229431227404,33434437524879057,-6.562718729809378328
1,2177,2025-06-22T02:00:11.000Z,22756864,0xa50dba62b323f94001bfad61344bbfe9fd9e76d773efd9bb310a7cdbee87a554,0x7faaea4f7675cf53a2cc0ea2a62681db9eabc6fe302afb5b26638b1048a7ab36,10,9,v2,1025863887106911100,,1214283872069208239,-2339120848064345,28901108583163059,31240229431227404,-7.487527750760320792
1,2178,2025-06-23T02:00:11.000Z,22764011,0xdc0d11113bdf868493540674b3b65f9cbeeef6bfab74d3e2e34b890acd8a0014,0x23f07f9112281bc198973ffab07bfa0d7b98e664286ce51ebf9135843b4b5798,11,10,v2,1002846359588444836,,1214283872069208239,-2190166941594270,26710941641568789,28901108583163059,-7.578141631806460308
1,2179,2025-06-24T02:15:11.000Z,22771237,0x1dad75d4a41900246a5e31dd73b43463e744a9607928d4aafa4ba7db8c39c43a,0x006d1ccd282068973965882af475eb0dccec3625e95d866222522ad56dd79089,235,234,v2,1234789717256708138,,1214283872069208239,0,26710941641568789,26710941641568789,0
1,2180,2025-06-25T02:00:11.000Z,22778330,0x95be896c3cec984f927d182ca1b0343481f8608a5b35d201c8ccd5870ac08dc6,0x11b02c4b91e36bb1938fa36d5a28f80c642f928f96d9ec5f6802df4139ad0b0a,658,657,v2,1279763688179253105,,1214283872069208239,928090095821728,27639031737390517,26710941641568789,3.47456899227166049
1,2181,2025-06-26T02:00:11.000Z,22785492,0xee7d3ab37ff34dd85b22291c57942a62eeddf5f80c08073a54fcc1eafa558e9e,0x1723f7354d25c7122bb1f55bef84b41b2c0ae0573b88a8fc5bf213e254eb7eaf,141,140,v2,1252018822797280283,,1214283872069208239,641874578495598,28280906315886115,27639031737390517,2.322348281207188496
1,2182,2025-06-27T02:00:11.000Z,22792650,0x080f79cc79cc57e91637bfae0a3e586eceb97dfba35397743dca12a2f779ad05,0xdef395337cefe09ef2c7f7ae0c29f36b8789a5fb1144d95d73d36d298fe01809,8,7,v2,1293046261251126846,,1214283872069208239,1091570700468013,29372477016354128,28280906315886115,3.859744409445780612
1,2183,2025-06-28T02:00:11.000Z,22799807,0x868690ba5df5ccc1e2ad66049447c5a040b1fcc0ddec2059c0528c54cd19e394,0x0013f9662b8781ddd842b0a1dd5c5c2d37172198496f1c65695e5e9d9fa58db7,139,138,v2,1237190391975713776,,1214283872069208239,0,29372477016354128,29372477016354128,0
1,2184,2025-06-29T02:00:11.000Z,22806969,0xb54707d3aaa6cec9ebdcb307f8c9e2482ce51775163926404c04132c9610acec,0x578c614a11591a6c3beef21ed737095be0c6bf4c7c1d6830b01dc5a63a3d2766,35,34,v2,1236149834578395750,,1214283872069208239,0,29372477016354128,29372477016354128,0
1,2185,2025-06-30T02:00:11.000Z,22814110,0xb614232fbbc47f882e5b6f947116f81d2faaaf4d6738a3851f898af5cea1b1a2,0x8f34ba77a7f0828f3ee0562b7dc939b734ae6906a768f77d1c87ca348b4cc4a5,179,178,v2,1260966244393655069,,1214283872069208239,808185636682229,30180662653036357,29372477016354128,2.751506576146928611
1,2186,2025-07-01T02:00:11.000Z,22821271,0xcac7b1e02d55f3e3d8b3e0ea749fbf6551458d5f8ff2713c6afdbddaf7d876a0,0x9a4b839e2f12ed1069a99915328dac58cb9661c4bea062b2ed7f94c1426d9135,44,43,v2,1236021184211939508,,1215286237780814997,0,30180662653036357,30180662653036357,0
1,2187,2025-07-02T02:10:11.000Z,22828470,0x00313516874e802b5b1de4dd867086c7188937284ad7133b36042a38e85dcb4e,0x0063338f07b5a50396becf1e56d7866bec1a3548b0b616ccdea22ffd70ebb6d1,121,120,v2,1183639123194182639,,1215286237780814997,-697162608787416,29483500044248941,30180662653036357,-2.309964551813037245
1,2188,2025-07-03T02:00:11.000Z,22835575,0xa715c80cc8e047fbe8322c8f7e110a452e0b0b9ae65aa577b400c892888f415d,0xecba854fcc73cb773d3d5f5324bfe260f99bbc88ee30f6c47d30f008a2f0bf0f,308,307,v2,1189638285199484635,,1215286237780814997,0,29483500044248941,29483500044248941,0
1,2189,2025-07-04T02:00:11.000Z,22842728,0x44f14c0286792da702d8a84916f67a8538db68440436bc957d7b7662d0a5c915,0x3e2ba9d996de0f001c1ee5b449682bc6389d53c9b04f6066c3769fbec47f403e,158,157,v2,1228131027720354166,,1215286237780814997,0,29483500044248941,29483500044248941,0
1,2190,2025-07-05T02:10:11.000Z,22849943,0x13f56d1fb9a9085561f6dcd480b1aff277a5ae15d8da978299d1ad2cd0e1d3f4,0xa186fbaba26e7732977090b370a01e2caf675f1c30c704cb2c7b814a9b19fed9,1408,1407,v2,1214779924962150059,,1215286237780814997,0,29483500044248941,29483500044248941,0
1,2191,2025-07-06T02:00:11.000Z,22857044,0xaeb589b3a661e975e1a55c5a72b9599766fb93b9f56e37fed3e6378bb3d17594,0xf5713e421783e1abf5e0110280397922a1a845501be6aaec3c7d485db7220ab7,214,213,v2,1193479346344537502,,1215286237780814997,0,29483500044248941,29483500044248941,0
1,2192,2025-07-07T02:00:11.000Z,22864195,0x60c19ed08fe4a29d5a161b194ac3e393561325f5d32ff9cd451142389d184ba1,0x4eb85fc218f39efaa8172e4329e1e5b75eda280d08b526e6d9582b61c44d883c,332,331,v2,1223462839081194034,,1215286237780814997,0,29483500044248941,29483500044248941,0
1,2193,2025-07-08T02:00:11.000Z,22871349,0x00f1bf654b50354faa0919c1aa229106310b8b3c40186bf20cca30c6c8449720,0x2da0287d29574855bc3079f1df8dc3a01638765148eab1fd8915379ad522353c,127,126,v2,1199322760028997370,,1215286237780814997,0,29483500044248941,29483500044248941,0
1,2194,2025-07-09T02:00:11.000Z,22878510,0x9c86ec085b9cca2db4c22ff2fd9c8aadc47f7316a6d5a2f56fece98b2c60b2bf,0x756c3b37e0f1064febe5440ebf85fa6c523420dd654dc3d235831138ce8aa99c,339,338,v2,1204376777466448543,,1215286237780814997,0,29483500044248941,29483500044248941,0
1,2195,2025-07-10T02:00:11.000Z,22885657,0x39f8a9bbdd0e5d7fe1030dd7741cb50640c2f2068bd4b33318241f14bc3654d2,0x2b52259f112dbd43beef8097d9a73ba808c525bb09bd36c957d775fc1f1f07e9,219,218,v2,1207944306612210449,,1215286237780814997,0,29483500044248941,29483500044248941,0
1,2196,2025-07-11T02:00:11.000Z,22892817,0x9e813b02e1e150c2784e220c4aa916fec471daac237493188dbaf2c27dae6414,0x0dcc8938fcaa98e4e7b00cde54d56f38a3ed550d50d055a608bef46caa9ec91c,78,77,v2,1223198715335592044,,1215286237780814997,0,29483500044248941,29483500044248941,0
1,2197,2025-07-12T02:00:11.000Z,22899966,0x37cd324c1bbdc286986e114eb5c6eb8a4471774106695c64c66fab1e3b91537c,0x48820963c449155610ada459b38bf0af16192e751891de4cebaba8f1544c5a75,57,56,v2,1212252809169577466,,1215286237780814997,0,29483500044248941,29483500044248941,0
1,2198,2025-07-13T02:00:11.000Z,22907132,0x39ac82693a6e82776f26401cacaea10a42f40667746178fc14152095edf82bf0,0x21b4ca85628595f893f01199635eb451b557f61c1e248a97611c323913c8ec39,265,264,v2,1173138482809893655,,1215286237780814997,-912958023765949,28570542020482992,29483500044248941,-3.096504900692856592
1,2199,2025-07-14T02:00:11.000Z,22914292,0x438e7db7a7e56b6336c180a769489fdbee51befc159147df0b4cd66a2df9cfab,0x80a424405f55dc764fc0ca29b5128c2484eabffe4affee0c339d741ff7752be9,181,180,v2,1189765023784721929,,1215286237780814997,0,28570542020482992,28570542020482992,0
1,2200,2025-07-15T02:00:11.000Z,22921455,0xeeb6fdc081d1bd4a13d1c3ed196ff9b4a9676b13e83af61372315f8252b63c40,0x3303f43259b3b451968bbdfeaf5a517331c9305a17ceb7aecc74c85e72249e66,3,2,v2,1178770087052824244,,1215286237780814997,-773888882430880,27796653138052112,28570542020482992,-2.708695137376316458
1,2201,2025-07-16T02:00:11.000Z,22928623,0xa5edb3b057e51dd797207078d0e43d670b7af6c8f0b0c70c9971e48987615ffb,0x53b6f7fd8b510db9b71ad4ff621298d69e32d0ec821495422943443d7f088f09,3,2,v2,1115671016559746990,,1215286237780814997,-1700997704220393,26095655433831719,27796653138052112,-6.119433500761353569
1,2202,2025-07-17T02:00:11.000Z,22935791,0xb49519747ad0775c0045a900a942e12eb8866d2ba9cce91eb80c3be0d5c6791d,0x3bd99889dcd0d5bc70b5fd78b31e08d26a02912efb31c4f20806d035d9534c2f,216,215,v2,1224798184792876178,,1215286237780814997,0,26095655433831719,26095655433831719,0
1,2203,2025-07-18T02:00:11.000Z,22942963,0x9591035b0230730d1e4f2296b6d5191d8471171029c926cd63decea45860b302,0x807f4075ea5a63c713e5a3ab0924f2167e56d441b2b7c1c5db994cd4ee5c811a,184,183,v2,1309027802551481104,,1215286237780814997,1088695614096255,27184351047927974,26095655433831719,4.171942018688732758
1,2204,2025-07-19T02:00:11.000Z,22950132,0xc75d2abb98fb6c094cf57d987982f44cf15867331ad3479c21e4974681862194,0xac83388102e056f509b28a774e7fb50adef56e753a22cf0b6da074a829702f42,142,141,v2,1332727069929921243,,1215286237780814997,1227343125811613,28411694173739587,27184351047927974,4.514888450519633289
1,2205,2025-07-20T02:00:11.000Z,22957284,0x7387a17cf27ca1a43425c451c36b3db030abed33e8efe4d1eeba6a45e59215e5,0x05cd81676c4045f686ddbdc14a7b2d06ea9f29ed81ca4f05d047668cb124bb46,162,161,v2,1348422960401999388,,1215286237780814997,1326091884815679,29737786058555266,28411694173739587,4.667415736303967571
1,2206,2025-07-21T02:00:11.000Z,22964441,0x50691f52aedb563749130778ececb24054b73199ac6dd50d45fe6d0187a948a7,0xcfe4c15308e16a464c76082dfb541a7b0572418db38375d7ca3d3fb64fd7b5ec,90,89,v2,1437938959204820317,,1215286237780814997,1475030040985555,31212816099540821,29737786058555266,4.960120562038960166
1,2207,2025-07-22T02:00:11.000Z,22971601,0xacbbd8928c938002bd9325f08d363a152e20913e5ebeb7f4fbaaaa116a74d8e9,0x44371183441a81efcfa2874b5f880c6fa6b7cd5f814d1b3e894120e0380345f8,33,32,v2,1457746133752201206,,1215286237780814997,1552902584124496,32765718683665317,31212816099540821,4.975208193878222706
1,2208,2025-07-23T02:00:11.000Z,22978748,0xb8989141e17feb05a626fb261e83a633fab15b3e1920b2edcdc89cbe697eca92,0xc1e807ec2ee047a69493f8cd33aa0b4fcea373161e917d63febb4f760d1ad138,136,135,v2,1374008582057495062,,1215286237780814997,1578151517165416,34343870200830733,32765718683665317,4.816471545768875073
1,2209,2025-07-24T02:00:11.000Z,22985897,0x888752fcb7e5c3c4c6d517876d01a0c7c3206ce90e8fe9bc0710fc382b1c9a17,0x4823092dcfa0a791c246a97015fd5c490ad5fac7124d1efe07a82a49f103f596,219,218,v2,1251518856441093241,,1215286237780814997,781766109400685,35125636310231418,34343870200830733,2.276290076887651139
1,2210,2025-07-25T02:00:11.000Z,22993046,0x61ab88739c9a84d9485e28cc21d257ff38066852d5089e58cc4d397dfba6e0bc,0x2c5e906154b90f82c93abd6bffa64a7e9745bbdfe53005012fd9ff24f9f502c9,214,213,v2,1193931317495182911,,1215286237780814997,0,35125636310231418,35125636310231418,0
1,2211,2025-07-26T02:00:11.000Z,23000189,0x038b9ee62d5fdcae21145a74102e8752f216093338b349b90ac33ce4c537f911,0xde1b50c4195e91be441dd8393229848006b97168d924784ffeb34fc034b35468,3,2,v2,1158513183610755544,,1217041183536343346,-1464624907520479,33661011402710939,35125636310231418,-4.169675090252705578
1,2212,2025-07-27T02:00:11.000Z,23007355,0xee8eabaf874dda5403acad4365d12fe60bbc4ac2f80e631875d58be2a2244084,0xa1384e8b558e5ac9bda12acf3901d6d0b56bc9f418d107d7a8b81c75723bc608,3,2,v2,1106284094730769575,,1217041183536343346,-2169613509066651,31491397893644288,33661011402710939,-6.445479261184403951
1,2213,2025-07-28T02:00:11.000Z,23014521,0x0d75ecc325a6ebe1c94070033575a4de94594796ea2b77944c38ba66fdadece8,0x3333f7e7efd8b8e70bc382f55c035460e2227d4c0895ae08b973202c9bf2ced3,295,294,v2,1190416248349987368,,1217041183536343346,0,31491397893644288,31491397893644288,0
1,2214,2025-07-29T02:00:11.000Z,23021671,0x66cf51b5849f523e6b02607dceabbc23eda5cfdc5330d694c4fd3c542f2dae98,0x3e2a5b4db4fa1e68c895c1adfb4d54b85e4838fe37433ab9a3d2ea1eb3d82f5e,153,152,v2,1257674576183075408,,1217041183536343346,773770003372849,32265167897017137,31491397893644288,2.457083696271908473
1,2215,2025-07-30T02:00:11.000Z,23028822,0x0f798acae9803958746ea8c3ebf5b6fc86c9f6709be670f4df1a02307264cf6c,0x635e8453b0ded159250ca7808e0e7f3ec15c3b6dfe707d0da6260afc6a81cac9,285,284,v2,1210949670439494704,,1217041183536343346,0,32265167897017137,32265167897017137,0
1,2216,2025-07-31T02:00:11.000Z,23035972,0x1d411ed0f95e2aa2aa1d34887319f1e9850dde0763dd45ba077e3bfc09abff80,0xb56a630cee27bcdb8e9a1b80fdd72f5f7557d56291f70787528dd59b20861a0d,3,2,v2,1169150053486787072,,1217793763580266586,-1139474820274311,31125693076742826,32265167897017137,-3.531594268814121431
1,2217,2025-08-01T02:00:11.000Z,23043110,0x5550e098a81ea754f5d8e1315e8e3e0df13ebb2d0e86bf1a2c4debce1055fe74,0xcc8a2b998ff31043b3b2fa894c6457ae6578fd3876f6881c4c67b4e0dce98479,3,2,v2,1166433901194438267,,1217793763580266586,-1155227014208760,29970466062534066,31125693076742826,-3.711490090712060989
1,2218,2025-08-02T02:00:11.000Z,23050257,0x1c33f1a2dc7b485c40448a2fd6e4fc1dc55687e335563a676743a5bb026b858e,0xbcfe6aacaf579af2b64e086a61ad7e74603d83749b4d99c7fc2f9eed2d26c84c,3,2,v2,1103861342884098314,,1217793763580266586,-1953192358070318,28017273704463748,29970466062534066,-6.517057005369677171
1,2219,2025-08-03T02:00:11.000Z,23057410,0x664e81d1761e3379b929ac1737a13381db863ff50d3d30228e05ec1c6a7a7e39,0x88b57fe8a02ae19b5e4af3e4bbc4351216ce2e5b6402ae422987a8021ea831e3,40,39,v2,1120748432120604568,,1217793763580266586,-1688682509095235,26328591195368513,28017273704463748,-6.027290616881798658
1,2220,2025-08-04T02:10:11.000Z,23064629,0x4bffeb0312f9cf816eedb6714b7ef9a9a7374e4b94aab5e1f9dd18268079b4f6,0xe44f7010d96cddcea1215b9d3e797809005fc47b7b156078c4f10ad6cf1f023e,3,2,v2,1125358144574867706,,1217793763580266586,-1543808899599100,24784782295769413,26328591195368513,-5.863621369420908709
1,2221,2025-08-05T02:11:11.000Z,23071795,0xe0eb3e59419623e339a6468a48ccf86a7218d708e68227fd8e89374aeb0717fd,0x201471115a8bad3cbc8cb56b794161579e02420150696c62ff41e83cf0565194,650,649,v2,1229604233791138799,,1217793763580266586,0,24784782295769413,24784782295769413,0
1,2222,2025-08-06T02:00:11.000Z,23078903,0x2c84ed94ef19560b1b16f4900d7cdc9091cee0ec0d2fc7519e184b1c0c0742e9,0x29b9c9ee578f4eb68c511bb540da8e8fe036a817128127ab4094d42b215b515f,641,640,v2,1208143535935818056,,1217793763580266586,0,24784782295769413,24784782295769413,0
1,2223,2025-08-07T02:00:11.000Z,23086059,0xdac47038eb7acb2a910a8e81c5615369d2f2a067dec4cf251682b7c1e795bb75,0xf06fd000897515b5585d4732b023869e59e1df5b295a0c7ad4ce2e15c15a0319,3,2,v2,1166671026356303612,,1217793763580266586,-919884738912039,23864897556857374,24784782295769413,-3.711490090712060913
1,2224,2025-08-08T02:00:11.000Z,23093218,0x980acde7e923d60bcedcb27d1ba210965728a66fa09d16f8d0fa7061cf4e89c8,0x5956018e0102f6c8700d8eaf7518a035163026daa1e526fa4b5c03b4e3722267,429,428,v2,1236328352468049571,,1217793763580266586,0,23864897556857374,23864897556857374,0
1,2225,2025-08-09T02:00:11.000Z,23100374,0x762053b2de42f06559b30c6cf72eb192a49b5afeb254d7d4903973a8ae7999d1,0x8c53c71b8fa0017adc4a2cba2345c4e6d42a4b270f2f094f215e33dd8256e826,5,4,v2,1267784755843467402,,1217793763580266586,693841597281440,24558739154138814,23864897556857374,2.907373038699973623
1,2226,2025-08-10T02:00:11.000Z,23107535,0x82b062294c01049534b9478221311f345fd4d1b77dd24161d13d118bc62e7bd4,0x455dfee38d47abd84fef437eca6645428993e818ae6d04375119ab75916d28a0,19,18,v2,1306635275644603207,,1217793763580266586,1002992278821453,25561731432960267,24558739154138814,4.084054448098250934
1,2227,2025-08-11T02:00:11.000Z,23114688,0x4c3c9b229ff8e65db2db48281774e94211ee203ea1e2fa924f2b3bb909107727,0x98694a1384bad080e06212c9ccee4aec87a67922aa9e49afba5a38681c86a30d,18,17,v2,1279472528112494342,,1217793763580266586,857441509359804,26419172942320071,25561731432960267,3.354395267036513668
1,2228,2025-08-12T02:00:11.000Z,23121839,0x3cda6269e57df32c01c21bb8e0d743f3a175d89687429d9b1480a81d8edebf68,0xd8bed639468f8106e3af54bc5348650f3cae09a66721b87498aac128126a771d,275,274,v2,1210937002154971873,,1217793763580266586,0,26419172942320071,26419172942320071,0
1,2229,2025-08-13T02:00:11.000Z,23129004,0x809a8bbdd510b5ea9b65b7b2b89b3f21f5dfe217e4dba7ff640df9ec19fd70b0,0x2963ad19fccfb9ced9eceaff976f3d8729848e0beac483b01616324b5ecf9891,492,491,v2,1221276273795688581,,1217793763580266586,0,26419172942320071,26419172942320071,0
1,2230,2025-08-14T02:00:11.000Z,23136169,0x95fae5dda9faac295eb8dba002d99b99ce7038d6a91959f58df6681f269154e3,0xa988d71913fab6b880b93a250e13b3f48bee9143d0087e1e7a2cc306d5e0fba5,43,42,v2,1265243311171802220,,1217793763580266586,737440471064142,27156613413384213,26419172942320071,2.791307936376988166
1,2231,2025-08-15T02:00:11.000Z,23143312,0xe55e6a76177952b85f5455061617095f3c05f7415775fe5a8be8f480c64cac84,0x6e3b61e8650d35877128d32ed74585f27b8c65772a0089d15018faca685458a0,160,159,v2,1211034327235004370,,1217793763580266586,0,27156613413384213,27156613413384213,0
1,2232,2025-08-16T02:00:11.000Z,23150479,0xde5b7d982b08d3ea8b9b92c8dd95cd4b4824f4daa6699d585c87f743fdce3ac8,0x31790b8beca1b1e62e892e4493919b0673ba5a613e765bd52bfd3678fd742aae,15,14,v2,1164838523763746017,,1217793763580266586,-1039839854436298,26116773558947915,27156613413384213,-3.829048337536115658
1,2233,2025-08-17T02:00:11.000Z,23157646,0x16b58b87a740cbc8a3a1deae1d80764870a2b30de08a366fa7a9f1dbb59499fc,0x37f9bb5949ea2b2e848278c338e2232d3fef699f48f719bddaa5fb413c15000f,3,2,v2,1153820968644637243,,1217793763580266586,-1172962185135885,24943811373812030,26116773558947915,-4.491221637651387092
1,2234,2025-08-18T02:00:11.000Z,23164818,0xb56f30ffd318de9e09c3cbd84036b65a7b40b73c589bf395f327e19fff800bab,0x8ff3034607015226eca5a886213c85b38a6455839d922a8ab874a058d7b5c2d0,227,226,v2,1192723743259098368,,1217793763580266586,0,24943811373812030,24943811373812030,0
1,2235,2025-08-19T02:00:11.000Z,23171990,0x0f88c6fea8d43f4369ef175b15811c32a253222834abe92e8c9332a12985d95a,0x77ebe9930702c2db31e666f3f554ba1ce1132d5c5a693a11b97fbaa482cfb0e2,10,9,v2,1183834650218070322,,1217793763580266586,-626217693906813,24317593679905217,24943811373812030,-2.510513267287875105
1,2236,2025-08-20T02:10:23.000Z,23179214,0x50bbdee35907639c1cf72260e2f55aee9f1397e09e3bd2fcaba4e0c6a8a29241,0x97edbdb8da1588b15bbbd0d10a28a615e1793fa29b9b95131dd2b96cc5f49d4d,845,844,v2,1152566789698378597,,1217793763580266586,-1198322355666484,23119271324238733,24317593679905217,-4.927799894348570744
1,2237,2025-08-21T02:00:11.000Z,23186332,0x07ec74caeb91a26c6f5f11c6be7945475fcc06e44c1877f5c00cf1d989bb9e59,0x7b1bd44056665f3978f6ee763e7b1b89817cea1b164e3b56f2640c2197532e35,15,14,v2,1145208792149594349,,1217793763580266586,-1225352121128687,21893919203110046,23119271324238733,-5.3001329667514301
1,2238,2025-08-22T02:00:11.000Z,23193491,0x6240ff8b79e93142c87bb802b17f449c2926a8703214fa56ee86edf4e3265e5b,0xba353963bc8cdf7ba2e01e318a815bb21c109056f22b1e5aef4fa82d5f568b0e,512,511,v2,1192171021301976291,,1217793763580266586,0,21893919203110046,21893919203110046,0
1,2239,2025-08-23T02:00:11.000Z,23200661,0x12fbc18263635b83a0b960db50d67b8e00848436e45e4f4545f2bbc033f5a5dd,0x255af6f95c1346ac1c2163cf9a930f3295f5ac1b0d3521c9a5b732a9f78fd5fb,259,258,v2,1276580828489027155,,1217793763580266586,0,21893919203110046,21893919203110046,0
1,2240,2025-08-24T02:00:11.000Z,23207821,0xf218626cfe6821d9cc9446f5122e83860d649251be0372729803abc805916b6c,0xcef0bf1666aefefe4e8eb722509850d9e410c42099b517c834641ea6a32302ad,87,86,v2,1297116567693009213,,1217793763580266586,456481329603342,22350400532713388,21893919203110046,2.084968549342680131
1,2241,2025-08-25T02:00:11.000Z,23214991,0x219f79d11f554582fb0653257e891fd7d9c83d4554cd15b8dde8ff76b4630944,0x05f2c1f06a186a530f92cc0f177ae8d6c74bf25d3fe0935c40ec448be2b0e822,9,8,v2,1294156325428827561,,1217793763580266586,455955191447375,22806355724160763,22350400532713388,2.040031411428227467
1,2242,2025-08-26T02:00:11.000Z,23222161,0xbd313d629e2bd9e25054dbf602e48d0547e0d01ffcf1e5b00cf49810585fa5a6,0x4c3126c4ea9bba521654ed5cf3bd6736891ae32704bf2aaac5e6b9fb6029219b,557,556,v2,1239030219382067024,,1217793763580266586,0,22806355724160763,22806355724160763,0
1,2243,2025-08-27T02:10:35.000Z,23229383,0x933f18a789a953c1e50df51c07d773f789bbcdbc13e69f1c6facc614e4091718,0x57100552dab420ebb8c19ba822deda82aca525b8192aab1d3167897f3d103cfb,836,835,v2,1186994186989021836,,1217793763580266586,0,22806355724160763,22806355724160763,0
1,2244,2025-08-28T02:00:11.000Z,23236492,0x1b9c735e6058b63fc0379113c3d31ed8ae6197187580e92cc1bb8e6940a9e139,0xc9a9b9d35a06ce5d0ea5d1bb11d31c383d01acffb5a04a2249711678a2e920de,1379,1378,v2,1179139420712394070,,1217793763580266586,0,22806355724160763,22806355724160763,0
1,2245,2025-08-29T02:00:11.000Z,23243655,0x5b049e0561e511259d22dd5b598e023d81c8b58b715ae72cd3fe0b08a502ba72,0xa036e03922538758dde0c3b8a5d953b04523f6b8201f9de192823d7190b712aa,3,2,v2,1137205174813406550,,1219253801095888267,-1301566171958727,21504789552202036,22806355724160763,-5.707032669756458995
1,2246,2025-08-30T02:00:11.000Z,23250824,0x9483154bcd628fe5b84068dcd9c3315fd282f9929d8b30491ed9b241f14ee1b1,0xefbdf8472113a365f4232eeedb6d05f039113b6fb82a62c18900ed20fcddfeea,50,49,v2,1138826873952878381,,1219253801095888267,-1210860088114803,20293929464087233,21504789552202036,-5.630653046734019272
1,2247,2025-08-31T02:00:11.000Z,23257997,0xaa82ec857b056b06348584bd2aea350722da2d23917fba5b3f193efa03d9d512,0xd8376d71b4fb1a630e3ee9d13314b3618ca0161b27df1129417f8d0f13c0998f,3,2,v2,1139152714072797916,,1220713838611508299,-1150492768337999,19143436695749234,20293929464087233,-5.669147369285710219
1,2248,2025-09-01T02:00:11.000Z,23265163,0x0693b4f5a0c5df3e48922989c27202c5fc2e7112e9f52953104ae66fa20823ff,0x78333e4b2654bf2279e6222151a316be5a54cf7a8dcfbc990fa952eb807776ae,1893,1892,v2,1231552579247405981,,1220713838611508299,0,19143436695749234,19143436695749234,0
1,2249,2025-09-02T02:00:11.000Z,23272328,0x0e3ab2b567e44ee36f8292d9138adaa22ab4507ad4c43a5c6f6720a6fbdfc5e4,0x4053c481ded7db9ba57bd4554b8acc524cee425e51e52eca7fe1391ffee97fda,296,295,v2,1287852545114766340,,1220713838611508299,346395777725775,19489832473475009,19143436695749234,1.809475400008461203
1,2250,2025-09-03T02:00:11.000Z,23279456,0x03187987ffb1bd97b5b15284a121866e4ba17b45c40f2a6f2305d2c8a433e0cb,0x11ebcd692e7dee52c502e6bc5b3a189db04a9332810bca47aa9fe0c9a23a8ecd,565,564,v2,1351154173657548851,,1220713838611508299,611013070015494,20100845543490503,19489832473475009,3.135035002722890267
1,2251,2025-09-04T02:00:11.000Z,23286620,0xa7efa1fddca76d1592728ad4dbf4c0ae661f178d81f5d0be62f7601374d50e3e,0x5a81aab488f0e7cfbdba183ae389fdad77b777993e79f4b858af4a40ad117038,1798,1797,v2,1311271434418554812,,1220713838611508299,471554828121577,20572400371612080,20100845543490503,2.345945234499283213
1,2252,2025-09-05T02:00:11.000Z,23293784,0xe0ca674ac55ae1150818bc806e9c7b64a7b63b8a8b0a4c2b97d1bb0c7d37e120,0x945a52e9f7a52895a5568bb0fac98d3a133ea3b433f60bc216b486787176f08d,2146,2145,v2,1284106810532353287,,1220713838611508299,352739904415031,20925140276027111,20572400371612080,1.714626869219295886
1,2253,2025-09-06T02:00:11.000Z,23300940,0x6d427859171395995a1e744301ccb38f60e8735fa9ca9d1059ac69d90282b39d,0x0d7fdcdd6bcf9994e3fb2c1c18883daeec7e5caa6f1f7059da89501ff3ae9d78,1500,1499,v2,1266663591843897490,,1220713838611508299,0,20925140276027111,20925140276027111,0
1,2254,2025-09-07T02:10:11.000Z,23308137,0xf24e4a86fd0f0a510540557156a9061f42e19b3af7dcbf18b4c13867bdb5eeaa,0x876981d1a1e2aab3619d1e47164726c37da1dc30b882e10903340b2760523eb8,602,601,v2,1245048032224972325,,1220713838611508299,0,20925140276027111,20925140276027111,0
1,2255,2025-09-08T02:00:11.000Z,23315251,0x3e59af1d716d0f08ab758fa885a59856ccd945dbfe24a3cf001993919c4521ab,0xd75dfec90a261b601c4449c5a133a0723b233dce5a70f861a13e23d1e7107220,133,132,v2,1265691792955925439,,1220713838611508299,0,20925140276027111,20925140276027111,0
1,2256,2025-09-09T02:00:11.000Z,23322409,0xdee2110ef9941584312c3160666a963c9142a4c0bec0c0ee4e57509f7a262a00,0xe0f96d1ffbe01012f1cc69e93b8c3844ec9e0fd395622b9b4940aad7c8ced548,212,211,v2,1312665566086355539,,1220713838611508299,499684241375541,21424824517402652,20925140276027111,2.387961250362580842
1,2257,2025-09-10T02:00:11.000Z,23329578,0xadd6eb3bb288a49fba763ca7ded804a537d0420d38fd1083f90e7554e12dec45,0xdfcf71cd72a09ebed57d067ace5ab726a3c047357ebe10ce2475106e2100a860,287,286,v2,1273075953941773904,,1220713838611508299,0,21424824517402652,21424824517402652,0
1,2258,2025-09-11T02:10:23.000Z,23336748,0xdcf9398d7870af431e0f9c34b0d47365b3f5a58fa596a46fdd29fc5c95d33a4d,0x0e96a0f3b5ff45e4d0da9c4f3df7ee07c65b085d23f75b14378b05fbb54fd543,483,482,v2,1259429550457438961,,1220713838611508299,0,21424824517402652,21424824517402652,0
1,2259,2025-09-12T02:00:11.000Z,23343856,0xbd9b76deadcca0c7fc92fd35792000e08ae75f044d945b789734b100d8f8f577,0x4439f3c079c93bc703d8615f3cbd12739ac2eb272c6a80f6e712483e6436661e,288,287,v2,1264168127524906273,,1220713838611508299,0,21424824517402652,21424824517402652,0
1,2260,2025-09-13T02:00:11.000Z,23351023,0x815f085d56c5410086e7206d9a7dca648622420a550c41930b1f4080df63870a,0xb56e7a2090f03bd713bb98fde951cc97962611d3ca4b2a29df392721f7197b12,362,361,v2,1278120375702000860,,1220713838611508299,0,21424824517402652,21424824517402652,0
1,2261,2025-09-14T02:00:11.000Z,23358192,0xe0ec5c2fc4cac9b408104807c39722557edd9dfded9313394898788489483dfe,0xfb8b64786ddf97bec112a572769ccdba17eba9384cd338f422d5548b7d3663f6,292,291,v2,1311655339764910099,,1220713838611508299,502614649765841,21927439167168493,21424824517402652,2.345945234499280564
1,2262,2025-09-15T02:00:11.000Z,23365360,0xc7b239ef7c39286c3cc1013895ae28f4d3cb13882abd6e25dddca929f332ba99,0x66bb845b068a77cf0917bf15ee0bd33fc4480c0b170fecfbfb8cbe00ab9a9a5c,240,239,v2,1275433654391195799,,1220713838611508299,0,21927439167168493,21927439167168493,0
1,2263,2025-09-16T02:10:11.000Z,23372560,0x08dcf253d2fa313d961ebc7daed428f7cb1b03fafffb09de49dc99ea56f24012,0xec48a70ea97e240afd801b134f5ced2ef7f1da6ec05f01d0a9731c9320885df1,488,487,v2,1284432927087535051,,1220713838611508299,375973763691987,22303412930860480,21927439167168493,1.714626869219296891
1,2264,2025-09-17T02:00:11.000Z,23379673,0x83d4949e800144eb980ccb8cf9f031f4ace30bc0099edac5c1d833fe2f65a369,0x7fe663a80e42116c0ab97c3798b268d0333de47fe73484705861b0d10a594651,270,269,v2,1279198411877797109,,1220713838611508299,0,22303412930860480,22303412930860480,0
1,2265,2025-09-18T02:00:11.000Z,23386838,0xcfb4b5db44e859d6542878f3276b5293a61cec0072bea58639c88e59f6463828,0xbe2bc93a4ba13920299c6041e97c3e67471fcc841e7ce0aa29432d077ba0e839,233,232,v2,1267911710620284912,,1220713838611508299,0,22303412930860480,22303412930860480,0
1,2266,2025-09-19T02:00:11.000Z,23393998,0xc0f65748d3fc5555a344fe13a0b4f7364bd1536fde0946b0cb42c8b1dc3d0d79,0xc52b88844d2c5550c7df8b6e67d1d2848c239a2eb6d65634c0a3b266b21d9664,445,444,v2,1282680289546402835,,1220713838611508299,371723548847674,22675136479708154,22303412930860480,1.666666666666663677
1,2267,2025-09-20T02:00:11.000Z,23401158,0x81123750091581aea3b3493e47b5b901742971cb04cdcb7b2f2bba2c541c1368,0x1a85369df00e47cbcf19533c203305a62bf177367ed8e99b498bb0e3443df347,408,407,v2,1238183682514987710,,1220713838611508299,0,22675136479708154,22675136479708154,0
1,2268,2025-09-21T02:00:11.000Z,23408305,0x0e86201ef9229410be67b414d9584ccc1d8e70e8406663c6db929989af93ab21,0x11366d7b1a35f63d63163938274f153739a869bffc7b5eac78be60a30a5eec99,216,215,v2,1230633780991601984,,1220713838611508299,0,22675136479708154,22675136479708154,0
1,2269,2025-09-22T02:10:11.000Z,23415500,0xf60b4666c6e00d7096695930a5fe49b861ac0b3e22d5dbfaeeaa2cc5d7bfcf60,0x4281ff0f4ada30c14d0c38e87b563a7f3bf4d9fa01f684cbadaad2d55c971155,265,264,v2,1214476405733510597,,1220713838611508299,0,22675136479708154,22675136479708154,0
1,2270,2025-09-23T02:00:11.000Z,23422604,0xa50cfaac1ea1b646dab90936217f22f101e1ba673dd6f032620f747ea2937a42,0x59723a9db0b4156328c207d8529595fa463445c5703fa32f6a408cdf5a7440e5,258,257,v2,1163102533471572416,,1220713838611508299,0,22675136479708154,22675136479708154,0
1,2271,2025-09-24T02:00:11.000Z,23429772,0xed1892588ec1b691e6486c2618d67eeb0165899c4e581b6e755db9da9841a7e2,0x956f885bb7a2f6c5e6c9841c1359d262e3bb74cb8dd7af8ecdfd1c6cfb987db7,3,2,v2,1156926381749502858,,1220713838611508299,-1094745136953219,21580391342754935,22675136479708154,-4.827953904193255776
1,2272,2025-09-25T02:10:11.000Z,23436982,0x291f985daebd043c24eca080e8a7f4682a424bbd13dfa7016d9a7a533144a70a,0x8943d7623fbd7b56cf34f5b707dce5c320090e424e225a2342942ca8014bdc72,573,572,v2,1190098042440285423,,1220713838611508299,0,21580391342754935,21580391342754935,0
1,2273,2025-09-26T02:00:11.000Z,23444077,0xe727c22045455279184fe72f2e83c961981ebd996f5f122ff550ab405ef73f40,0x638ce95fdc8581d57c4d7bc389a33605e9c6b83650192fa56eb9e8d97db16887,302,301,v2,1112808954716797728,,1220713838611508299,-1407479157841884,20172912184913051,21580391342754935,-6.522027962733906422
1,2274,2025-09-27T02:00:11.000Z,23451223,0xb0b56b568973eac6f82320609230c2a14f8545cc21e114fb3f3fa133e12a296b,0xd88fdc0048171bec2a912f7e81ec397ef4429f111cb9969dcad3a6f14c6252fa,58,57,v2,1156983511901620939,,1220713838611508299,-973938901420987,19198973283492064,20172912184913051,-4.827953904193257447
1,2275,2025-09-28T02:00:11.000Z,23458377,0x82767be3fe62a08ee645dac7cc981ca44c704f8351a6f00e5a9a5090059c2999,0xc4823afbc9624bf1f7b65e32f4bd38f4c58096a6a71c125f0016efdb3392ec73,308,307,v2,1218008959582658908,,1220713838611508299,0,19198973283492064,19198973283492064,0
1,2276,2025-09-29T02:10:23.000Z,23465578,0x3716dbeaef5dcdbf5a7a048e2a6ec9508bb72e04f664836ef8b00b59c1fbf8a7,0x8d726d5ac78032c685ab733f92a739cb3ba559288b8c3ae3ffe67106fb9aa5e6,398,397,v2,1223829195742541280,,1220713838611508299,0,19198973283492064,19198973283492064,0
1,2277,2025-09-30T02:00:11.000Z,23472686,0x2517910cce15b3bdb6f1e98bc185d409a81b3a8772504ba65c34cb7c4c535736,0x1920100559918dad39bea682700a3c0d180f66dc37e25010c508018ed84662c2,211,210,v2,1254241049032243982,,1221909586775513301,0,19198973283492064,19198973283492064,0
1,2278,2025-10-01T02:10:11.000Z,23479889,0x07637923fbc3b22f3d6f64ce0852a821141c04eb413f5181e04d51fe55992dac,0x832b6fbc79377e0bc70ccfb8593c6242235fa6422ebe5a52f3d89b77dbbba18b,414,413,v2,1223241329293674493,,1223105334939519952,0,19198973283492064,19198973283492064,0
1,2279,2025-10-02T02:00:11.000Z,23486982,0xd62870a3b845280845af574cc6ad072af2de0b287f0d3a1df510357f0668fb0f,0x5d5084531ff037ee30ca89be04e5981a5af08bd3a0202679db98ca0efdf8e9bd,144,143,v2,1246800975778615740,,1223105334939519952,0,19198973283492064,19198973283492064,0
1,2280,2025-10-03T02:00:11.000Z,23494126,0xb5565078880c0f43d209802bd43fd12fe04d1e2f62775fff04358bf1e5c95761,0x568a99e620ae766d0a1700fa0c3acff7d2012702b238fd38415eddd86a8b31d9,319,318,v2,1239081516807856544,,1223105334939519952,0,19198973283492064,19198973283492064,0
1,2281,2025-10-04T02:00:11.000Z,23501293,0x98ef0182d584a32f22f2cdb58876cb64c683852fb16afb8464584874ba31bc2f,0x9edd3c62947ccd7b3dfdb33f0b0fe17b96836db7c83867cf4e4a8b5c36498359,202,201,v2,1244617366456799887,,1223105334939519952,0,19198973283492064,19198973283492064,0
1,2282,2025-10-05T02:10:35.000Z,23508498,0xecde8d0e5a724e890e47d3feab6714617f04e1b1ef74559e4f9f53600f19c11b,0xfe6fafa486665c2f6f6613cbddd6cff6ea1dae1d27d2a9835e109019c10940f9,267,266,v2,1215098796374739104,,1223105334939519952,0,19198973283492064,19198973283492064,0
1,2283,2025-10-06T02:00:11.000Z,23515609,0xc515e4e0ce5c5bd0541297535c90dd8330d9ac2786823cc035bb5aa30887dfea,0x112ed6721eb764542e1b038523531b933b6e9da67968650cad71849ce3506a36,298,297,v2,1209242298186955886,,1223105334939519952,0,19198973283492064,19198973283492064,0
1,2284,2025-10-07T02:00:11.000Z,23522760,0x6abf7267bf6d214c1c973ec25771289632c572987a29592af3c2fc3552ebc953,0xc6146d1ad144197815223ddc75313ba043463ff06ca7bccc74274e149e70cf3b,329,328,v2,1201476490564894512,,1223105334939519952,0,19198973283492064,19198973283492064,0
1,2285,2025-10-08T02:00:11.000Z,23529917,0x64349ade107c81fdc3063c9fab0066378ee3249d59f0c02712c6fbb90e66547b,0x0e4b7caccf77392fe8f7d292d8f848a4ff216b899be6f0fd315e9d11f7c2c20d,49,48,v2,1159932577615479922,,1223105334939519952,-917135156534109,18281838126957955,19198973283492064,-4.777001056211132274
1,2286,2025-10-09T02:00:11.000Z,23537060,0x20faa275410077886ac9d19d7c04881966d65f23dd9031f7a8cab1c070b66d80,0xd84c4021b6523c9dd8ee97b2571f48cf91aae90f73ae3cac817cdde5a42bd286,212,211,v2,1172346822461655037,,1223105334939519952,0,18281838126957955,18281838126957955,0
1,2287,2025-10-10T02:00:11.000Z,23544207,0xed9b7fc2191194b7e72bb63aadc84f0f84879c102630f524515f2c3d3d3bb782,0xe2a56127125e44019399d6d6fb29f7eaf691e7421e3be7ade334332b53a514d8,34,33,v2,1154750590271167938,,1223105334939519952,-927338433195415,17354499693762540,18281838126957955,-5.072457303010380793
1,2288,2025-10-11T02:00:11.000Z,23551361,0xb8a02eb3613ba0b70121f33c1e21a170b13f7acc77ab2e5108958b75e15b85a1,0x671feeb26e85caf0daace0cc8736ac74fcd955933bdcb53cea8626d4b977e7c1,339,338,v2,1086992106256124764,,1223105334939519952,-1227783371517884,16126716322244656,17354499693762540,-7.074726400549404655
1,2289,2025-10-12T02:00:11.000Z,23558518,0xc781e2168bb8433f00677f3ee35084f42f139c102c48d77958d1942aff5fe3ec,0x2575136460f028141a22a2bf6e34ab4f04202496f1445393687984169ce222f4,36,35,v2,1157676241634065381,,1223105334939519952,-794692309889466,15332024012355190,16126716322244656,-4.927799894348571538
1,2290,2025-10-13T02:00:11.000Z,23565678,0x174fc5bf5c893a540114e62068dd3a7165fd5281a8c9b619c367f378ce44f113,0x57e6c78384aec4233c2dc2bf9c46c051842c1d3ddbc074045e5030296d97060e,395,394,v2,1245908568247202323,,1223105334939519952,0,15332024012355190,15332024012355190,0
1,2291,2025-10-14T02:00:11.000Z,23572824,0x1a5f87d8dfd8eb9783e187c27c6cd4efba4ce97ed706887a014425b076cc2096,0x68027932b1fc4fce9d1b65e3abbb09980d57f48b5039cdb7550b6b85ac6ac0c6,167,166,v2,1248598399071220798,,1223105334939519952,0,15332024012355190,15332024012355190,0
1,2292,2025-10-15T02:10:47.000Z,23580029,0x69ee82f295bde4895453ddd19194ddfcc17ee9e1b891727e8c1f8d41c238549f,0xc44a4be51a085059200b6c1984bf329299ff38006b4489f3c09c80f899c976fe,820,819,v2,1207377882221976794,,1223105334939519952,0,15332024012355190,15332024012355190,0
1,2293,2025-10-16T02:11:11.000Z,23587171,0x02f7a2c475110df74ef576d5a5bbadb31184f25d0695905db290ad22bdb8c807,0x2a0686b5c73765effea8b8f6f634e86f6e259beca44db89491516554db329eb0,474,473,v2,1192023369385159575,,1223105334939519952,0,15332024012355190,15332024012355190,0
1,2294,2025-10-17T02:10:11.000Z,23594308,0x5b15c981db1f716ba2a1da4c7aa2ac9f0551c3560cc7610cdb9cdec7d0cd8b2d,0x4c5da697e4aaef6bf0266571ff46f1db2a64d3ea6b6dac8057085ce488c2383e,193,192,v2,1130766383373625124,,1223105334939519952,-932993111654405,14399030900700785,15332024012355190,-6.085257307858113825
1,2295,2025-10-18T02:10:59.000Z,23601464,0x2dd7d12e7bc2165655962411a7afea409ea830c8799422c827fc58672a010384,0x15704dc7832bdbcdf06d78823a93862059313651627661d6b7c3d8c1d31cddbc,504,503,v2,1141293140835408652,,1223105334939519952,-816302281509715,13582728619191070,14399030900700785,-5.669147369285709815
1,2296,2025-10-19T02:12:11.000Z,23608619,0x27431c43d3bc3c567fca56bcff6cfc5007d1acac64aedbb378b5c664b5092c62,0x8ab76fd10203bbc95bdd399b648a8757724fb7634c494a51ab66610d0e166efb,363,362,v2,1163145908319439934,,1223105334939519952,0,13582728619191070,13582728619191070,0
1,2297,2025-10-20T02:10:23.000Z,23615763,0xfc7d4e0d4e19b307a6cbd92a6868059e120cf3b171ccf1c0f394145e773db802,0x46da52c2cf859963dfc5b74016d4671aaff6fd40782791c9f814cbc5862f391a,484,483,v2,1204636552160135598,,1223105334939519952,0,13582728619191070,13582728619191070,0
1,2298,2025-10-21T02:10:23.000Z,23622888,0x0e82457f845f0828693f5793bd43e39849553f58099cd80df99cdf2ffad759be,0x14729af84d0949615f10b44236bee11261dab73d8c3ebe3837ba6621733bafff,706,705,v2,1218109023739084411,,1223105334939519952,0,13582728619191070,13582728619191070,0
1,2299,2025-10-22T02:10:11.000Z,23630005,0xaceec19cab81d307a429e659d3172c388d119723a56089db22761b6c599176ca,0xf8fca1b3a0da25a8d08bbbf75eee5e52e4ce607d2c7b2456dabf9eaaa9b8dbeb,207,206,v2,1176638404348388168,,1223105334939519952,0,13582728619191070,13582728619191070,0
1,2300,2025-10-23T02:10:35.000Z,23637140,0xd3f654321aedca1923cb526b00997d6da2a703cd8496e7bb690e57764923d7a5,0xe95b6db8b9cb5f74d840afa421e416744f01a24115fe4cacdfa0b412688794fc,422,421,v2,1150247946316088060,,1223105334939519952,-719902677330127,12862825941860943,13582728619191070,-5.300132966751428518
1,2301,2025-10-24T02:10:11.000Z,23644263,0x8098d538c061090bcb064ce0f66c084c3b0ae704b8afa560038640a6cb1cb18e,0xe6199d7984fc6b6ba5b26d209c4a302b9ac69f73787dafe01b014212c4639a06,458,457,v2,1213526379683257681,,1223105334939519952,0,12862825941860943,12862825941860943,0
1,2302,2025-10-25T02:10:47.000Z,23651405,0x24a395371df7436646743b779f0b337d948502c98ec00bf26c100b33a614e549,0x21c8ba9db43e981e3f5346d035058c68f2c65dfddfff12056660cc75c99de90a,652,651,v2,1247452017747387399,,1223105334939519952,0,12862825941860943,12862825941860943,0
1,2303,2025-10-26T02:10:11.000Z,23658560,0xc23e0df0c64a9045787fe9db4ddc5f5cf2f90142fcfe895d9825064373a242df,0xe69f6cf3957fb34b5cf893639f07dad5f5bd7b6e0cc4d5c0b6f75bd0d43891f4,130,129,v2,1285737258308347323,,1223105334939519952,214380432364349,13077206374225292,12862825941860943,1.666666666666666277
1,2304,2025-10-27T02:10:11.000Z,23665717,0x48ad868e5b37449ffcf33f8ff56c2b6cdcd5a8b480e3029005e11577f1215dc0,0xaf79d710831bf4dc54a83fce7dba775e2dbe2c357bb7d05a97daa66384bdecd3,284,283,v2,1354577807038400346,,1223105334939519952,409974997210272,13487181371435564,13077206374225292,3.135035002722891317
1,2305,2025-10-28T02:10:11.000Z,23672857,0x7b7f779fd731011dc49b1e97d2fccb7f292e3d0f5dd54c489ed4a1a5dc11c2fa,0x853e6a1390ba8fd69489afff6aaaf92b3d9bd794b8dd20bb12661051a06aac3f,150,149,v2,1370370579648343269,,1223105334939519952,460308985525496,13947490356961060,13487181371435564,3.41293686833916364
1,2306,2025-10-29T02:10:11.000Z,23679986,0x3d5b33e4604d4fabfffa5eb9ee876bb056ef3b3d082b36b1ecf65868184d415b,0x4455e757952892a61c959450bfa93ffb0ab721d934d28de58ec2c597184d11ae,3,2,v2,1333538065761886846,,1225504888869715000,377740816564938,14325231173525998,13947490356961060,2.708306705345102785
1,2307,2025-10-30T02:10:23.000Z,23687136,0x38f1bba907215d87cd7baf2d3ebf4589466181f26d8daa1d8468e95f855d33bf,0x9d689d8633cb6a90660612c60b09a0a5a3c57c968f3c09af12b19acb1edea614,448,447,v2,1279690256927563926,,1225504888869715000,0,14325231173525998,14325231173525998,0
1,2308,2025-10-31T02:10:11.000Z,23694273,0xd3cc75dec93d3b693ba842134d7f28965648ccf1fa7bb01229e74c020cd22fe2,0x22459a47e7a086fa6316d6f544f376a179209a658fcc677092b4a2d18ce28b97,542,541,v2,1259078115701507436,,1227904442799911628,0,14325231173525998,14325231173525998,0
1,2309,2025-11-01T02:10:23.000Z,23701415,0x36428e498fd73d38c2bc84202f8134e3be05f7cb7be1c6ecf37d9f68e35e20d3,0xebadb84ae3b04daa48922b75e1962e1a812294dd794505cdba70eed3fa65f7e9,315,314,v2,1267757339119289626,,1227904442799911628,0,14325231173525998,14325231173525998,0
1,2310,2025-11-02T02:10:11.000Z,23708569,0x8c98c3a3f44529d4096eed88018db6b9c1d53f7a2f37cbceeecd6121feee8fba,0xa95c8128d349223ad9799f2c22196bb80dd3ca8470c84d345ac55c07fd1c9209,460,459,v2,1281847472130936777,,1227904442799911628,0,14325231173525998,14325231173525998,0
1,2311,2025-11-03T02:10:35.000Z,23715729,0x9a24adb22cab7ef75be011f8308a5486c6e467ab006f8a6bc42c914d5409fde1,0x204dba2497a86d6409daab875dcb638d6260d9a160fcb1e6b6c031319dfd5022,509,508,v2,1242674717608786998,,1227904442799911628,0,14325231173525998,14325231173525998,0
1,2312,2025-11-04T02:10:11.000Z,23722883,0x3d1d484771461a6d0efe16be541011cf888d815427bfdac14ed1d8f587b86529,0x2aadf6f5e8d5449ce754269ec5d678e701b8a259816cb529371b6ea474eb2542,584,583,v2,1184742857084017362,,1227904442799911628,0,14325231173525998,14325231173525998,0
1,2313,2025-11-05T02:10:11.000Z,23730034,0x029447fe1d6432beb2146f0da854b97c79fc7f0e9efb292261431ab9e521e87d,0x1bd6dbefc9196ebe0f84df00fe09a3f10ecc760248295eef7df814afeaa49c72,601,600,v2,1112717650972113063,,1227904442799911628,-959395669824324,13365835503701674,14325231173525998,-6.697243892282537694
1,2314,2025-11-06T02:10:11.000Z,23737171,0x6c752de813e389d5c10f35c9009f20b716acaa948cae255ae81e409af20188ee,0x523270bf747f34e790ef941f37f46d819f64eca338ebf401ce3c23140de6ab18,10,9,v2,1116364330040228038,,1227904442799911628,-883868451409960,12481967052291714,13365835503701674,-6.612893381526147355
1,2315,2025-11-07T02:12:47.000Z,23744335,0x2d15831456316e54153c91ca3e7755f6db806c405a6d47ea7f5781d0620d1629,0x4e4c70b61683c392371cca8289e5dc42dc5f9aa76549e3e800a6502b518aeb54,476,475,v2,1078459642474939068,,1227904442799911628,-901626263906364,11580340788385350,12481967052291714,-7.223430891373997201
1,2316,2025-11-08T02:10:11.000Z,23751470,0xc0c6a8ffd1c8d2aa9e4e76d720c3ab4f39f9c81bc90b45a273bd4d9060356030,0x3a1cdbf0e17537c0d8996e334b5ec8bf8dd8c8a0c22c78d43fd6f419760a3376,3,2,v2,1139862025649152827,,1227904442799911628,-685773729492355,10894567058892995,11580340788385350,-5.921878656456815842
1,2317,2025-11-09T02:11:35.000Z,23758638,0xfcc758c182d7df31fe710647b9d3b40905b3235a901bb46861d2d0160a96d9a0,0xf33d1f507d13c5be42e66b6aa24711221fb6e4100df55fa4ae3faff5032c642d,197,196,v2,1311463892036082963,,1227904442799911628,236807119398401,11131374178291396,10894567058892995,2.173625790894559385
1,2318,2025-11-10T02:10:11.000Z,23765787,0xd50e2882963a86d3092858cc3984f5c57e12dc01b018ae6d1e20c3ce9d90591c,0xff4b0e6cc6a18b8a2e716f3813b752b4ec2b47d5dfb805c8f188e973e3619fa8,146,145,v2,1372043307882133023,,1227904442799911628,373372514514515,11504746692805911,11131374178291396,3.354235591528966134
1,2319,2025-11-11T02:00:11.000Z,23772881,0x8390db998c3449d5149d737a4c5b5d728463c2ebace3b9ad777764cdcf769837,0x5f653f059fbc1491766c28a83528fd566a712cc44acb8f5a79b7cf7ab6be2a5c,298,297,v2,1374822648028468760,,1227904442799911628,389297773904768,11894044466710679,11504746692805911,3.383801349995838506
1,2320,2025-11-12T02:10:11.000Z,23780073,0x5ab4a19a46d32915cd13e71c09bbdcee2521aae5199bca40e7486b37cac58d9e,0x5731f058acb7db49c6b055cd775b0e20d1a130f72108030824a6c8caa9f7e3c1,360,359,v2,1340551114330818473,,1227904442799911628,331122542934412,12225167009645091,11894044466710679,2.783935639900836688
1,2321,2025-11-13T02:00:11.000Z,23787170,0x1f3016230fe68b2fc3effa961efe6f265f92f35e21668cf54addc284d9ab2d9e,0x0ef43b006c5d1251a50e8d58be4c171a3bada15519cbdfb8e10707917d8db04a,10,9,v2,1309127247920856279,,1227904442799911628,260335131465530,12485502141110621,12225167009645091,2.129501635929698378
1,2322,2025-11-14T02:00:11.000Z,23794307,0x6372d929bbe0485b67552d90020d91e178a4cc2dbbfca37bb05a9555a20f099c,0x961bd3987fc87d8136a606b093f6092982c2a6e0320c78fb9549fb0ce6230915,586,585,v2,1201074695438166140,,1227904442799911628,0,12485502141110621,12485502141110621,0
1,2323,2025-11-15T02:00:11.000Z,23801469,0xa6915f9d1f919ab80613b8aa612910d52f7306ac16525bbfcb9ca129514400c6,0xa616bc7cf45137fc0c67f1f5c62ad82232fce5084715266b62c95ee3baf90208,110,109,v2,1146243279153224329,,1227904442799911628,-707821516174884,11777680624935737,12485502141110621,-5.669147369285711874
1,2324,2025-11-16T02:12:23.000Z,23808682,0xd133e25ee0dcf7a1900c584a9b399be6dab1017a761cab87fdaccbf60c343aa0,0xf112bd39abf3ea8042c38769386c3fedf907ada61fe195d36cd9c11d0c29920e,657,656,v2,1198956530917005874,,1227904442799911628,0,11777680624935737,11777680624935737,0
1,2325,2025-11-17T02:00:11.000Z,23815776,0x103ad132454e2c5237aa899b718c7a80b74eea287ec317033b21ac0585e5e73f,0x9414554077c3ac56716c6f40a368e97c7ca00771f50c5ee0047bdbdfcf21a816,113,112,v2,1178091195228906787,,1227904442799911628,0,11777680624935737,11777680624935737,0
1,2326,2025-11-18T02:10:35.000Z,23822947,0x6fd7505804d779b923d6b0071167d5c4f2190973b1086fcd1f75be2b3996159f,0xe7d0875527efcfd4dd4d6aca31c6d54d6199c03f2bfe33b47b1ab683b9edd274,433,432,v2,1177901015131324069,,1227904442799911628,0,11777680624935737,11777680624935737,0
1,2327,2025-11-19T02:00:11.000Z,23830020,0xcaaab47887f1d0c30cee061ac37c1cf8ef8b4b79b600d55a879861431000c875,0x55fcc9254342f6dd99d476f9061fa077ed642adb6f0c7d9f4f8cd5d08d4afcc5,557,556,v2,1171044514857015551,,1227904442799911628,0,11777680624935737,11777680624935737,0
1,2328,2025-11-20T02:00:11.000Z,23837142,0xb8596d6ba57be698cbd151898c09ec3a6977f077d0f1965b4875287d39b8e44f,0xaa8d469d1db6ac279424e5f667b8ccac505ab986430a8590a5b4d981632044e1,47,46,v2,1165160895246551044,,1227904442799911628,-562619927850354,11215060697085383,11777680624935737,-4.777001056211131928
1,2329,2025-11-21T02:15:23.000Z,23844348,0x5f35eb7f74e629a9559a3bb2aa998939891810648bcadd72e41b8c1d424646dd,0xadfe45af13efb29d53d05a7e891fd18e2823fd07cad8b6881f0dff5756bb9e84,237,236,v2,1268137271642002046,,1227904442799911628,0,11215060697085383,11215060697085383,0
1,2330,2025-11-22T02:00:11.000Z,23851385,0xf0935df4c82db11735401c62788adf5307ba5005fd8e8947d1a2959b42c26149,0x6c80e2b011273278ac6929392251df38c0c2ecef3754c702565a78505f504340,555,554,v2,1249453935877910270,,1227904442799911628,0,11215060697085383,11215060697085383,0
1,2331,2025-11-23T02:00:11.000Z,23858485,0x99bc7580f4cadc7ff8b4463de1de685dc7cb2fa4ac9b506cf69671eb115134f1,0x750ca6337ac03abf90adc9d01f3cfbfca2ec01e85ac7208da63f7451e3497f18,246,245,v2,1277365877663327151,,1227904442799911628,0,11215060697085383,11215060697085383,0
1,2332,2025-11-24T02:00:11.000Z,23865612,0x0162acba4bb8d0f313f0a747a555def615bf593343bcd98187b2b656e0e31338,0x6a47783d057d2951402743612e1bdca61b240e47801ba9295874ae10b5a57c7b,307,306,v2,1304145298144221110,,1227904442799911628,223706297891834,11438766994977217,11215060697085383,1.994695382700619094
1,2333,2025-11-25T02:00:11.000Z,23872714,0x934620597a28231bf339433194d435d5e4ee2ac49cbd41650b624fa66340695b,0xf044f6c8645224bb54dae8f17c7210057ae7d4e2336e60e773b7eaa35d1a75eb,291,290,v2,1290870939604170355,,1227904442799911628,190646116582953,11629413111560170,11438766994977217,1.666666666666661275
1,2334,2025-11-26T02:00:11.000Z,23879811,0x51abf89b7e29dbe78f6583a7a76e86cdfcd1b6d76cee7b3f6df2a204a8aca4b4,0xd284fdc6cb608f71313e4a9715fcb6b19399f6767ec12b8895d8978b211149c4,15,14,v2,1290946568557025468,,1227904442799911628,193823551859336,11823236663419506,11629413111560170,1.666666666666665233
1,2335,2025-11-27T02:00:23.000Z,23886938,0xab43b3d9c8625e13258c6f236aa54c629e198a76c9f4d6b874f788a48ab2c5f7,0x727461242eeec68de3a4e3e0dc03c236b427995da43bebcc6f029edd54dadcf2,818,817,v2,1367030049051964729,,1227904442799911628,385784223857996,12209020887277502,11823236663419506,3.26293243415817602
1,2336,2025-11-28T02:00:11.000Z,23894065,0xa6dc20d9c636bc0cf9931275f533661edd02263db9072365c1bd347ce7a73e07,0x8694c293497e2c9f45f8773142408404f9de8dbaf581c9df80843808285ba8e3,8,7,v2,1386498828544668599,,1227904442799911628,433695831976309,12642716719253811,12209020887277502,3.552257269280658369
1,2337,2025-11-29T02:00:11.000Z,23901200,0x26cbd5c2aa0783f4d44d36c61c075f546fdbcf17ac91ca9e9cfc19c56c810705,0x85cbb79b601c097fc39278b5bfda4e77c86aeb88e507d1c0713511c482d47c59,3,2,v2,1356577778751188685,,1227904442799911628,392170591696452,13034887310950263,12642716719253811,3.101948737799437147
1,2338,2025-11-30T02:00:11.000Z,23908356,0xfd14ff23e9951a17863f6b4616779241a90e35f20b958177db11273346344307,0x19732de1a70dbf8b3975a5b775dd4350c727884c9f65cfa44bedc5493cac324a,8,7,v2,1325600633437523923,,1227904442799911628,322052062111407,13356939373061670,13034887310950263,2.470693105577212063
1,2339,2025-12-01T02:00:11.000Z,23915515,0xd7d9e0247d1f28d252b365d9101794bb3e9b6f3de96cbacbbf205578d682d614,0xcec7ce26ea6490f99dd80a7dcd625b98387e2c5f7f8ecdfeaca35d995e83a267,4,3,v2,1304086686892345303,,1227904442799911628,266430252944583,13623369626006253,13356939373061670,1.994695382700625449
1,2340,2025-12-02T02:00:11.000Z,23922663,0x22df6523bf3ae1b9032f44840a581c9610c77fd15fbe0427d0f8df52badb27c0,0x5ee6a4f18c7d57bd0955071d1f79c515cf83e789d78693f4cd256b1232aa2669,483,482,v2,1200946280683427976,,1227904442799911628,0,13623369626006253,13623369626006253,0
1,2341,2025-12-03T02:00:23.000Z,23929807,0x58ff790d046090c811faef70ce9f353aec39bfceba1f0d68b24c37f18c74df42,0xa233c6bda4a0cde135d561838a8de83ff7460ff30f3eb7f69872043f2bbd0599,657,656,v2,1261754514223501453,,1227904442799911628,0,13623369626006253,13623369626006253,0
1,2342,2025-12-04T02:00:11.000Z,23936881,0x60625dc13791e2d9843a3a3a1c330ff744ecd953e6f19f04164687cbb87eff6f,0xc8b7702db1f67864ade09aced1ac0dab2e49114c5d33c4314c76a4def2b0ddd8,148,147,v2,1298326033822307832,,1227904442799911628,252897390685204,13876267016691457,13623369626006253,1.856349769754738081
1,2343,2025-12-05T02:00:11.000Z,23943659,0x3d478a60068b8e182ee59076e84e5e9cf17d50bfae0f4f49b47063caffb7abc0,0x1933812b8454156d949c6843c5f949d7498a2bac0344454cb646062e1fc91775,199,198,v2,1299040658479239604,,1227904442799911628,264044366409602,14140311383101059,13876267016691457,1.902848699091685304
1,2344,2025-12-06T02:00:11.000Z,23950735,0x230c5524e9d793dd52f9ffd7b5c0f8cc5a9020399208b0940ca20fbc23920bfb,0x173354c7f5e58fcbed44500ef3e31c3780a28bb4ae44e4480a0547a74df19b2d,899,898,v2,1271019510317724814,,1227904442799911628,0,14140311383101059,14140311383101059,0
1,2345,2025-12-07T02:10:23.000Z,23957894,0x2c3a7b769bffa11c26e35a0961104c5bc47ffd8e84ae7963dc6a5b043f6cf4ea,0xce6fc8fd03f3bcc3478be17e353878fa15841859bf530bfd6ad6e88ae89f1536,165,164,v2,1272865651335755408,,1227904442799911628,0,14140311383101059,14140311383101059,0
1,2346,2025-12-08T02:00:11.000Z,23964976,0x505d19f7dc53c01067635e501130ebc0890c9256ae63e942055088878fb94486,0x5b347ceb71ce1d9baa2e247366076794ef021e5253666f77d3c6ec09470024ca,170,169,v2,1259768062351848620,,1227904442799911628,0,14140311383101059,14140311383101059,0
1,2347,2025-12-09T02:00:11.000Z,23972107,0x99bff6614109096a8830e61c129a2b7fd43a2d4c81352385b2b788cd2731447a,0x685fa82f482b91532d950d76f709c63eaa576a432d366bc7e1a792f73102c56e,88,87,v2,1304491776204366551,,1227904442799911628,282056138258208,14422367521359267,14140311383101059,1.994695382700627058
1,2348,2025-12-10T02:10:11.000Z,23979267,0x20f7e08f839abd21cb51e69ae715b678e4cef0ac11d63327cc03115aee61220d,0xf66732d777821944024c004aeba45c11aef5f83a05e93e195aa368ee91cc6cef,284,283,v2,1341053366981076837,,1227904442799911628,401509429544604,14823876950903871,14422367521359267,2.783935639900839814
1,2349,2025-12-11T02:10:11.000Z,23986371,0xaf2ce76226f601a68dc7e2608b0cc018dc2c7fba63ac93d2bf65225ba186b084,0x3dfa9ef3cb6cd7887459230febb4c943f1de8b37e0306e43007c65c8ce84c659,8,7,v2,1309308551714215168,,1227904442799911628,315674702177704,15139551653081575,14823876950903871,2.129501635929702265
1,2350,2025-12-12T02:00:11.000Z,23993456,0x4f9edd1093771295bafc966474b5ccbc68fe2bc0920edba68817d24ba6cf81c2,0x1959e8161f11b5f446d4d500b9026f8a01c4eababf4b39a69aef2a2ede012460,153,152,v2,1271364302760741632,,1227904442799911628,0,15139551653081575,15139551653081575,0
1,2351,2025-12-13T02:00:11.000Z,24000569,0x67486ead7d23f55252694b03c2010e47a7017165f76f85d114a746007c1464c1,0x5b5e399ebd2f2b059a71ef995b88b8c9f437f42c513d2893a7088499c1f11d9e,237,236,v2,1239105090377169152,,1227904442799911628,0,15139551653081575,15139551653081575,0
1,2352,2025-12-14T02:00:11.000Z,24007717,0x8b0c76c147fc22106f14d07600f86b85fd8cab7c733ed7b1b7983825ea905c28,0x03f9926920f2c4f6378c5ffd6e2107e4f68c02955c362f31cfbb994f43687156,81,80,v2,1236603491828176384,,1227904442799911628,0,15139551653081575,15139551653081575,0
1,2353,2025-12-15T02:00:11.000Z,24014878,0xce25e6d445bbd2fb65f10ad9d8e9cdaea3ceb9ef2de256375aa8e9c8670a8fa8,0x3fa74114c06f8f08aa1e39be7dc04fee38d9b6a6f1724a51561cc3e7693d7a74,355,354,v2,1204073752521131776,,1227904442799911628,0,15139551653081575,15139551653081575,0
1,2354,2025-12-16T02:00:11.000Z,24022040,0xbfcfa7afa395df771c19eac1fd6b808123ec10730eff7ba35632ff429fd7588e,0x780adb2ac86724a88c01397820636be281654b1fc2456ec7404fdfed57b76ff3,3,2,v2,1166280369858573788,,1227904442799911628,-707475137377785,14432076515703790,15139551653081575,-4.67302568523409482
1,2355,2025-12-17T02:00:11.000Z,24029208,0xca351143a8ebaae43ee667b131b97ef0dceb95ff20f61171da65df759a8c527d,0x6a4203d2b73eb7c29c9e11fc7cd440ff83483a33ba129925a8101f0b640cfd07,3,2,v2,1157997088218183796,,1227904442799911628,-738824916485757,13693251599218033,14432076515703790,-5.119325106694306504
1,2356,2025-12-18T02:10:35.000Z,24036417,0xd6fc8869cb066b42e5139f642ed80bfd8fa291aeb521abc686fb1fd7ec181dac,0x7c615b7c8656773b3ec387957f924b256c90c69aa3f8ecb8ae206b81a3085df9,463,462,v2,1185196217289787972,,1227904442799911628,0,13693251599218033,13693251599218033,0
1,2357,2025-12-19T02:00:11.000Z,24043525,0xf27ea01aec5afb3a20b53553f2d6791556989c9a8a57368be4fe9014d81f5acd,0xb57685fc225dbedb4a13d9040a4d945ae29acd56c900b6377e6a56365da57274,365,364,v2,1083708653905166012,,1227904442799911628,-981914454190489,12711337145027544,13693251599218033,-7.170791006619364383
1,2358,2025-12-20T02:00:11.000Z,24050680,0xeee63714a8812d953cef9d524cf393b6bba744641aa2e4e38a3247a680a0c930,0xe7b14529b25669ebc8f43bd51f8cdd6c174c41e1fcb94a45c7e414dfbbdfba96,11,10,v2,1110270366048163901,,1227904442799911628,-856375400369351,11854961744658193,12711337145027544,-6.737099257133230049
1,2359,2025-12-21T02:10:23.000Z,24057901,0xbb8ec90ef93a73edad6a0fed637b3a59d5238ffe43f25b59795b2a4412b945eb,0x7ecef616d97090c2b5a201fec67254ac77ad45308c3726876ee53a02806f0e0f,382,381,v2,1211818247259652317,,1227904442799911628,0,11854961744658193,11854961744658193,0
1,2360,2025-12-22T02:10:11.000Z,24065076,0x13a0e24d918fea93729af4fa2c4a0fc3e4a7d9d8a959454da0ff3ee73e590362,0x16b80cc45010fc958ab52f8e12dff308c4c7ccc37ccca9e3269347b919b244e1,498,497,v2,1220427249891063590,,1227904442799911628,0,11854961744658193,11854961744658193,0
1,2361,2025-12-23T02:10:11.000Z,24072239,0xe3e07befdd0382a69222bb911ec0895c8dadda31e7918c2609e90f4d80cd5c13,0x8cfcded0b6057567b3757799f9e3036895623aac5ab853a6812bd180bf5feb5c,346,345,v2,1232601199446200733,,1227904442799911628,0,11854961744658193,11854961744658193,0
1,2362,2025-12-24T02:00:11.000Z,24079351,0xfaa0e145b601e1553f7b83196fd164503f2ce50610defd3eaa0ea8446b97f366,0x9160d7e5b0ec4b92345973568b5176fb356517a56be8dd54de37f4d138d9b26b,311,310,v2,1195563985894795116,,1227904442799911628,0,11854961744658193,11854961744658193,0
1,2363,2025-12-25T02:00:11.000Z,24086514,0xddd5e3f2f2b60178d0f676921a9e6d3e7eed0285fe3007b1837a94b06c161d65,0xdf49d08f74f721828c2c6c5cbd570f9a7dfd2cd116fd9f3f993f08fc432c912a,358,357,v2,1187807038950592640,,1227904442799911628,0,11854961744658193,11854961744658193,0
1,2364,2025-12-26T02:00:11.000Z,24093679,0x4a97dc741525f694aac6a0053e30df98dc060c543542a08b9978c64ea7167997,0x2c58aee1543fba2a339973fdcdb454eaa2da35d472f524b08e80d0583ef427f0,427,426,v2,1172020622056379809,,1227904442799911628,0,11854961744658193,11854961744658193,0
1,2365,2025-12-27T02:00:11.000Z,24100843,0x00cb03cdf8090606abb81d29ec52eca86545a5cccaf91c4c8c2b924181a7f3d9,0x6bc7a6ace2dc1c54a773dbbbf5874a3fbd4795daceab1d933d6e2da2d871fd30,531,530,v2,1169082212662765313,,1227904442799911628,0,11854961744658193,11854961744658193,0
1,2366,2025-12-28T02:00:11.000Z,24108002,0x569491761bf03cb4851bf77e8383c5fb656537931bdb4e85b706cc0c0c615844,0x54f2c9675c78d76db91ac17411f100ce6da28c270755fe3a40b4b533fa479d9a,167,166,v2,1159271378116623171,,1227904442799911628,-601337872786001,11253623871872192,11854961744658193,-5.072457303010377737
1,2367,2025-12-29T02:00:11.000Z,24115176,0x577c87aec4daf51a7973ffc6a9c59a3e74e0ffadcf6c23a2d40d3ea7b88f7c1c,0x06ae7bbce2972009c87f615d42db01e7794e36ba9cba88b09c163f06fd2a6b71,1038,1037,v2,1200312282950917745,,1227904442799911628,0,11253623871872192,11253623871872192,0
1,2368,2025-12-30T02:10:23.000Z,24122387,0x2be6d2021f57b56e5d2d291244c0878a168dce06c35f1246379b253883d922b5,0x81ed2bbbd4a2e149e26febfedd16b064481a3c4bfa4305e7a41a3abc71ce831c,530,529,v2,1237212671518999429,,1227904442799911628,0,11253623871872192,11253623871872192,0
1,2369,2025-12-31T02:00:11.000Z,24129483,0xa7c57af71dde6be45a1841befd560fa85c17e49efa0503004dc836188c6f0b17,0xb4c7c73b36225d6df2210f615042e194d13667e3fcf894ed8539d321f77a16ee,394,393,v2,1215356001042530730,,1227904442799911628,0,11253623871872192,11253623871872192,0
1,2370,2026-01-01T02:00:11.000Z,24136652,0xdd0564cf9c2f4863563eccbe27edbc1f24658d17828d3d003676066f3e9ba608,0x830aee0aadd9bf2c7692e65c29bf01c6f323161d94508b755020dfe480c0cb85,1616,1615,v2,1202799696303234935,,1227904442799911628,0,11253623871872192,11253623871872192,0
1,2371,2026-01-02T02:00:11.000Z,24143820,0xc6f1b5df4603e0fbe94821e7167e5d996db466a22bbaef97fbbe6635e9d773d2,0x67e535e6dd496e9ec7fe79e6b7441e867f5d3812377702a821a0fa117e72f89e,434,433,v2,1203757248576572286,,1227904442799913208,0,11253623871872192,11253623871872192,0
1,2372,2026-01-03T02:00:11.000Z,24150992,0xc33f33660188f3fcc973763f2a3fcb0a3b5dd2b5433f131d85b20870eed871d5,0xfc5335e73e31e0d3b84b0de5961fa4bf4634992a2b39bf8633fff63a3b3b346a,190,189,v2,1230054341364057279,,1227904442799913208,0,11253623871872192,11253623871872192,0
1,2373,2026-01-04T02:00:11.000Z,24158165,0xf63b3fdc78b2996eb937f7e8ee2faa76e507f7a4134baadf1e8f40e79c15076a,0x5e03143a2d3fa50213cf815811b65bce5a832af41d5e71779fcb8fc1167ecd5e,341,340,v2,1233766035841500674,,0,0,11253623871872192,11253623871872192,0
1,2374,2026-01-05T02:00:11.000Z,24165336,0x041303cd77f7a670e0cd8708a6593b91254aa4ef9f8243f3467184ca8c116b95,0x4c9c6522cb2c5caee2b09f02769564e8df6bd814cbd257b0ae3a4909801ec20c,645,644,v2,1245878012600147802,,0,0,11253623871872192,11253623871872192,0
1,2375,2026-01-06T02:00:11.000Z,24172501,0xd9f3be5356306a97900a8382956ada0af3d8f300a83c6a74ec3c0642c41c6560,0xac2361b68e4cfb3990a4767cfc289be554e0de6d7229db9f841fba4497d807b8,475,474,v2,1253958936892860369,,0,0,11253623871872192,11253623871872192,0
1,2376,2026-01-07T02:00:23.000Z,24179678,0xe37e3be3fcbf6f9c805f5066d3f1e7921008dbf2fa5e893cea50bb0c9346f0fc,0x9692e809449aa50e31cd5e8414c614d924ac4d83cb1bac63214a258ad783597d,468,467,v2,1274973453569633400,,0,0,11253623871872192,11253623871872192,0
1,2377,2026-01-08T02:00:11.000Z,24186838,0x069f97caff5fe8965c99eae32f55a01e28be273491e7847256555161a18a4146,0xe9133d7bb10d8930d00911b3823d47176fae2e0e9bb57ff42bf3283693efb039,590,589,v2,1271973235211278754,,0,0,11253623871872192,11253623871872192,0
1,2378,2026-01-09T02:00:11.000Z,24193995,0x46404ca9c0a178e96b3283d0c08effd19882fefd11524ca6aad623aa120828ef,0x55908768dc30c395a5c983a772ebe1a14571b4f8233c4aa628b745c79211c4c4,1089,1088,v2,1252119832304307119,,1230760057013689825,0,11253623871872192,11253623871872192,0
1,2379,2026-01-10T02:00:11.000Z,24201170,0x2b4b97afc69de466b24521a1f7b1035fd46feed80054a801cde1f5d16d4dcdcf,0x3b73a6cd4e8ae0fdb12197e8292b91bb5b95ed34b8a1e2b153ddc9e81ba54879,160,159,v2,1254628208649010103,,1230760057013689825,0,11253623871872192,11253623871872192,0
1,2380,2026-01-11T02:00:11.000Z,24208339,0xef40bf45388b475b82af52004e845308de4c4f3e5dbb3833a9c2832457ab3b67,0xa48ca99d8aaad8c19430330ce05d26b8a77254b3d21ef1208cb94e3eeff12188,275,274,v2,1255897100726502453,,1230760057013689825,0,11253623871872192,11253623871872192,0
1,2381,2026-01-12T02:00:11.000Z,24215511,0xb6903f73092d04867d0e885773d9847f293e6868bf4930a00681d0a73bd66efd,0xec251bf3f3d53624c280a43359673ca834f051190a8598a72d167f63ed651e39,147,146,v2,1261186085844100738,,1230760057013689825,0,11253623871872192,11253623871872192,0
1,2382,2026-01-13T02:00:11.000Z,24222674,0x22df457e12d2b724e5873f45e6251aca1f909f0e975adbdc2fb347896b23c6c4,0xa4d1d7f7948fedc7f0249bb8e32f1299b80f9b353cc0fc503a87e5bfcd9a16f4,512,511,v2,1279717630400111593,,1230760057013689825,0,11253623871872192,11253623871872192,0
1,2383,2026-01-14T02:10:11.000Z,24229870,0xfb77fb3d959af5b2936d066f72292c9e5ed3f5114c63cd76dc1541190c735318,0x9c088d69c5937019b4e2e3418ae6d69aed24aa1cd29cd47eedcb02834eb6e40e,425,424,v2,1306849419481763319,,1230760057013689825,224475515758730,11478099387630922,11253623871872192,1.994695382700625772
1,2384,2026-01-15T02:00:11.000Z,24236985,0x4510ff5d89e8598c2f455f4f3ef3a92af0f1385b0f530da89415453ff2b89630,0xe7e843fb39131119b87c506543747576bfcaef7933c79dbf021b1db8c2df6c03,21,20,v2,1334914352743610416,,1230760057013689825,301975285225406,11780074672856328,11478099387630922,2.630882300521128818
1,2385,2026-01-16T02:00:11.000Z,24244157,0x4fb1047d96db40f6744c8174eb4923ca3ea78d53a19bd706ca1f8d4f215b9770,0x77341b663f4b5ec8b8307ab2931471c4c0a8bacf2c0453973f5c73807134bd55,282,281,v2,1294301689125975703,,1230760057013689825,201984325554891,11982058998411219,11780074672856328,1.714626869219290208
1,2386,2026-01-17T02:00:11.000Z,24251336,0x6642c94ed83df450591c3eaa50d93075064b8d37df0495bdab7d225524f7130a,0xdd0f4b043aa8482522f10cc2d45233af18fb0b28f8a57a4c814fccd1f9a5429c,527,526,v2,1273031861111213149,,1230760057013689825,0,11982058998411219,11982058998411219,0
1,2387,2026-01-18T02:10:11.000Z,24258559,0x77d16b09c895ab2d357951861ce526d6094756a7ad4b816fe29eb9c814f8faad,0x4b6f0b29882f175fcb01c0b92dfddbb73a5a537e70649c2ad1ca52138455109a,356,355,v2,1274138175936079122,,1230760057013689825,0,11982058998411219,11982058998411219,0
1,2388,2026-01-19T02:00:11.000Z,24265690,0x64f0783e75e45429e409e2ec2c7810a723bda1e2423a0368db25a24efc07c483,0xcf4ae602abfa8c9f098034dc81dbc0ff9a94f4cf92b0b26c7bd00f1062daa233,437,436,v2,1271204414277680427,,1230760057013689825,0,11982058998411219,11982058998411219,0
1,2389,2026-01-20T02:14:47.000Z,24272934,0x1015e9bb16451cb32d22b11f8ba153560f3e758c2b4590841142962be718a975,0x9d06d2fe2c4ff7d84bd312d9e226e918d6431287520dacd74f95d6b61cea2a2b,832,831,v2,1245424169539071680,,1230760057013689825,0,11982058998411219,11982058998411219,0
1,2390,2026-01-21T02:00:11.000Z,24280034,0xbde13bbc35a63b25ec261c2780a667ef733500971971d2a30445331ed5a709f2,0x0479d26878411c14af28d459dbe3d5fa604042b135589c523821b24881b2dbd3,448,447,v2,1200741315667226433,,1230760057013689825,0,11982058998411219,11982058998411219,0
1,2391,2026-01-22T02:00:11.000Z,24287206,0x998a5d7769d66a27f7558a7c303f5cb937824bba7573bfba56ecf2f6d77dfe0e,0x52b10f5590628fc1a2e61a596f6fdef1649f7e645fad03986ac2ca0734161e7a,179,178,v2,1187553239541440472,,1230760057013689825,0,11982058998411219,11982058998411219,0
1,2392,2026-01-23T02:00:11.000Z,24294364,0x618615678f573ba4d2d8a0030f6160758a0915029a2a56a011e4bbfa7c74eb65,0x6d4548d3e99849dd4ff0561e39761b034bf8d9a533e40b5a462c3ac957f8fa01,726,725,v2,1194031091393237497,,1230760057013689825,0,11982058998411219,11982058998411219,0
1,2393,2026-01-24T02:00:11.000Z,24301525,0xd668e51ec1c399f4bd085c575aa56c21926884e57067a6b457fcd5c1dc14d5ee,0xb32d386a6d88abdec398efa44847c33329c43d58f5965e719b9cfb0e2a9c0694,550,549,v2,1176044400520910722,,1230760057013689825,0,11982058998411219,11982058998411219,0
1,2394,2026-01-25T02:15:11.000Z,24308771,0x170247117ef7f956cec83f05175f0ed9f1ed21322f50fc507effeaf56d6c0ffe,0x9a23faf64dd6a93529c26a70210f1614fa2c2452249bb36baf4a00ecda7105fa,508,507,v2,1192149121618296971,,1230760057013689825,0,11982058998411219,11982058998411219,0
1,2395,2026-01-26T02:11:11.000Z,24315928,0xb573d930fc22dca4230d01a81fdb93da6673af8750de46486b330be2a1fb1f46,0x7407898a128283e42d35d7f527039b5c89b7be679d2bcdc587c06802c4531318,2435,2434,v2,1150255033604457187,,1230760057013689825,-669982118637640,11312076879773579,11982058998411219,-5.591544147182695319
1,2396,2026-01-27T02:00:11.000Z,24323040,0x16c342cde329ebfe79c882fb43501d434f72dc360028eeb26f082e25ace44cef,0x95e58fc0d47fa027418adb8c9625269501e4bf06119b41bd0c5113b4894ea864,810,809,v2,1234577002093619437,,1230760057013689825,0,11312076879773579,11312076879773579,0
1,2397,2026-01-28T02:10:11.000Z,24330261,0x486f2f40eeee3a74a80ce923e23d19355ddbeb2f6d838be622a6bc094e791985,0x47e45026b46f5ad274eb10963f2de4d9d1c22624aa7684e4a0bd142fec1ff814,604,603,v2,1261498173595190875,,1230760057013689825,0,11312076879773579,11312076879773579,0
1,2398,2026-01-29T02:00:11.000Z,24337384,0x9e65b8d5c69d765d0120f7ca77d4e0b72198ad0f11de65ab67ea586b116eca78,0x98adec0914added6222024dac06d3ba7b8b34c318a2911c4a3ffac5b8e4d20cd,420,419,v2,1267861132777376083,,1230760057013689825,0,11312076879773579,11312076879773579,0
1,2399,2026-01-30T02:00:11.000Z,24344553,0x6bfa16eaf935602c48d5e8fe77baaa1f3a495febc8421b6a19a232712ed3830b,0x82727158b11b383a1599e819762ee8203be18f4b5566f7718a79b5f995ad03c5,534,533,v2,1193951359319191441,,1230760057013689825,0,11312076879773579,11312076879773579,0
1,2400,2026-01-31T02:11:11.000Z,24351781,0x3e4c106deada994b2b2b3dbcf8c1b17a2ee789054911361970e673f1ea787784,0xcf988a4cd1518f01a10a1361e0065ca975bdbcea1595869de05824eab799e627,257,256,v2,1197628679802579633,,1230771337656744943,0,11312076879773579,11312076879773579,0
1,2401,2026-02-01T02:10:47.000Z,24358942,0x9de67fa55642f5d79089f85c7fee839d513bf97d02e88403e899a66a39d6d0fd,0x6f2b497e0e8b3ecf27fa28aca79abcf737ed23f7a3fb2584202e57e856bfd747,901,900,v2,1139332052266393641,,1230771337656744943,-681163304247723,10630913575525856,11312076879773579,-6.021558299923409577
1,2402,2026-02-02T02:00:47.000Z,24366054,0x1a00e6739e50ffb62c3e860bb9b354ec56a257cae0bac1daad707ad55fd9eae5,0x8e858f4957f1a5a0927d8ce4bbdf74cbbbe8c95fc7509e50b104dacaa56c2af9,55,54,v2,1171191570688615287,,1230771337656744943,0,10630913575525856,10630913575525856,0
1,2403,2026-02-03T02:00:11.000Z,24373209,0x0b9e0423bf0395e144eb5ffa99358bdbd933be61ec33b10188d107c4d0af486f,0xf937b1b2b6b9df843b40ff195cab3d2a39d0088fcad35a931de3b2045490a8f2,46,45,v2,1153421140608947760,,1230771337656744943,-581561596427445,10049351979098411,10630913575525856,-5.470476194692215553
1,2404,2026-02-04T02:00:11.000Z,24380362,0x7b2f096344ce2e96cec8229ebf2491ca2ad5ac13ca171d29806b29a7e2c3da2a,0x2c082801e5a0303da0c3675863c6b6213649747e59c55c6c3ae928b8083587fc,1187,1186,v2,1196758191859973135,,1230771337656744943,0,10049351979098411,10049351979098411,0
1,2405,2026-02-05T02:00:11.000Z,24387512,0x4d694022a32f05a9cb12c3b63b5fe11735b6cb0ed12411b0e8c6544afba494e8,0xa5cc10f272fed4937f4319f6737529be0d362ac94691d3de9d96acc5724fb061,207,206,v2,1139869181417757370,,1230771337656744943,-601844524081560,9447507455016851,10049351979098411,-5.988888888888884987
1,2406,2026-02-06T02:00:11.000Z,24394662,0xee5603a7c22d7fe2d9aeb5432ced80b8ab600332d83bdfc5f45db81eb06d26f0,0xc31b5f718ea9e04250ef0bb446f69d169236ce49094b7681b16aa4337d323c35,272,271,v2,1053839530047952610,,1230771337656744943,-703082825399905,8744424629616946,9447507455016851,-7.44199280865929679
1,2407,2026-02-07T02:10:11.000Z,24401871,0x8498ebda65e4e4ad25d26ef11bad21454b224aefbbc61c13be13dc6185752860,0xe532f38164b3983976327a86745c3b009ed52d00cea0ff2c3dc5ee85a633a458,69,68,v2,1144699492262913567,,1230771337656744943,-508671186016655,8235753443600291,8744424629616946,-5.817091547610921564
1,2408,2026-02-08T02:00:23.000Z,24408971,0x80ea3d0f1c491ea24a2f0e97b0c56f61627d256e23882779ad165b8831920033,0xa5bb49f2b09f17834a9a046a0a4bb95d3be39e6020ad683daaaa0cb5fc56d440,1288,1287,v2,1275275050671398360,,1230771337656744943,0,8235753443600291,8235753443600291,0
1,2409,2026-02-09T02:10:23.000Z,24416140,0xa30f7c51de219f949284a0a5aa981f6b052af563dd8b7d97e7b82f0b9f6366a0,0x727d0a6963d0a8b7289e44ef93edd4a75d0b44fc6ac1afc132cd363d705bb379,415,414,v2,1302311223893945694,,1230771337656744943,156713927261947,8392467370862238,8235753443600291,1.902848699091687591
1,2410,2026-02-10T02:10:23.000Z,24423297,0x4cf99fe40d978792ce437def6ff5b8797c03bca07558f65240a0bc7fb36dbb5f,0x3f0eda4d5f538fbd5cc3f84d9315ba12b6ed2bbe7a5250509ec407f14bf336d0,710,709,v2,1244078364970073792,,1230771337656744943,0,8392467370862238,8392467370862238,0
1,2411,2026-02-11T02:10:23.000Z,24430453,0x8c64de323ba4df24fd326a1b93fed0986f1937a5675cb6f9254937921ddfe5b0,0xc8b0f984c9c84f833e15061e74b54a69d7c96b01a53a0d64d1274c95531098e6,745,744,v2,1176802827321766100,,1230771337656744943,0,8392467370862238,8392467370862238,0
1,2412,2026-02-12T02:00:11.000Z,24437571,0xde8f43b96cf2fd4b98a2f32d8d91237eb271ab14b6326112aa583f0f01e3ec4a,0x317e2e4dab42b25f65e6ac924e057069890fe5887d5fbb3d2cedfd4801d733d5,4,3,v2,1145552291008469891,,1230771337656744943,-485168450685735,7907298920176503,8392467370862238,-5.780998951156947188
1,2413,2026-02-13T02:00:11.000Z,24444737,0xf31096c1280107daad57bdce4ca0a36c7eaa0150133429a5e157af872acefaeb,0xb1f01d864d2fce6f78a103c8a7f7fc11bfbd28873db8973f2399b828ae0315bb,309,308,v2,1201884292302671958,,1230771337656744943,0,7907298920176503,7907298920176503,0
1,2414,2026-02-14T02:00:11.000Z,24451899,0x12550152298025b4cf87a2665dac45ad06b3d4479ae67e328ca779ff2669735c,0x8686afe049126638114a28619aac91a1adcb6694ea6570abf47ae699d02d5429,1508,1507,v2,1230757076007442776,,1230771337656744943,0,7907298920176503,7907298920176503,0
1,2415,2026-02-15T02:00:11.000Z,24459073,0xcccff246dd99fd5bac9151ed3243b3b1ee702ee43f6defc31d74ab74523bfa5b,0x06852ae377e5b6ef881ef9f1507dd264a9f4a5afbf5abb48f46327a8d3f151a2,184,183,v2,1268848283235352533,,1230771337656744943,0,7907298920176503,7907298920176503,0
1,2416,2026-02-16T02:00:11.000Z,24466251,0x7240ebd4a84f876aee7672a9396dffe79efc97af521f7c2df3c4f4157155cac3,0x4da97463efcc72daeb27d067e9e757518fe4e724be680df6f57d3e1e995787d1,257,256,v2,1242697870294695623,,1230771337656744943,0,7907298920176503,7907298920176503,0
1,2417,2026-02-17T02:00:11.000Z,24473426,0xad5b75161f2fe8f6bf95ff31ac7f2e9116d7646698af8418107b7e7b38e913b1,0x1b454ae003dfd0d365051021baf9d355dee129595069be45782a2b7df0dcb456,321,320,v2,1211821254335655067,,1230771337656744943,0,7907298920176503,7907298920176503,0
1,2418,2026-02-18T02:00:11.000Z,24480592,0xbdec640e938dcc4dec41c57358cbab65a7d39f827ed816bd7adb531498700898,0x873cb5fd34a2688720f5ace694a5b0747b983f44812bb58ecb1e3f7bebeaba14,562,561,v2,1214398060843400459,,1230771337656744943,0,7907298920176503,7907298920176503,0
1,2419,2026-02-19T02:15:23.000Z,24487838,0x384a8bb0563200ef01d2da4cb4dff5ce4f463d718db2479f20812a616caea24d,0xb1bbc23a8e9a58604c42c1d2799945c2a95c7caf47baef42066b9df1c3b11bc8,797,796,v2,1223111338934769157,,1230771337656744943,0,7907298920176503,7907298920176503,0
1,2420,2026-02-20T02:00:11.000Z,24494933,0xfca156688f1fcee2e80b3cf493c389b01a0d53067f7e483fbca1f6bcc9b0fa65,0x415a222869e8b24b597d876ec68dab9c00b17e80a2d47147c21000d36ecc9dcc,118,117,v2,1218575083513355990,,1230771337656744943,0,7907298920176503,7907298920176503,0
1,2421,2026-02-21T02:10:35.000Z,24502161,0x80950cd652e16a34175db524eb73ef692fe90286e68cdebc48469e9251242523,0x9b5fdfbb6f933bb771484d0b419a3df0976442c97dbe273cfd2df0a2a10e0f64,480,479,v2,1212068231346571621,,1230771337656744943,0,7907298920176503,7907298920176503,0
1,2422,2026-02-22T02:00:11.000Z,24509280,0xd3d51f2e0c4c7914cd9a2556a10434ce8e063d6eb6fbe91f25a7a30cda04a04e,0xe395f633e0bb3740bf5359990a99f21db7401e4ef737be3f97cba95d14d01a7c,461,460,v2,1227589721257799204,,1230771337656744943,0,7907298920176503,7907298920176503,0
1,2423,2026-02-23T02:00:23.000Z,24516458,0x069fea557706c0e289e25bca9851f9bace02cf996e0a74eb5ded39c881c20fdb,0xe6cf155325f6153339a814e2edf1b80b9c2e3bdbbde159052c772f418cf166e2,696,695,v2,1204026132628908603,,1230771337656744943,0,7907298920176503,7907298920176503,0
1,2424,2026-02-24T02:00:11.000Z,24523629,0x39f02560236178b9fcd7ab63bba80973fec8b6194d55ef5b513a21ca8e033f7d,0x3cf40842a7fd751d2d06f6ea005e58ed53cfebffa6b0872a46a4f5c59e6156e3,3,2,v2,1159960227060086222,,1230771337656744943,-408453329452085,7498845590724418,7907298920176503,-5.165522810954612264
1,2425,2026-02-25T02:00:11.000Z,24530801,0xfab5f9d2ec9b36d363c728a093941cc2fb56eb89ea9e5e4b2b69e7b7521ac8ff,0xdef16d83cfa257767548d87cfc7158a3504b3b969d2b2afcf81e139e0e691afd,474,473,v2,1186437454827397396,,1230771337656744943,0,7498845590724418,7498845590724418,0
1,2426,2026-02-26T02:00:23.000Z,24537963,0xc7c2e0392992796a89f8153c9a4f867c53d1f8eb59149e1f41d1554c8d5d293b,0xd762d5466b605a84db9081357ace5f6cf6a2347e963ddcbb187a2d7ecf13aaaa,563,562,v2,1302398898047303058,,1230771337656744943,142691685769994,7641537276494412,7498845590724418,1.902848699091688078
1,2427,2026-02-27T02:00:11.000Z,24545137,0x8dcf81746ccc0cb14e1dfbd10cdddac5b53429a832507721bdfda8c3f554edd3,0xc189dbd7c165c8413d715f49a47cb3d8ba540a90c15805659315264550977e79,482,481,v2,1262226964995508778,,1233483526551654977,0,7641537276494412,7641537276494412,0
1,2428,2026-02-28T02:00:11.000Z,24552307,0x040e4b3e9918afdb9e0446de23703f7096620d3591a4befbd53633b0afda4b93,0xe04e88c7223b1c4d88921ac96157feb076daf37d747c1466508d9d14a51172e7,297,296,v2,1227023563490908524,,1233483526551654977,0,7641537276494412,7641537276494412,0
1,2429,2026-03-01T02:00:23.000Z,24559467,0xeb80c3b7dd43c41d3c610496cb351fab34726fea05dc0fcbc6fcaa285d88f3ff,0xfa5552bb9f2235142c5845063d2a8fd8f1b9243516b797ae1716035f79f32efe,177,176,v2,1186423495685626245,,1233483526551654977,0,7641537276494412,7641537276494412,0
1,2430,2026-03-02T02:00:11.000Z,24566640,0x22879061cb680514ba0237e9402bf7e6b6914ca6b5da5bdded6aa45ec94241e5,0xa892bb5790f548e4c141545c2c418ad55f8ecce9cc5d793b3dd5b5980b6237aa,676,675,v2,1243718302795071400,,1233483526551654977,0,7641537276494412,7641537276494412,0
1,2431,2026-03-03T02:00:47.000Z,24573807,0x8f36d3f2991b2b75c535aa0049daeee2da084c618fe45f579ec0a42ad7fc4ce4,0x30e1cebd95f2c202c5c94837429ba35ce79182027905a0ecccf89ed8aa15adcb,14,13,v2,1246721492779658158,,1236184434803508244,0,7641537276494412,7641537276494412,0
1,2432,2026-03-04T02:00:11.000Z,24580967,0x283c4d48c76b4458c91eaf0d74927cdfca9ac4fe31a8a9bfeb000b68765e0aae,0x999af1562efb080a9cfede4b923634bc94a87b162b836ed26988e484a839eaed,184,183,v2,1236233715903605980,,1236184434803508244,0,7641537276494412,7641537276494412,0
1,2433,2026-03-05T02:00:11.000Z,24588137,0x06c34c9ddc587333a5bdd2c638f65c45f1d65db00eb49e79152d385870221f67,0x6fdec4c7807a737a3c0d8cc4dc8787082f8bf017ad759523d73a6393aa9d29b2,893,892,v2,1255419870841041924,,1236184434803508244,0,7641537276494412,7641537276494412,0
1,2434,2026-03-06T02:10:23.000Z,24595354,0x8a4bc0c61aa164727ccf01bcafea2526bf69063d89d47a1de5b146430ddf9f1f,0x67ae520f4f45d4c7ad86edd3e770f298db89fee8ce404a786686afe43624ea10,284,283,v2,1325105019724043486,,1236184434803508244,176022814556330,7817560091050742,7641537276494412,2.303500044392654211
1,2435,2026-03-07T02:00:11.000Z,24602453,0xdcee9c22f99bf91a3c18a72c63f0e00b6c8469797ec9a174b825eaf815abc4d1,0xf885931d4503b38ec1daf5cd67058b39f29ccdd4081139aa42ff54c445313c6f,436,435,v2,1220214511495746778,,1236184434803508244,0,7817560091050742,7817560091050742,0
1,2436,2026-03-08T02:00:11.000Z,24609615,0x4a3fda40283edc5c146faf69f985eae99d3165b2205f24026ec3bb1d780a4b4d,0xb33e8b873e233707d4c8060d68aafca5eed25d62d969ac41883e49516cdab445,4,3,v2,1084668255517882373,,1236184434803508244,-565470179919337,7252089911131405,7817560091050742,-7.233333333333333273
1,2437,2026-03-09T02:10:23.000Z,24616836,0x8104f85bfef7c580a0c530b66cff07403b3aa1fd96de84e98a4ec3d23b80cff2,0x424c1d65fd85f2afb4b187e039d3a4efe1ea77e30ba7d80593252865f54ab177,292,291,v2,1259189517948417824,,1236184434803508244,0,7252089911131405,7252089911131405,0
1,2438,2026-03-10T02:00:23.000Z,24623948,0xf7c73afcf9d678a3793a373f83368d901e6b77c1a46b3954c18fad6fed93cabf,0x1582c069b52a4b54cebea70e4b29438a1436bcfa9d18e71705f8e5d29a5024df,298,297,v2,1246295676807729568,,1236184434803508244,0,7252089911131405,7252089911131405,0
1,2439,2026-03-11T02:00:11.000Z,24631104,0xaad41f56cccda4b7e4991748c4e42d32d9e47024482feafaead34c9eb4197f7f,0x21e7610d7f9d3e9f1368d007c12e87aecf7671c45d0b7e578733320a8262608b,414,413,v2,1295437649799216162,,1236184434803508244,0,7252089911131405,7252089911131405,0
1,2440,2026-03-12T02:00:11.000Z,24638258,0xc2fb362db68545320d911c3b92217fa965135f9ce21070c9dca409e8d61813a0,0xd621dd9d95980211f8562e6691a9e3fc446525f0832bdd328d51ceb72e7d9d31,480,479,v2,1266334968880123914,,1236184434803508244,0,7252089911131405,7252089911131405,0
1,2441,2026-03-13T02:00:47.000Z,24645419,0x8db7c182e92081b8980396cfcd5a1196f2ea54971fdd1e85b649f6b4c0b9bbc3,0xbf3e8bbdfcad8d2b8ef38d38ba700fbd04cb48b74a77aa8997464bd1ec263019,22,21,v2,1237729025963670404,,1236184434803508244,0,7252089911131405,7252089911131405,0
1,2442,2026-03-14T02:00:11.000Z,24652592,0x826848c3c03757bccea6863e6894bf27ae78a8011920f63d1600293d42ec8393,0xb07d6c4cd14589b29d722504f6809c6a5dc24795e4c396f05c6297f59ead47fe,272,271,v2,1289678471856010684,,1236184434803508244,0,7252089911131405,7252089911131405,0
1,2443,2026-03-15T02:00:11.000Z,24659760,0xea0c7f1161de5f06829394277ea051a85edd3a3ec61107b75bca6bbd6f2be074,0xab29f9282f6336c367258721784230b20c1f38fcdad2206dab79d7d380f7e6a8,437,436,v2,1271480227667685981,,1236184434803508244,0,7252089911131405,7252089911131405,0
1,2444,2026-03-16T02:10:35.000Z,24666990,0x80bbfe9fecda5958b19a9d78e0b206b1ecdd486f584a1b218a8f7cca8660d15d,0xd5fe2595b0d641d90d67e566c2b3326bc7bff3848e38b8e4cc2c0c37cf44b836,1434,1433,v2,1290617122574426067,,1236184434803508244,0,7252089911131405,7252089911131405,0
1,2445,2026-03-17T02:00:11.000Z,24674094,0xff4c35d5b41e9cb4a411727e903415fe8231ee736332a2a6386be9c43ee080a9,0x46d4e02f449c5d26c487d74ddb456101246531655bd371f8fbe703a4a2e0e126,37,36,v2,1373508729942003060,,1236184434803508244,234360129863620,7486450040995025,7252089911131405,3.231621956367295887
1,2446,2026-03-18T02:00:11.000Z,24681241,0xc4aca9c84d38c8eed5d36ad3ea9ba48d6460f1903c3dc6f4863c6163ceaf0936,0xc19d1e64a0d0fbe9459b95618eb97e365f19eba148b6a1fff74f4c9f1f68c65e,177,176,v2,1328607267509380097,,1236184434803508244,175628017969892,7662078058964917,7486450040995025,2.345945234499277556
1,2447,2026-03-19T02:10:47.000Z,24688455,0x48d26405de514f2773a9f1cc8d1570840ca1bb4f52c1ab217e8d060783d17b0f,0x8ab843794fb94f83fdd21fda6f7ba5e197018a9f3f24c697709bca4c1110c656,338,337,v2,1226555625654924153,,1236184434803508244,0,7662078058964917,7662078058964917,0
1,2448,2026-03-20T02:00:11.000Z,24695579,0xc3f3f4049c3aa0cf51782891460c3cf03d3cf4eabdf01a1edc52b8cfecd67cc0,0xe2d8ac099238c99eefb9e6a4d2443691c4e3ca0d4590b2fc152ffacb2b7ee2e5,850,849,v2,1190121875651768927,,1236184434803508244,0,7662078058964917,7662078058964917,0
1,2449,2026-03-21T02:00:11.000Z,24702754,0x484ee4df7451f307c6322b9b13e0199517c595fed07f92e4f7709b8407fc20f9,0x39cef0384afa6619abc716a3982b23e2cd8496ce55662daddeb7c155b78790dd,86,85,v2,1164639536700782554,,1236184434803508244,-395786389928981,7266291669035936,7662078058964917,-5.165522810954609988
1,2450,2026-03-22T02:00:11.000Z,24709925,0x734a455f8053c99ef196dfe0807e6cc688bbf0e0acda0b3a32c80cae3026b30c,0xca5cb271180397edbdec390684e1c112dca571ed000992a191157847a52ae3a5,603,602,v2,1202379035967808422,,1236184434803508244,0,7266291669035936,7266291669035936,0
1,2451,2026-03-23T02:00:11.000Z,24717093,0xfd29ab84420caa3d2c3c3bb3d49260e69b27c05c16a2811e84d4de9f5b8fcf7c,0xb5ebfe3dbafa0c4e6b8567b639597e4e506937409d60c8dde255351adc0624f3,65,64,v2,1147222207134839022,,1236184434803508244,-430300975464539,6835990693571397,7266291669035936,-5.92187865645681823
1,2452,2026-03-24T02:00:11.000Z,24724258,0x722e81b1bc163b88ec3a2d4e3d751dd7f8cc4330184c1048e55b543d26f26b1a,0xec70a24e817e2c44181e8605225486e321cce3d2fa70acf950d3b3fdbe937f9e,597,596,v2,1192740113542127504,,1236184434803508244,0,6835990693571397,6835990693571397,0
1,2453,2026-03-25T02:00:11.000Z,24731439,0xc0a19d0cedc3bb2a3f459679fdd0264dad90e511e98fbf9870b6f32481e2690a,0x6fa13c531131dda6676afce8c665df2d2c94087dd0b87d0d7f067c6c9a9719eb,1448,1447,v2,1206879424599091517,,1236184434803508244,0,6835990693571397,6835990693571397,0
1,2454,2026-03-26T02:00:11.000Z,24738608,0x3c9e96209f8f1bc6745f6edd2cf277ec491c7f02870de3684d3954bdb525dcd1,0x2974ef9eded865247558ca5324ec798d0d52d9405ff8552368aef973b5b8ca00,490,489,v2,1217074330470361709,,1236184434803508244,0,6835990693571397,6835990693571397,0
1,2455,2026-03-27T02:00:11.000Z,24745774,0x747a7491e89bf50f52fd62cd6f4be551f7dc04afdb22759fadc99b419da6904b,0xf128d4a7b15634a412146d636e8061ac61cb6f85e853c860c6a5aa8be675b50c,185,184,v2,1158496052665345166,,1236184434803508244,-373961243563198,6462029450008199,6835990693571397,-5.470476194692207477
1,2456,2026-03-28T02:00:11.000Z,24752933,0x8fe667aae93c61789c59e5d45eeb6feae604be46036ca35d2da99cdfca150ea7,0x887020446854d2b4ae17231a3c2fbb98401bc69a27e7c757ae762d198f76cb48,1004,1003,v2,1187278128411938082,,1236184434803508244,0,6462029450008199,6462029450008199,0
1,2457,2026-03-29T02:00:11.000Z,24760117,0x7094181a3bf9d80626f54cbf3e21ef37a988ad15d857d53f238f058c10743ef4,0xcfa1b548fdadc51862b91b23ea44b39975b298593fd579c646ea9e7a87e2e839,7252,7251,v2,1184309269946677203,,1236184434803508244,0,6462029450008199,6462029450008199,0
1,2458,2026-03-30T02:00:11.000Z,24767290,0xdb8ecfd778af1dfe34409b67d3b484f8da795cebcf81a501c7185b564be6c733,0xf79a337d5248ea76c5711223db73b8307fc599781f2baf8ee7f82d65b4ea0084,9,8,v2,1162297940452791555,,1236184434803508244,-342496153201070,6119533296807129,6462029450008199,-5.300132966751419588
1,2459,2026-03-31T02:00:11.000Z,24774459,0xad53ce8c4509883af6fff54adbab8bc40d0760f2b05db74575959f2a168dd1a0,0x9e92d581fff58d09dd85d524e7ffa94ef9bf1e0525227467fc9c933e32632817,532,531,v2,1249194656713743301,,1237936157518165008,0,6119533296807129,6119533296807129,0
1,2460,2026-04-01T02:00:11.000Z,24781627,0xe8869b0df067af023eaa280e1e603e5ebfc22afd67356d2a588dfd97ce1429c7,0xa7f7ecd5575b1c0f7a256f5aa73173191757fe6f246eb8c2e7cf6a59dce197c3,223,222,v2,1283347874578896455,,1239687880232820123,0,6119533296807129,6119533296807129,0
1,2461,2026-04-02T02:00:11.000Z,24788791,0x904d5316bf6036dfbf69b9903066317b5d3c7707fe34dd295481df7b4118d110,0x2dfad6099c0e12ff9e8ba52a8f3a4d4789f5a16f414f0fdfaa320ee854c22d00,458,457,v2,1285306123623695292,,1239687880232820123,0,6119533296807129,6119533296807129,0
1,2462,2026-04-03T02:00:11.000Z,24795969,0xc8427bbf48542ddd07a787b45ad3f461f8cfefe2f82a300a2593689356a517d2,0xee31cb4d00d3a5a310305183f1546ab6a197fd3de63a665de01578e38e29424b,329,328,v2,1233773457599866327,,1239687880232820123,0,6119533296807129,6119533296807129,0
1,2463,2026-04-04T02:00:11.000Z,24803149,0xda02f531e2a7fd79c0cfefe49e1c6d75c9d13fede5ea1d618b0eddf2370cbbbf,0xeb45e3be7b0d16c8346659e12e2e18fdb03414f3f0b70ee14d8de6d75791fb18,411,410,v2,1225399419063935235,,1239687880232820123,0,6119533296807129,6119533296807129,0
1,2464,2026-04-05T02:00:11.000Z,24810331,0x75e676fac50f95a6b4b81a3315ed3765ffa805c53425ef198f055ed4c6a419d9,0x6b4c320d52300438dd49cc522ff78b54a83db65aed4bf438876fb91cddf20111,485,484,v2,1221543821441384308,,1239687880232820123,0,6119533296807129,6119533296807129,0
1,2465,2026-04-06T02:00:11.000Z,24817505,0xf9050e06ec743868ea62ab37253a0dadecfd2f42f5f3404295b57cf538deb93c,0x838b9827fbd9077501b1cbe70a2982d9068a21a517d3e96427db41080825a5d6,340,339,v2,1219010337713666046,,1239687880232820123,0,6119533296807129,6119533296807129,0
1,2466,2026-04-07T02:10:23.000Z,24824729,0x3cb496ee36d22d2e1313f8c3069196824b356e66c21b055c2b263fd2e81fafb3,0xdbcb5e85a703a3d773b550437c1270d403820124f6e8bb8af065493aaaa03d22,904,903,v2,1247139580083444155,,1239687880232820123,0,6119533296807129,6119533296807129,0
1,2467,2026-04-08T02:00:11.000Z,24831854,0x341535f87bd5198858fbabd73b3bb2cd084944100fbaba26b16b0fdb8f9f70fe,0x1d6a240f9289303d71016f2336dc778a729f7511e9c35aa0b05c7e543d5a0f91,329,328,v2,1217025353558756517,,1239687880232820123,0,6119533296807129,6119533296807129,0
1,2468,2026-04-09T02:00:11.000Z,24839033,0xa14fb06459e275ceec3c62dd8d657f455bac89c8a48345a67e09c08b42bbb796,0x85a0d1078a90ae2291d917c2ff2cec2232a592afc48d79f4dab825aaae90d650,473,472,v2,1290894722642192737,,1239687880232820123,0,6119533296807129,6119533296807129,0
1,2469,2026-04-10T02:00:23.000Z,24846202,0xda965d0eff49521702136f12e158551ad5d3d97148e92c255872b78f04d124f3,0x9248ab733cd20964774cc87f10eb8476ba794d4ef3b679628827ecd787f67386,628,627,v2,1278194271232208745,,1239687880232820123,0,6119533296807129,6119533296807129,0
1,2470,2026-04-11T02:00:11.000Z,24853368,0xfde26982986806ded2144057bd622c4ec5060df3d42aa5a44606e85602e972fa,0xfb36fed1a917709840af2f66c7e64ba9b96cf6f619a57490dbaa0781c84270c6,896,895,v2,1289808815156032237,,1239687880232820123,0,6119533296807129,6119533296807129,0
1,2471,2026-04-12T02:00:11.000Z,24860540,0xdc83238428271f63a0cd9e795ca9a666d047cbc93f35515a4b5188dc53a7d8b9,0xbcfbfdd08e7ca87762e2b3ca09dfc1d2c42195af66a972e13c47156bf1ea61d6,89,88,v2,1322549741508381743,,1239687880232820123,130315561666770,6249848858473899,6119533296807129,2.129501635929691569
1,2472,2026-04-13T02:00:11.000Z,24867720,0xe046c576613b7cf8cd0c69ace9c19dd42b561535de127723737d695625dddd7b,0x31af395d783efd673d33d1c083db4ea98e582089cc66e73bdfff8c75dd2f62c8,334,333,v2,1282633926913758833,,1239687880232820123,0,6249848858473899,6249848858473899,0
1,2473,2026-04-14T02:00:11.000Z,24874901,0x5a4cdef1cd7bf590de13aa1070816302b39b90159168e22a93b7f657dafdafd5,0x3b82d957a12a7ad81fcc66c5e93b6e557e0fcdf6406c3fa4c806338c0d409b03,415,414,v2,1319994027192729291,,1239687880232820123,130307383080633,6380156241554532,6249848858473899,2.084968549342675238
1,2474,2026-04-15T02:00:11.000Z,24882078,0x206c8ea43cb2d8bf561bfa5a9b2c3ce272ab07ac142d55adb9839729a72d436d,0xbcd65a1bca81d62369f7cdf992ccce5a58c84b5af55a9a7b77a6a9705f6a653c,3,2,v2,1310890601192880317,,1239687880232820123,118438015700090,6498594257254622,6380156241554532,1.856349769754736426
1,2475,2026-04-16T02:00:11.000Z,24889258,0x8e167d02d457cb959993bdf6917a69021d4c1e466a7049bf67173c987de73121,0x19207a2182f35188ff4b2394fb82eae693e36d2bde6675b98c80a3db7e7d8e10,551,550,v2,1265494381741181845,,1239687880232820123,0,6498594257254622,6498594257254622,0
1,2476,2026-04-17T02:00:35.000Z,24896441,0x5601dfb35b88ad7dc78e67310f4c7b5cc75acc47c3fea14fa52bfa330bbd6d10,0x0fb28ffa85518dc4d2da5f85f207f993420f357b09aa35ff97b22011cbb1c941,1457,1456,v2,1255919489082338951,,1239687880232820123,0,6498594257254622,6498594257254622,0
1,2477,2026-04-18T02:00:11.000Z,24903622,0xbbc6676cf12419d3a157e8eada429abb0e2efa588787b0e52182db1b49e704e7,0x6439a690b80890339075b3350bba8d71212c841ddf24bb7c1acd0188effdc1ea,839,838,v2,1290310189577586363,,1239687880232820123,0,6498594257254622,6498594257254622,0
1,2478,2026-04-19T02:00:11.000Z,24910801,0x6e6c8a973a34b9b6fcf6a5e967ac7cdbe50587fb614deab20a190b21372495ee,0xb325d3dcc37f0e0f058511f04cb0db235b559f8332e631407c66d2e224c821d8,331,330,v2,1232291233291599069,,1239687880232820123,0,6498594257254622,6498594257254622,0
1,2479,2026-04-20T02:00:11.000Z,24917977,0x5e0e9b6f4a13b59ac2d37172685b09b1d9497e51ac35a0e4760997cdb95042d9,0x9e93cf1836885c869e219c0dfd295e6ac19351fe0f34c92d1c07087e64002aa1,412,411,v2,1204869447220293339,,1239687880232820123,0,6498594257254622,6498594257254622,0
1,2480,2026-04-21T02:10:11.000Z,24925210,0xb6895a0eb4ded0a7ac99f3fd267f66b5bfb492ba06879ece42c79e432b0dde04,0x97c713ed2328ec33565effdf906b19aa9826cba49fc7d5442a4430ccb4b5c29a,511,510,v2,1198080561609548261,,1239687880232820123,0,6498594257254622,6498594257254622,0
1,2481,2026-04-22T02:00:11.000Z,24932339,0x93b9b22489163f997dc9f822ea1a4afabbb56b68ccebec72658468ee86905380,0x41ea74830c552086bc921ea66249c70ecca2d2dc36de8fbbfa3934f7f2076005,373,372,v2,1195361895867633504,,1239687880232820123,0,6498594257254622,6498594257254622,0
1,2482,2026-04-23T02:00:11.000Z,24939510,0xc4cb69b403e849baada58b891e8d43033b9bd69a078e5dc5adf4f81f82773141,0xe5353efa523956a3decf787ff6aedc89724cb087f5dd79ecf44068242f29b58d,650,649,v2,1209548076085584266,,1239687880232820123,0,6498594257254622,6498594257254622,0
1,2483,2026-04-24T02:00:11.000Z,24946693,0xb54243c882631fcfd5357b5e66d9e03bd6506a95143d55abe9580d2b4117a3c5,0xb94576d5e9b51a820d3a3076ad7437045aa184d7b9a66807cd602d22f4b1ef45,311,310,v2,1183215043899805624,,1239687880232820123,0,6498594257254622,6498594257254622,0
1,2484,2026-04-25T02:00:11.000Z,24953876,0x265f3a930c47a0a77423faccee65daa6093f0281a5a40a0d0131775def571401,0x3429387ce43c0775fe93633c8ab8c250cb1dedea16b3f02efdaf6ca60829b779,18,17,v2,1175805538338790390,,1239687880232820123,-310437916307929,6188156340946693,6498594257254622,-4.777001056211127974
1,2485,2026-04-26T02:00:11.000Z,24961061,0x059f21bd2bc89422211e95cbcf4061014baad5fd14678dad9e0e74d0f3371f55,0xa7560fe3fcae2b86ee15258f297ba468511caeb54a029deb75f56032b96d821e,536,535,v2,1222494031858207535,,1239687880232820123,0,6188156340946693,6188156340946693,0
1,2486,2026-04-27T02:00:11.000Z,24968245,0xf90a6be108a8c4cefddb5e11990efe035378c0c855949c8aac842437bded298c,0xe50be351f29751932a97b6808c8d3efacafff8ec8621f07e2512a3075cbe538c,493,492,v2,1245520919716087855,,1239687880232820123,0,6188156340946693,6188156340946693,0
1,2487,2026-04-28T02:00:11.000Z,24975428,0x922ac1267b06ab325c77729119b6d5dbdf48e940954b077aa50181392dc0548c,0xd6b0efb5693ec45f5dc2500110d2341efcac83aff6fe66824d6c11fee55da8e1,358,357,v2,1230637257191850020,,1239687880232820123,0,6188156340946693,6188156340946693,0
1,2488,2026-04-29T02:00:11.000Z,24982612,0x86f7e79c98a802065c7b9f1e22ec3145dd6939bc9fd3d08ac41d74380f8e1efa,0xfca2d4af905d5288c1fea18c062d64fbe16e3996feec3006566771b4d80f5eab,240,239,v2,1212540922360408778,,1239687880232820123,0,6188156340946693,6188156340946693,0
1,2489,2026-04-30T02:00:11.000Z,24989790,0x551b2487876f904b137e8bfa6fffb61e80a913ac3547cb594229b8209b04e5e8,0xad9586e745776b94b65177c5866f2bdc9a6f5a1cf1efebc47258246ffd461a2f,220,219,v2,1204376383523603364,,1239687880232820123,0,6188156340946693,6188156340946693,0
1,2490,2026-05-01T02:00:11.000Z,24996964,0xb6af2d70f53b03e08c3d0bef01bba9c9dc424bcb467b624baa41fb225e198530,0x176595ded6e2c949f6068b8c2e1841c74769d7540ffe79b2def044b78caa7622,110,109,v2,1172917881494316867,,1241470221835773401,-310949654900755,5877206686045938,6188156340946693,-5.024915948603594466
1,2491,2026-05-02T02:00:23.000Z,25004145,0xba3b2d13cf42de963232137bf7ac010e00485c5356ccc1316075fcfcdd6bc142,0x5ed28773cee6713c912435b50cb9323072ca49801fce6cd29affc43e2b913ced,1205,1204,v2,1235736706467101264,,1241470221835773401,0,5877206686045938,5877206686045938,0
1,2492,2026-05-03T02:00:11.000Z,25011334,0x0598fdeec1bcf40d8a6bfd1aafc145569f1935b123de6f9bd6cebe48c87e9bae,0x164a46cb86a3699bfe651e35cd4f5d3b39ab1fb5333d6e5381a7a8a62e276bdf,752,751,v2,1253465374197918579,,1241470221835773401,0,5877206686045938,5877206686045938,0
1,2493,2026-05-04T02:00:35.000Z,25018516,0xad739713647c3682cd59b06de0527141d006aac03c42f822a2f6f400f0294d4c,0xc2a4ab42ee2a93daa6c4b15182ebc0bf5940b4ad34a922fa3aac47a1fb35b959,501,500,v2,1262097304957913548,,1241470221835773401,0,5877206686045938,5877206686045938,0
1,2494,2026-05-05T02:00:23.000Z,25025675,0x7e1be3318f36767d16cf18dbf5e24014c662d9a4bb2ec5c86788653944eb0727,0x3216d5b1d1f1860a72de97ff1e5baa7fd86caff1e21a5618e24ecf4475d67463,521,520,v2,1278334486132735239,,1241470221835773401,0,5877206686045938,5877206686045938,0
1,2495,2026-05-06T02:00:11.000Z,25032853,0x8c2d4fea4064542a7835ec9183a95af8f7db6cac304fde1599131ef5acee5ae1,0xb9c97a6bcfdc7a5cba061b74aef5b719b437e2643a9d0f7ccb2fa0b619a44ccd,694,693,v2,1288424138472613478,,1241470221835773401,0,5877206686045938,5877206686045938,0
1,2496,2026-05-07T02:00:11.000Z,25040032,0xac6c80fd181959664312280d98fa77abe77a8911ea6449e0401ddbf1b6e43611,0x2bf29a5ba92d4f0a516617cab448b0c3e092d3d0403410c3669f155bb0857d98,198,197,v2,1286788962335837246,,1241470221835773401,0,5877206686045938,5877206686045938,0
1,2497,2026-05-08T02:00:11.000Z,25047204,0x59e5024cf3b64380fc346a661db28526ace628199a711e954d91d3f66e440db8,0x74de326f95ba1fb20317fc48232c77433289706f36384c642fd5742997ca79ca,355,354,v2,1253917073561063797,,1241470221835773401,0,5877206686045938,5877206686045938,0
1,2498,2026-05-09T02:15:23.000Z,25054468,0x0a2560c8a21e83ebfaa5223c348adbe93be67efa6c669669407c23937e475e00,0xf741470910f2199c8fa491ab1767d4caae657a5167829059733ddb7cb1ed2dad,641,640,v2,1227136638311670264,,1241470221835773401,0,5877206686045938,5877206686045938,0
1,2499,2026-05-10T02:00:11.000Z,25061565,0xe36587a81bfb9dee32bf0e86280be7e87126f1281ad0c977323a54f027eb9a62,0xfb60c17bf719a68c20174389de1189a0dccd339b0c676696db936b9fb8c1927a,439,438,v2,1245595052442492356,,1241470221835773401,0,5877206686045938,5877206686045938,0
1,2500,2026-05-11T02:00:23.000Z,25068738,0x08a2ffbe4f92fc1d4235dc5c691bf471b7ccbbacb07c3688d6531f73c4eed0b7,0x047df07a4f3f12dedeab03dcd6ed164299afaa039b025153c653e24cd9186467,664,663,v2,1237338979032697112,,1241470221835773401,0,5877206686045938,5877206686045938,0
1,2501,2026-05-12T02:00:11.000Z,25075904,0xfe539ef9e11d6131e7c33ad1487564482c65c269097b2b4ee91b3264d088cd57,0xbf6174f8a576ffe384156dc35830e9d2f6bd3dd64d57d173ad7b4d7cd295a220,549,548,v2,1238238467478270354,,1241470221835773401,0,5877206686045938,5877206686045938,0
1,2502,2026-05-13T02:00:11.000Z,25083084,0xe262394fbdba1cdcdaef037814e15b97d9f4c9df0e33c48e7d47f1b81fa09fb5,0x13ebcc5778f74935efa692ae9c35e72e954606d09d40c8a0afb18f65bdb2add1,551,550,v2,1225509705339012276,,1241470221835773401,0,5877206686045938,5877206686045938,0
1,2503,2026-05-14T02:00:23.000Z,25090245,0xa18a8fe693eea540a1edc8f455986d976167c6d17ce6c68e3a4c0a5464cfddec,0x5dab65ba76cf7a6b406e34a5a81931c4fe83aa5f9ca334047a8642fe15fdfc23,661,660,v2,1217447307441694658,,1241470221835773401,0,5877206686045938,5877206686045938,0
1,2504,2026-05-15T02:00:11.000Z,25097418,0x06a51cbe8543d6fa302cc9a71615e11f4454db39b3f0f10999543624d6e3b089,0xbb9b5f2ab07eb971cc1d2280b575acfdc597d19b6d6493885e041eae44299c9d,468,467,v2,1204829893623117728,,1241470221835773401,0,5877206686045938,5877206686045938,0
1,2505,2026-05-16T02:00:11.000Z,25104597,0x774e6095d1adb380be22a5626639edd79bfcde16155080525346bd9c6f5bc649,0x39efc1bd7f6eb5dbf825b66409510885cc8d65fd552ce03c29bc3456d315f1ca,124,123,v2,1175288240416706876,,1241470221835773401,-286703038509544,5590503647536394,5877206686045938,-4.878219430163205996
1,2506,2026-05-17T02:00:23.000Z,25111783,0xcdbeec72b1d2c5932638361ab2c3157bb526e530989b9edff03b1958d9fa4f96,0x48e3b2231daa53230d6e6365b882066a36d45914cc86f9bfe8f9449dc0897b00,1237,1236,v2,1205201126697970686,,1241470221835773401,0,5590503647536394,5590503647536394,0
1,2507,2026-05-18T02:00:11.000Z,25118958,0x5ef79423a374f7056f036493e3c88210cf05da28b0a178faff8a01f2e1678cbc,0x96aa8d37098f08224ccc8f58269720c60b8fe1cfda8121c610e08cfc7e5e6c54,669,668,v2,1190236663249922448,,1241470221835773401,0,5590503647536394,5590503647536394,0
1,2508,2026-05-19T02:00:11.000Z,25126132,0x8be86eb1441c6fde97265b4ff34217799e3852de035a095a7b000e5383225c68,0xd642ced9aae80d045d7d9a5bc7004166c681a87e89bbaa73fd6a1f0887ccff34,158,157,v2,1178210544742106678,,1241470221835773401,-264171361139353,5326332286397041,5590503647536394,-4.725358890621012744
1,2509,2026-05-20T02:00:11.000Z,25133316,0xdc243e7c435b9c6e49625a278c11d91bab7e81d925a6169dbf12d3884556c118,0x41e50ef9cc4bbd59c777da7f1fa3ab878080cf5eb79e3106cdfcff71115f7661,101,100,v2,1225745533546174165,,1241470221835773401,0,5326332286397041,5326332286397041,0
1,2510,2026-05-21T02:00:23.000Z,25140490,0x0c8adcacc56c9c442c34cb6c47b4ada5ec378ed9858c4263af330b0f596de5fe,0xd3d75321c7a2d9a3c94334a4ec551d622edb71e7d64d4546514c26860d567b17,537,536,v2,1220827392989054425,,1241470221835773401,0,5326332286397041,5326332286397041,0
1,2511,2026-05-22T02:00:23.000Z,25147670,0x77e4b1e9f32e4db6aa5c2958e3bf321444a4e892c77cc06e6eb42fba42309463,0x80f4ec69c56f7f18c6c3cde0866e83929f98a057219c1d552b5642a018911b5d,643,642,v2,1220097724791419584,,1241470221835773401,0,5326332286397041,5326332286397041,0
1,2512,2026-05-23T02:00:11.000Z,25154843,0x8108eed6ad50a71c6641212802d397cd3acccfad70720271a036ea7d4d30d34f,0xf84db8cda7dc334bbe0beda68a8afe3d024920788d7a1a2e53b16ff88b9f65de,184,183,v2,1204952465316347922,,1241470221835773401,0,5326332286397041,5326332286397041,0
1,2513,2026-05-24T02:10:11.000Z,25162067,0x84cc69621939ec46b2dfc59219aa5110931d1a690c7ddced85d169a4d62b1306,0x53e70d669b65c9cc5aabbf0e1d811c5bce59a747b2a59a159bdf08c3e0cfb6bd,517,516,v2,1163495230921784675,,1241470221835773401,-291375739777555,5034956546619486,5326332286397041,-5.470476194692201871
1,2514,2026-05-25T02:00:11.000Z,25169195,0x4f20eea8406352ed5dae200a4246b59ff6511101740d6ba1a937dc87ddb0e3a1,0xc8ded58e681ae74c0235f17dee4fe914e199eb55a47d78acc37540e7bd730d12,198,197,v2,1242805187434165015,,1241470221835773401,0,5034956546619486,5034956546619486,0
1,2515,2026-05-26T02:00:11.000Z,25176362,0x67159ba531334bd22ff74a873d34caaaf042040e39ac1cc6dddf47a0012fedb7,0xbe948bf8ff8f67078164c28873f356a6445980d5d5b1018df3802f8f6ab2f9f0,273,272,v2,1256181812753956184,,1241470221835773401,0,5034956546619486,5034956546619486,0
1,2516,2026-05-27T02:00:11.000Z,25183542,0x4634d9af4382a6c7286da428c94204f50ddf0febfebf992e2cc4fb2aeb1fa6f1,0xf83051ce2a4ef7c246004a8b94b9271c0686346b03d5c45c3be7f3e32a343d8d,546,545,v2,1243261418928309325,,1241470221835773401,0,5034956546619486,5034956546619486,0
1,2517,2026-05-28T02:00:11.000Z,25190711,0x351fe9509672b9bd156df326f6eb70d837d063e5d49c8368813b653cce7b3e92,0x83b9013ee9fd9c20300121176878b9093e62cd0089709032eaffe322c57706ca,956,955,v2,1221877106869252853,,1241470221835773401,0,5034956546619486,5034956546619486,0
1,2518,2026-05-29T02:00:11.000Z,25197890,0x10ae89be19664bb4b380b994d1063743c25bed4e55e6d20230b5557afc63c9e9,0xa4519753633f96d4676750551929982ac6ec19ff4455dfda16d75e6ed69a6414,285,284,v2,1156554235859448054,,1241470221835773401,-289223744509759,4745732802109727,5034956546619486,-5.744314609903562317
1,2519,2026-05-30T02:00:11.000Z,25205063,0x60a4a4d62cf77ad48ee0de002ae8bcbd0594c593cbc3406e02c89a662aaf2e61,0xa84ecfc7fda13b1f06cb7f4f2a2cfed22de0e8cf6c390562197c9ab097fa05ce,927,926,v2,1239469394995861119,,1241470221835773401,0,4745732802109727,4745732802109727,0
1,2520,2026-05-31T02:00:11.000Z,25212228,0x8ba06ce566a69082253ffcf50f63c93f6cb2b831dc0763fe0c879223d507c5d7,0x1d591645b5bc63f0b2dc6332514e9df118afbf8eb0f9ee7317ff4d603a597c8c,358,357,v2,1240941828081547611,,1246448208464636687,0,4745732802109727,4745732802109727,0
1,2521,2026-06-01T02:00:35.000Z,25219397,0x5ef91ac447264e3a508a7f4ae16c40fb3109b7cfdca721ee6f424054330224c4,0x3f0868db53bd7a458ebbbf64d03c160cbd6a684593a3eeaad3eb2db6db9bb4f0,1589,1588,v2,1236091195900296248,,1246448208464636687,0,4745732802109727,4745732802109727,0
1,2522,2026-06-02T02:00:11.000Z,25226569,0x47958ee802e85f5f616eadc9ed8088210d46ef54f3c754afed25c45fde77763a,0x3701e3999cd01310bae4462f4db94644dd601e47df6305abc7b2fd3c3315a9a4,186,185,v2,1211688014503709755,,1246448208464636687,0,4745732802109727,4745732802109727,0
1,2523,2026-06-03T02:00:11.000Z,25233736,0x7bf9bfd78d8d363493b917e38cc65f87d0fd8e9ded11ade92bcc0674bb620d80,0xfdb1e46d336bd2e08abe30f8194eb0f85f58aa7f832a9741c16565479731a50c,254,253,v2,1118767896559104801,,1246448208464636687,-327397526344173,4418335275765554,4745732802109727,-6.898777069763127782
1,2524,2026-06-04T02:00:11.000Z,25240901,0x5036587f535635782b93d66ee779df65ab66e9a2e4e8fbb8dbf8100bb78e0f88,0x04477ea28e8458da0ac7f8f5078386b50ff2af007f4fd01e9498531631d5c57a,183,182,v2,1106779094470602843,,1246448208464636687,-313153573849241,4105181701916313,4418335275765554,-7.087591916504834653
1,2525,2026-06-05T02:00:11.000Z,25248058,0x48be75a5369f5cfc587350dbe71ed7c71404cf1e62d61828c47a36537657fadf,0x0cbe985e92f7ba311885d165467f58c758dcd1bab4ddc4199a5ba323298af397,658,657,v2,1139820547578078965,,1253208536696453251,-270564454607280,3834617247309033,4105181701916313,-6.590803385900789188
1,2526,2026-06-06T02:00:11.000Z,25255217,0x8aa831d237bc3eff6c09962f0804979c8a834bf751c09e13d580ad4215b2db92,0xeec9883393cf99cb086afc2d2d79bd12ae3ba6ac47d2c4d62a788b0f2b9da865,480,479,v2,1122726258799462203,,1253208536696453251,-265779244420233,3568838002888800,3834617247309033,-6.9310501486620411
1,2527,2026-06-07T02:00:11.000Z,25262395,0x57aff4fd511e26f821d0ba62f4a835e2ae10e30da01115b94d244cf14bf78074,0x8ea92732f6aaa77b381aa0f48995090b912db42a60768f8d217ab105e536a54a,878,877,v2,1126600316894692968,,1253208536696453251,-245008821618339,3323829181270461,3568838002888800,-6.865226760643557632
1,2528,2026-06-08T02:00:47.000Z,25269566,0xffb53201f7b771718f06164d413c444e5ad3482e0900bb53ad7a8239fd71750e,0x79feb2576258bc99b8c107c040c083b853d5aed739fb51b1046b1750b160db1c,243,242,v2,1205531023840950405,,1253208536696453251,0,3323829181270461,3323829181270461,0
1,2529,2026-06-09T02:00:23.000Z,25276741,0xd76d99dac60289adaa19391de248714ce332a70994b1cff06e156096859063be,0x809042a9efd97853821eb7aa9919d41e755cde9adf4ecdd7308e6cf9a2abd015,522,521,v2,1252712201580404930,,1253208536696453251,0,3323829181270461,3323829181270461,0
1,2530,2026-06-10T02:00:11.000Z,25283917,0x1fd39fa54d53dc5e77283be18f49458c2d62e3aa33ab7b8003839f0c65927d1d,0x2faa840e757fbc56d89a4095b23f92d91e09ec763ba0f41a70a457db7ef37009,598,597,v2,1233132898351557260,,1253208536696453251,0,3323829181270461,3323829181270461,0
1,2531,2026-06-11T02:00:11.000Z,25291089,0xffb6aa728aac0d095a8cf0d66b0268f3bf8062bf832f82f516b5959be772756c,0x8a27ac4d68dff8812901552aa5726b6332e91bcb7c5ff8326ffa0b2c15a9b8c8,224,223,v2,1222811273212121258,,1250246562133859958,0,3323829181270461,3323829181270461,0
1,2532,2026-06-12T02:00:35.000Z,25298260,0x5f29ec55f73ed9c1aed9e7aed01fcfbb14150be82e3bd4811617cfb75c589b74,0x94a791771e17d842ed027a7c7992fa4961bc7ee13944a02c1c725b749e7841be,569,568,v2,1241327606742463279,,1250246562133859958,0,3323829181270461,3323829181270461,0
1,2533,2026-06-13T02:00:11.000Z,25305428,0xa6221fa8cdd318c6b67ccae0bd3ce42de98bb2db3ad143711949f25bdd3d03ee,0x9f34546e5e8eb23a4b944ec6a5a79e34aaa1be182d95a33d55ef7d5b32e2409b,573,572,v2,1243945080466728789,,1250246562133859958,0,3323829181270461,3323829181270461,0
1,2534,2026-06-14T02:00:11.000Z,25312600,0x61a7a7ad33072aad454cdb2e63844a0da66b6d95b727f0e62b9b4ba28ea3aeef,0x36df7df088d8f0160ef588c316fcc131676b31d7923667e70884bf2c4672c7a5,525,524,v2,1250397191570076404,,1250246562133859958,0,3323829181270461,3323829181270461,0
1,2535,2026-06-15T02:00:11.000Z,25319769,0x58b753f5dd13babbc0e294a7580aa5377f0b645ec3ec45f7e44c2bbb7d86b429,0xb12ac96abf4f64375ac73d11e6b40fcc3a6d6e08278860e5ad2d071cb2d66314,289,288,v2,1260497950173972906,,1250246562133859958,0,3323829181270461,3323829181270461,0
1,2536,2026-06-16T02:00:11.000Z,25326951,0x282882b24628d684f6b507a1313b232e84cf769d519a7e3281325df575e88ba9,0xa1d65568e7a5f55352100ac5a09059f4cb5f4757d00d18136e2c7fa1f879e4b3,181,180,v2,1332101931762183070,,1250246562133859958,69300793063363,3393129974333824,3323829181270461,2.084968549342667715
1,2537,2026-06-17T02:00:11.000Z,25334135,0x03bfeb884b5726ab10ce0f1805a148061e03fbdad3918093057ef96a3706e822,0x5e5593d15b50b7a226be4bb0a16c91e13a0a12fffb8b54504b0c8a311947eb78,1001,1000,v2,1290212869130522971,,1250246562133859958,0,3393129974333824,3393129974333824,0
1,2538,2026-06-18T02:00:11.000Z,25341319,0x0cfd2c68cafa50e9d277979bd31efc3b0ea44c186c549d187115fe462ec7fb23,0x460018c394d30a939fad315833aca5400f04c2277a56a164a63e931c871597f3,857,856,v2,1282620427093361611,,1250246562133859958,0,3393129974333824,3393129974333824,0
1,2539,2026-06-19T02:00:11.000Z,25348492,0xc91c34077321172b83f55a343b13751f9f4faccd660cc0fb3c1a9564a00e9764,0x2b89fb50078a8e1e63cd36702ebf7d6f9a5ebe8512eaeea97261fa3f05534032,198,197,v2,1273333091820367410,,1250246562133859958,0,3393129974333824,3393129974333824,0
1,2540,2026-06-20T02:10:11.000Z,25355720,0x8d52ea25d1fb396998d4765b775e344ba22220fd128f9ab217cee8c45c8e288e,0xf76f0d482e785aa1382a5e03c99844e3fb628e0a744fd6f9f0a99f6683c1190a,487,486,v2,1269302984611764328,,1250246562133859958,0,3393129974333824,3393129974333824,0
1,2541,2026-06-21T02:00:11.000Z,25362842,0x15b8e1bd0e550adbc686b6170cd3c8747ba62b04f37d73d6d4daf0e41d681f5b,0xa23fc82fd3d92519eaa4fbb003ae2ce7d8cc327a43c77b3e24186c18430d1392,322,321,v2,1297029037113316088,,1250246562133859958,0,3393129974333824,3393129974333824,0
1,2542,2026-06-22T02:00:11.000Z,25370009,0x1b9e74bbeb06ebd8353463bee135a27f895eafedd03d6c0c946b1fac9685a787,0x63a0fb3bb0293cf2ae950ffcd87df081321d9782bb36b8e1ecb4417ec686f076,347,346,v2,1299809239405278205,,1250246562133859958,0,3393129974333824,3393129974333824,0
1,2543,2026-06-23T02:00:11.000Z,25377184,0x36dba1ed2d90dad617a8b5ab01ddc36d930be64fb1d63933eee29ac5d0b703e6,0x073aaefabd9c73351466312039cb7a2c3e604647d8da30afdfd1fd0cbf06763f,1003,1002,v2,1312346690091080338,,1250246562133859958,0,3393129974333824,3393129974333824,0
1,2544,2026-06-24T02:00:23.000Z,25384355,0x3c7139e173a0a9220efc8298221d6d89d16fab2cd18f4c7fba16b867fcda9fc5,0xef8c73c48f36bc48728c7fb65403bb32f1cb1d446d07733f6c842fd8369887f8,614,613,v2,1243179672997855371,,1250246562133859958,0,3393129974333824,3393129974333824,0
1,2545,2026-06-25T02:00:11.000Z,25391509,0x1ea3e2081d7cc2461cdbc805281ad9d5c2b33049efcf7bfb72de20473595e855,0x588778d70fb6f31cbf986d608aadc717bfb76e08e20efee350b6cf977caa16c4,255,254,v2,1175753950367821453,,1250246562133859958,-179840400374391,3213289573959433,3393129974333824,-5.300132966751419942
1,2546,2026-06-26T02:00:11.000Z,25398680,0x3eccca05ba0c12ce5bae4409db18062c857e0835089ef37d3253f5a6958b2fda,0xe7016c285b9b3d2ab800373c52e29688566bb4eab93f09c1decb388c2633a3a1,765,764,v2,1216910729881196854,,1250246562133859958,0,3213289573959433,3213289573959433,0
1,2547,2026-06-27T02:00:11.000Z,25405850,0xaa91a7c90fb24a5c940ad321c4aa50ceefb7521f4affbb6c22068def6eaef26c,0x0bae3612d3a02b1971c84eabb5b8e44e49dcd321bad9b9b9f32786a84a9aa6c2,255,254,v2,1148888441653031938,,1250246562133859958,-202169267293342,3011120306666091,3213289573959433,-6.291660388522903098
1,2548,2026-06-28T02:15:23.000Z,25413098,0xd051cd9976f16bbb5d1473f0296dc72418ae2df3f8ae6a534463daab15324386,0x623c7cb663c20dc1a63039bded80fb7e9254676f3bfb58107dac8802ced6b760,819,818,v2,1225267680864048580,,1250246562133859958,0,3011120306666091,3011120306666091,0
1,2549,2026-06-29T02:00:11.000Z,25420195,0xaf74eb54836449213bbad347b47097776f23248f11379fad33259b44639a9283,0xe3239ab7cc3fc12f6da51dc36cddbee93ffabeca8e445ea19b85a2d41844ff9a,160,159,v2,1223673409012064120,,1250246562133859958,0,3011120306666091,3011120306666091,0
1,2550,2026-06-30T02:00:11.000Z,25427366,0x70965ac4d0517e9612bd42f521d948f973d83d61dc90bf1aafc965a2223cdd60,0x57e879c8b35a97a5742af092a5e612d22926cee2d38944d7c8578464f676e9ea,386,385,v2,1207202660883295086,,1250246562133859958,0,3011120306666091,3011120306666091,0
1,2551,2026-07-01T02:10:11.000Z,25434587,0xce62005e9cd0c429910c6cec6f7738b2fa197605fedc2dae2cbc64cca311b5a6,0xd970e2d3807c41152a546d070ea4a92c2cc94799461ec5c8af3c9d4c0a982a2c,759,758,v2,1213454421884386048,,1253429314996276616,0,3011120306666091,3011120306666091,0
1,2552,2026-07-02T02:00:11.000Z,25441702,0xb38ce9559ad9a90e5f7fd40ca291d2ac82fe04206690582e0d54e9899a779a6c,0x44d0d8690a0bbe89f2e9d41c3c9c9921c502579c6dd80ad1d5c02b0a9c65d967,541,540,v2,1222894941426429727,,1253429314996276616,0,3011120306666091,3011120306666091,0
1,2553,2026-07-03T02:00:11.000Z,25448866,0x81da02bd393569afc336201a3f5026013c022d1bbf70c1546785a59386d457ab,0x3cd2833ecc1321b3f5ca9e3a5ff029f7dddfafade256f191de182401361eebf1,372,371,v2,1254401120187490538,,1253429314996276616,0,3011120306666091,3011120306666091,0
1,2554,2026-07-04T02:00:11.000Z,25456030,0x095f725c3180f1533cacc58af6b376d77c12367a3251840605c8fbc685f5cfa2,0x4b3b8140a7d47bb8f80cb382929c77ecee73c25861e5fff50225c79c5c2941b4,491,490,v2,1295934106627294377,,1253429314996276616,0,3011120306666091,3011120306666091,0
1,2555,2026-07-05T02:00:11.000Z,25463196,0xd4110d9a63e3c70924725acce5907ca696b46ed7f694305173f6e0322e57517c,0x9f8f6de510f610427a422171784a68a1be494707364ef646392676fbb129dae5,1028,1027,v2,1305834410771113205,,1253429314996276616,0,3011120306666091,3011120306666091,0
1,2556,2026-07-06T02:10:11.000Z,25470412,0x7809fa49db6b1b90a18431dfcd69f8db02aa463bd3bc02c469f334195bcccd81,0xe6a28b4215a17e1f269e264f8abcd3547c3337a3002735e7f394980f6b5a5a1b,306,305,v2,1292538300432870366,,1253429314996276616,0,3011120306666091,3011120306666091,0
1,2557,2026-07-07T02:00:11.000Z,25477542,0x5a3c3bd743c8418ac695d6d363ea3c5a01237563829bc3e5e41c1e26e69ae0f1,0x441029a911824a92d58cf73bf8e51cd93a130f0ab46dce72825b29b2b8d7749d,230,229,v2,1280875125632255803,,1259574042421286616,0,3011120306666091,3011120306666091,0
1,2558,2026-07-08T02:00:11.000Z,25484719,0xa52bd345238b9d3079c7e3c6b06d67fb3cc9aa2bd67a1acaeba92e9cddfc90a0,0x56e77d9e25669a851689c223ac8dcf50d5d9085de142d87da87906f13c3c1c3d,441,440,v2,1275243528212679397,,1259574042421286616,0,3011120306666091,3011120306666091,0
1,2559,2026-07-09T02:00:11.000Z,25491894,0x008a735b60d86e34b2bdca0e51ff4c5a33f8119362e2940bf4f66a3b609b56a3,0x54803129f0ecc071b667f7c7cccaba660355b848c562637382ec739d5f529ed0,722,721,v2,1227945399709744085,,1259574042421286616,0,3011120306666091,3011120306666091,0
1,2560,2026-07-10T02:10:11.000Z,25499111,0xcf56026248f3a41c42618f5c44475d58024b6e02834c5f666d1e16885fa122be,0x3f00f5a0e1cb9e15a67105ada3eee8e0eb27452c84104de4de7ac6701e80f248,553,552,v2,1234011285570158078,,1259574042421286616,0,3011120306666091,3011120306666091,0
1,2561,2026-07-11T02:10:11.000Z,25506290,0x0527c43c5cef7ce66e593735ff77ac9844f1e9a4b9232adaa1a11e6ddc1df473,0x82567b5badfa4e93c553adcf1a4692d1cb2d8fbf0ef3240575e72ae683caeff7,183,182,v2,1244043878911973238,,1259574042421286616,0,3011120306666091,3011120306666091,0
1,2562,2026-07-12T02:10:11.000Z,25513462,0x53d32643e406ce52edd4a1d0da6d1b42870f4a2975d0ccc3b402ead8d5f69854,0xdb1a08e9522fe0243be883d7120b8e86ff20c0b1319989aceecc7cdc977b5d17,972,971,v2,1253401037999828053,,1259574042421286616,0,3011120306666091,3011120306666091,0
1,2563,2026-07-13T02:00:11.000Z,25520587,0x88fcf301b94ac4f3670708a479d935d916a8026cf31fb6bee2eacc5658592062,0x1165b9ea3352ed6ccf982116c2ee044ee1b61e0a5b26b741e3342881189f4a89,1559,1558,v2,1258029922211842992,,1259574042421286616,0,3011120306666091,3011120306666091,0
1,2564,2026-07-14T02:00:11.000Z,25527753,0xb44f608ee1b919336170af24bb35b780372c43ac611844339b398f6e5b66392a,0x8905878d810546efe6f819bf7269a60bb8191bd4b0c1b3cb6e5b7b598f3b90e1,370,369,v2,1259934044555657909,,1259574042421286616,0,3011120306666091,3011120306666091,0
1,2565,2026-07-15T02:00:11.000Z,25534924,0xfa23331279faef06f86d9f3d8de6285f53d978205ced790a5d60a570274d3cb2,0x3cdd6e1d26db3ddd739842e1eb6f56c7d402936c0f9899f01bd9daed1cc23add,600,599,v2,1306265418575137252,,1259574042421286616,0,3011120306666091,3011120306666091,0
1,2566,2026-07-16T02:00:11.000Z,25542097,0xfd246bf265dfe50fd3c599b9915c0822252bcf2c4b5ec8e8ed266cfe3ced74c0,0x2f3f550d892f116a4d1b14b248a6a0441c24572b1e151e743073e7d70d1f6b91,218,217,v2,1350350245041660013,,1259574042421286616,69361157600769,3080481464266860,3011120306666091,2.303500044392633228
1,2567,2026-07-17T02:00:11.000Z,25549274,0x0154971165a00e166d0efa9da95b45ae22ab88a8dcc93e18e54d17977f52fc10,0x8901423e5977b3a03249c226ca3cd04c47ad76913c4691c0d5b59e94a6f0a930,233,232,v2,1304267632582758610,,1259574042421286616,0,3080481464266860,3080481464266860,0
1,2568,2026-07-18T02:00:11.000Z,25556457,0x2961926b04547a67276bece4fb45cbde002109179ce356fa38a5dbda3ba1c81e,0x10ec2df53ce925403edaa9205c103d83cf21c804f47428561b09c3bde7cd10af,306,305,v2,1258977745091327392,,1259574042421286616,0,3080481464266860,3080481464266860,0
1,2569,2026-07-19T02:00:11.000Z,25563629,0x3bf18fb7b79a23c3f466d99f535a2f1e70c118d25cf141d9d6036a6f68aaea7c,0xf4eb213e70f321cc00e52b224b3dae1c599420ee4d0e9b74758c2f2e25475480,116,115,v2,1253448643787676155,,1259574042421286616,0,3080481464266860,3080481464266860,0
1,2570,2026-07-20T02:00:11.000Z,25570800,0xd3d9a2a436a8d7d480502712120ad460d232885f0fa4bbf92642af70caaf2639,0xf909c468352336ce4e14d501ddae93aba99f7260b0ee2233e0e6e3c0f250bc73,676,675,v2,1264972896898731101,,1259574042421286616,0,3080481464266860,3080481464266860,0
1,2571,2026-07-21T02:00:11.000Z,25577967,0xb567763fb5c82085d67ab9f3fe71c8e52776352f60a6c12743a46cd4df09b90e,0x868a97f81e72e7a04f4b772e15361ba619cac67d801253bc7f724c26cd71ec3d,397,396,v2,1289037123984405680,,1259574042421286616,0,3080481464266860,3080481464266860,0
1,2572,2026-07-22T02:10:11.000Z,25585194,0x66d83db287bfe6f8200e8e1162f929f9f651f1e761ab180862fa98da052750f2,0x0cd76ee7be3c04b2c0b54453187fb9ba4dd3d119027ad233b294e09ebcbae53d,387,386,v2,1328145362722644437,,1259574042421286616,54285234824702,3134766699091562,3080481464266860,1.762232152811269351
1,2573,2026-07-23T02:00:11.000Z,25592309,0x6ac259a4ffabb178f66946ae60fcaf51a580d99d26507f31d3806cbda7ec3411,0xbc98c8a15d63ff79d2eccea90ea9ed36af497c914d5bf1fec18f85bed15991b7,517,516,v2,1319648139741607168,,1259574042421286616,0,3134766699091562,3134766699091562,0
1,2574,2026-07-24T02:00:11.000Z,25599468,0x998983ac657878140c4ec67f26755539420a5f823dea369085315a78f53c22ba,0xc0de7de1a21c28bb3867896fda2c07c5d687ceae69f66db338d1a58580210a55,247,246,v2,1300498563152507948,,1259574042421286616,0,3134766699091562,3134766699091562,0
1,2575,2026-07-25T02:00:11.000Z,25606653,0xacd2ca190d3768badccbee2f562056adcb1a1f5d0b74ed3721e34e35d2a5cdf8,0x9272574101490ad9cdb1f76707cc976f57a14d79455f09510235375e6c9a13e6,444,443,v2,1265785425287963228,,1259574042421286616,0,3134766699091562,3134766699091562,0
1,2576,2026-07-26T02:00:11.000Z,25613832,0x25aa0152e077ebc939f3dedaa40eaa1bcd843df1bab102e956011b410f015d38,0xf85e70696c5e9e53efb23c5bf23fcf50c958313b033b4cafb47325c9a7592540,284,283,v2,1259469930152747053,,1259574042421286616,0,3134766699091562,3134766699091562,0
1,2577,2026-07-27T02:10:47.000Z,25621071,0x8af2b503e1659bf45538395e16c200e5c5cbc59eb7f375fa858e98f790abb458,0xafc264b159eddf758830405d566b53d18a6174ffe2bd59bc11ebbc54331784cc,447,446,v2,1288600567702491221,,1259574042421286616,0,3134766699091562,3134766699091562,0
1,2578,2026-07-28T02:00:11.000Z,25628188,0x27c401afbe98f8014f5eb706738ef9034ffc0f11f12694826ef902c8c3d560fe,0x91114cb28f6e06f039611112ed7fbba89a11962511decfbdbbe54d808385c992,331,330,v2,1312868056648113787,,1259574042421286616,0,3134766699091562,3134766699091562,0
1,2579,2026-07-29T02:10:11.000Z,25635411,0x722bc2b5339eed1cef65031bd7a6d4b9abb399237ff2991c984ec84ddcc1fbe6,0x7bf0b10ec916ac1689d7e0d40b40c9a8601c5c7fe06eec4f06ada563ff547c7a,386,385,v2,1261892669980513761,,1259574042421286616,0,3134766699091562,3134766699091562,0
1,2580,2026-07-30T02:10:47.000Z,25642590,0x6ab194ac953da473c907bef0e142187a89810330017c17ded1ddb1a7cbce5f99,0x9dd0c40bd4c20c069cdb079bdfe5a3900d8bbcb9c2bed523c4af54a15c700b4b,816,815,v2,1256796068186089258,,1259574042421286616,0,3134766699091562,3134766699091562,0
1,2581,2026-07-31T02:15:11.000Z,25649783,0xf1d6985ea528a05f31e7cc8d33745355d7dc25c8033571da6774e92985d41791,0x7b441b0e12146fc9edfeeb3c56205690fde72909a4b02dac5c8423fbf9aca71f,1516,1515,v2,1264139067883262855,,1262901832123003279,0,3134766699091562,3134766699091562,0
1,2582,2026-08-01T02:00:11.000Z,25656890,0xcda387e239bcb5f5ccc56a3e099b3e6717232770d08e286a3394053d3c140dfb,0x4dfedb0fa04a916ed9ef94477bcd339a80023ec11ab7bbf0683651e0d0091572,1051,1050,v2,1243555732132950464,,1262901832123003279,0,3134766699091562,3134766699091562,0
1,2583,2026-08-02T02:00:11.000Z,25664068,0x5ec130ce1bdcd62c3e24cdd812ea0af1b93765f2801dcd89e3980bd48f5a75e9,0x28b14742190903b7e252445699379dbfcb829a66bad9773ff31389cee30e7ab5,223,222,v2,1238531081923341067,,1262901832123003279,0,3134766699091562,3134766699091562,0
1,2584,2026-08-03T02:12:59.000Z,25671302,0x60b27e0a2e9c9e38b9c7135c88ed1801556d86f1b0584cfcacaab973d0d6d68c,0xda869506860218759fd564218d031d9d89b3bac89449ad73c5f1bf6b61cbaf39,262,261,v2,1243768049955129254,,1262901832123003279,0,3134766699091562,3134766699091562,0
1,2585,2026-08-04T02:10:23.000Z,25678469,0x5cafc804b6952407535c711d33a768a39b8ebdb6ab51217e247f4a4419df5a96,0x3d14193d68b0ce409350f02161c68f7348d3f3356c0c6d47599b80f73743ce8e,350,349,v2,1235553997737997351,,1262901832123003279,0,3134766699091562,3134766699091562,0
1,2586,2026-08-05T02:00:11.000Z,25685599,0x8341484e661ef32b4f49e1123596f030845aed6c3efcc5c4fe3ce7a9c27d7237,0xb368c65fbef24c4642586441e18ed0145d55ecbd308360c6b5a67ab737760fcf,647,646,v2,1236374220665979249,,1262901832123003279,0,3134766699091562,3134766699091562,0
1,2587,2026-08-06T02:00:11.000Z,25692772,0x83166dfb236bab78995f3bd7f008ad71ec8a0a7414cd097a5426a3fcb2d29b18,0x224e68302dd5039e7ceda8a125c2c9776013da0791cab38f8630fd3dfb9b7fbd,393,392,v2,1241551611277934352,,1266229621824719946,0,3134766699091562,3134766699091562,0
1,2588,2026-08-07T02:00:11.000Z,25699960,0x6853107449a51617f45c405e34e661389ae8d394f30c8dcac0b6f91fa5830bbe,0xf93ef1450e6be44961b8792d03f10ba280141ca79e54e8d67de20457f89c24e4,844,843,v2,1264622490268267993,,1266229621824719946,0,3134766699091562,3134766699091562,0
1,2589,2026-08-08T02:00:11.000Z,25707128,0xb4b70869c786161ae5e3aff3ee62d62f97a7d9293005c8085df788fa85a72e62,0x0962145cf1f90b8697a0ed97e3f1ac03912f420edd96393e8cdafa084d63cbdc,111,110,v2,1267384256401242656,,1266229621824719946,0,3134766699091562,3134766699091562,0
1,2590,2026-08-09T02:00:11.000Z,25714290,0x3aa5fd9597d7b4feafeecb0e1ff2d946bfe876582abb01f9fb6c94c6dc17a0f7,0xa78dbf899d014bc5b5589a3953d4f4a3aba0a6de8f75d808418ac3388cfdcd08,895,894,v2,1274616965274313725,,1266229621824719946,0,3134766699091562,3134766699091562,0
1,2591,2026-08-10T02:00:11.000Z,25721465,0xc2e690155fe74e945cf4f0e4e3d4260e229ed0882da86194f7b03907eaf2fbd7,0xbe1185c3d2375da310038033b7c3d78cf6272a93362e30d62c48456e6773a011,412,411,v2,1273441023442007971,,1266229621824719946,0,3134766699091562,3134766699091562,0
1,2592,2026-08-11T02:00:11.000Z,25728633,0x7b6f6c8abba0c05877d112b36437ce96f83da925b1b72f96aa4fedb74420eb88,0x6ef78e86fb233003d3c61b487d8ea132821d3091218f96530d6503b546e8e0a6,1135,1134,v2,1232718861514572102,,1266229621824719946,0,3134766699091562,3134766699091562,0
1,2593,2026-08-12T02:10:11.000Z,25735846,0x1a1310d8d47473cdaa56908cb9e42beecb3467ca5d7a16660f096d9170a25792,0xec4b4b6f4c33de463c52abaf3ad0c48adf539136414ad93fc8700eef5baf8af1,16,15,v2,1157870022995582948,,1266229621824719946,-202172431327685,2932594267763877,3134766699091562,-6.449361331619142473
1,2594,2026-08-13T02:00:11.000Z,25742967,0xea60f18bd3bc6006dfa015bba2bb8dcac8282e9507dc9b01c5c8c7620317f659,0x1cb18e3e6a9bc0062d9c0825140c5e753678a71e5d67d00380143502ea60b024,749,748,v2,1219615209849083757,,1266229621824719946,0,2932594267763877,2932594267763877,0
1,2595,2026-08-14T02:10:11.000Z,25750195,0xfe646b15280d315cf6c1712acc50bfee6b40bbe843aecd190838e7804d06fecb,0x361aea19528a3179c1b3878a3b0d730cf0209dab0720d1bfb4b7253abad8b31b,577,576,v2,1227555912651314898,,1266229621824719946,0,2932594267763877,2932594267763877,0
1,2596,2026-08-15T02:00:11.000Z,25757316,0xde347e2f0a24647dfdb40c27cbf9df7670840f7a6d2caf7ca2ab31172214f06f,0xdfeda14f4dd64f1fa6e46ba2d54c029b1fca88b561ca366188c3c83f01349ee5,503,502,v2,1225181808807454827,,1266229621824719946,0,2932594267763877,2932594267763877,0
1,2597,2026-08-16T02:00:11.000Z,25764488,0xbb1d5839a0949daa0569c086d26f6eab570db5de785fd506ef76cb6e7c90db39,0xb3906ecd9b188218db9d913468b38410978419400cd97753580ccef4ec7215e0,585,584,v2,1225105157090335766,,1266229621824719946,0,2932594267763877,2932594267763877,0
1,2598,2026-08-17T02:00:11.000Z,25771671,0xf0715c8b0c877939139fd703781b1cb1d4501d71f37a68cd90f80f3d245b0ea8,0x5bdd2156e7d2cdebbd3d4e23425fc3af1597058683b26f8e07b34b63d88d8699,250,249,v2,1225480721054587849,,1266229621824719946,0,2932594267763877,2932594267763877,0
1,2599,2026-08-18T02:00:11.000Z,25778848,0xe1a00accca92180d5f9466160ee4417fbd0c5942647905d0ef69b9d82f06d779,0xcb5e698f19a1079b5c8c1bd6cb2743ee6db6734b332b08b6535807c9e7bbf785,552,551,v2,1242125008981487199,,1266229621824719946,0,2932594267763877,2932594267763877,0
1,2600,2026-08-19T02:10:23.000Z,25786075,0x309d9df6d863a615600d74a3418ccd92b151b3fea7fb665fc5dbcdbd29a21927,0x5fa154bf9cb621c9925f286d36818d2368334c73385ca9b2d07accf0f02ea494,855,854,v2,1248781200631310841,,1266229621824719946,0,2932594267763877,2932594267763877,0
1,2601,2026-08-20T02:00:11.000Z,25793201,0x188689eda3b86a10beedc2b3f0f09544fe4601c1ea2a5b3567711ef85daa46cf,0xd7487dd3df0b4a9e89e4d08701381e0609dc21146d1b5937f7405f5c145952ea,649,648,v2,1389018019556570449,,1266229621824719946,85918668738095,3018512936501972,2932594267763877,2.92978369638595001
1,2602,2026-08-21T02:00:11.000Z,25800380,0xce81dc4361a3b92717e4c8b7cc2b675261d2fb58a8169b7b59e4a16eba97b4a2,0xadce439e4c49bd4cab22850f81377b88696123829f1809f095e2161061e5fad3,50,49,v2,1467676229248838482,,1266229621824719946,120482032729916,3138994969231888,3018512936501972,3.99143668635515516
1,2603,2026-08-22T02:00:11.000Z,25807555,0xc96215058e5862cade9fd120ac50dad1f8ca1dfdb39c6d763cc7ef4c86d25d0d,0x9dba862e58d469c28eb833dfad834f81b4cc841ed7b1c0e0503dd9ca9e667b53,149,148,v2,1497568748495389711,,1266229621824719946,133414970185548,3272409939417436,3138994969231888,4.250244791510278854
1,2604,2026-08-23T02:00:11.000Z,25814727,0x53c782d04e8c36efb0bce5eb761d9e5383f6b3a10fdfdee6cf29c96a31684378,0x369bc7ced6f12ec183f37134c6766edfae16bf09771ef6e0fc3335988618b428,125,124,v2,1489663949339883927,,1266229621824719946,137045156652500,3409455096069936,3272409939417436,4.187896968583868196
1,2605,2026-08-24T02:00:11.000Z,25821904,0x4a1caca0c42d418ad9a53ab1320ea578a613e74eeb61bff8f3115371e6330268,0x55e869764ddfac0a8eaa2b6aef713015d8b4e4efa6a0d1de316a9a040b2e405a,491,490,v2,1410178305879269677,,1266229621824719946,111248216157724,3520703312227660,3409455096069936,3.262932434158154273
1,2606,2026-08-25T02:00:11.000Z,25829081,0x6c5dcb7ba695bf17820a3e0d3a8cbe8448bad54fa19c73926941e4ec35e6bf08,0x5e96cf79483484fae235e7fa6530a73829fac7e5e8992b6dee344cd5f60ef64d,257,256,v2,1389639680601613543,,1266229621824719946,103148991639766,3623852303867426,3520703312227660,2.929783696385946832
1,2607,2026-08-26T02:00:23.000Z,25836257,0x78d613672156d4eac15eeb0f47581b1ad304f0f870f47c8c8c382120a235d5c9,0x2220f01a62b93f7f92ded96b893aa08abe8b20dfaafd0a6f715c9785941ab6b4,422,421,v2,1330283971674818825,,1266229621824719946,60397538397790,3684249842265216,3623852303867426,1.666666666666654708
1,2608,2026-08-27T02:00:11.000Z,25843428,0xe1e25dc925ae581e0b0cc494a34e849add244465d57f1a739ffe73081447e914,0xc044f7cdefcc25ae6bc9781ab5a39478aacec8307eb5c7ef187705881ee684d8,409,408,v2,1299927853985555619,,1266229621824719946,0,3684249842265216,3684249842265216,0
1,2609,2026-08-28T02:10:35.000Z,25850661,0x547a7f2d49d96369b0db820ac07657ef7b5913d0000e09c03da2c83eb5407569,0x33c400d1844e8eb46791a6ea24251e7388efa10b5666b3360b02552fe8c2af6f,950,949,v2,1313733030319413661,,1266229621824719946,0,3684249842265216,3684249842265216,0
